,title,vote_date,vote_result
0,Nomination of Madeleine K. Albright to be Secretary of State,"January 22, 1997,  02:17 PM",Nomination Confirmed (99-0)
1,Nomination of Madeleine K. Albright to be Secretary of State,"January 22, 1997,  02:17 PM",Nomination Confirmed (99-0)
2,Nomination of William S. Cohen to be Secretary of Defense,"January 22, 1997,  03:28 PM",Nomination Confirmed (99-0)
3,Nomination of Andrew M. Cuomo to be Secretary of H.U.D,"January 29, 1997,  10:01 AM",Nomination Confirmed (99-0)
4,"NOMINATION, WILLIAM M. DALEY TO BE SECRETARY OF COMMERCE","January 30, 1997,  10:00 AM",Nomination Confirmed (95-2)
5,s.res.47,"February 4, 1997,  04:59 PM",Resolution Agreed to (98-0)
6,nomination - Rodney E. Slater to be Secretary of Transportation,"February 6, 1997,  03:01 PM",Nomination Confirmed (98-0)
7,motion to table the Durbin amdt (SP 2) to s.j.res.1,"February 10, 1997,  05:28 PM",Motion to Table Agreed to (64-35)
8,Motion to Table Wellstone Amendment no.3,"February 11, 1997,  03:13 PM",Motion to Table Agreed to (64-36)
9,Nomination of Bill Richardson To be Ambassador to the U.N.,"February 11, 1997,  04:29 PM",Nomination Confirmed (100-0)
10,motion to table dodd amdt no. 4,"February 12, 1997,  05:27 PM",Motion to Table Agreed to (64-36)
11,s.res.55,"February 13, 1997,  03:11 PM",Resolution Agreed to (83-15)
12,motion to table byrd amdt no 6,"February 24, 1997,  05:29 PM",Motion to Table Agreed to (61-34)
13,h.j.res.36,"February 25, 1997,  02:15 PM",Joint Resolution Passed (53-46)
14,motion to table reid amendment no. 8,"February 25, 1997,  06:00 PM",Motion to Table Agreed to (55-44)
15,motion to table feinstein amdt no 11,"February 26, 1997,  11:01 AM",Motion to Table Agreed to (67-33)
16,torricelli amdt no. 15,"February 26, 1997,  02:28 PM",Amendment Rejected (37-63)
17,motion to table dorgan amdt no 17,"February 26, 1997,  05:02 PM",Motion to Table Agreed to (59-41)
18,motion to table boxer amdt no 16,"February 26, 1997,  05:52 PM",Motion to Table Agreed to (60-40)
19,motion to table graham amendment no. 7,"February 27, 1997,  12:35 PM",Motion to Table Agreed to (59-39)
20,motion to table kennedy amendment no. 10,"February 27, 1997,  04:28 PM",Motion to Table Agreed to (61-39)
21,motion to table feingold amendment no. 13,"February 27, 1997,  04:54 PM",Motion to Table Agreed to (69-31)
22,motion to table feingold amendment no. 14,"February 27, 1997,  05:09 PM",Motion to Table Agreed to (60-40)
23,motion to table the bumpers motion to refer,"February 27, 1997,  06:10 PM",Motion to Table Agreed to (65-34)
24,s.j.res.1,"March 4, 1997,  05:14 PM","Joint Resolution Defeated (66-34, 2/3 majority required)"
25,motion to table hollings amendment no. 19,"March 5, 1997,  05:23 PM",Motion to Table Agreed to (84-16)
26,s.j.res.5,"March 5, 1997,  05:48 PM",Joint Resolution Passed (98-2)
27,nomination of charlene barshefsky to be U.S. trade representative,"March 5, 1997,  06:07 PM",Nomination Confirmed (99-1)
28,lott amendment no. 23,"March 11, 1997,  03:56 PM",Amendment Agreed to (99-0)
29,s.res.39 as amended,"March 11, 1997,  06:29 PM",Resolution Agreed to (99-0)
30,nomination of Federico pena to be secretary of energy,"March 12, 1997,  12:49 PM",Nomination Confirmed (99-1)
31,s.j.res.18,"March 18, 1997,  02:45 PM","Joint Resolution Defeated (38-61, 2/3 majority required)"
32,s.j.res.22,"March 19, 1997,  11:37 AM",Joint Resolution Passed (55-44)
33,motion to table s.j.res.23,"March 19, 1997,  12:04 PM",Motion to Table Agreed to (58-41)
34,merrick b. garland for u.s. circuit judge for the district of columbi,"March 19, 1997,  05:45 PM",Nomination Confirmed (76-23)
35,Coverdell amdt. no. 35,"March 20, 1997,  03:00 PM",Amendment Agreed to (94-5)
36,"motion to table reid amendment no. 28, as modified","April 10, 1997,  11:41 AM",Motion to Table Agreed to (72-24)
37,frist amendment no. 37,"April 10, 1997,  05:18 PM",Amendment Agreed to (60-33)
38,bumpers amendment no. 33,"April 10, 1997,  06:31 PM",Amendment Rejected (24-69)
39,bingaman amendment no.41,"April 10, 1997,  06:57 PM",Amendment Rejected (36-56)
40,motion to table bingaman amdt no.31,"April 15, 1997,  09:08 AM",Motion to Table Agreed to (59-39)
41,murkowski amdt no.43,"April 15, 1997,  09:41 AM",Amendment Agreed to (66-32)
42,"s.104, as amended","April 15, 1997,  10:09 AM",Bill Passed (65-34)
43,"s.522, as amended","April 15, 1997,  04:02 PM",Bill Passed (97-0)
44,h.r.1003,"April 16, 1997,  03:54 PM",Bill Passed (99-0)
45,s.495 as modified,"April 17, 1997,  04:33 PM",Bill Passed (53-44)
46,biden amendment no. 47,"April 24, 1997,  03:57 PM",Amendment Agreed to (71-29)
47,biden amendment no.48,"April 24, 1997,  05:19 PM",Amendment Agreed to (66-34)
48,biden amendment no. 49,"April 24, 1997,  07:24 PM",Amendment Agreed to (66-34)
49,biden amendment no. 50,"April 24, 1997,  07:46 PM",Amendment Agreed to (56-44)
50,biden amendment no. 51,"April 24, 1997,  09:18 PM",Amendment Agreed to (66-34)
51,Resolution of ratification-chemical weapons convention,"April 24, 1997,  10:24 PM","Resolution of Ratification Agreed to (74-26, 2/3 majority required)"
52,Motion to invoke cloture on the motion to proceed to S. 543,"April 29, 1997,  02:16 PM","Cloture Motion Rejected (53-46, 3/5 majority required)"
53,cloture motion on the motion to proceed to s.543,"April 30, 1997,  11:17 AM","Cloture Motion Rejected (55-44, 3/5 majority required)"
54,nomination of Alexis M. Hermin to be secretary of labor,"April 30, 1997,  05:00 PM",Nomination Confirmed (85-13)
55,s. 543 as amended,"May 1, 1997,  02:06 PM",Bill Passed (99-1)
56,Grams amendment no. 54,"May 6, 1997,  02:20 PM",Amendment Agreed to (98-0)
57,motion to invoke cloture on s.672,"May 7, 1997,  10:00 AM","Cloture Motion Agreed to (100-0, 3/5 majority required)"
58,d'amato amdt no. 145,"May 7, 1997,  02:15 PM",Amendment Agreed to (89-11)
59,motion to table bumpers amdt no. 64,"May 7, 1997,  02:46 PM",Motion to Table Agreed to (51-49)
60,motion to table warner amendment no.66,"May 8, 1997,  11:30 AM",Motion to Table Agreed to (54-46)
61,motion to table byrd amendment no. 59,"May 8, 1997,  02:58 PM",Motion to Table Agreed to (55-45)
62,motion to table gramm amendment no.118,"May 8, 1997,  04:59 PM",Motion to Table Agreed to (62-38)
63,shall the bill s.672 be read a third time?,"May 8, 1997,  05:42 PM",Motion Agreed to (78-22)
64,motion to table gorton amendment no. 243,"May 14, 1997,  09:41 AM",Motion to Table Agreed to (51-48)
65,motion to table smith amendment no. 245,"May 14, 1997,  10:13 AM",Motion to Table Agreed to (68-31)
66,Final Passage,"May 14, 1997,  10:37 AM",Bill Passed (98-1)
67,"resolution of ratification,-Flank Document agreement to CFC treaty","May 14, 1997,  06:37 PM","Resolution of Ratification Agreed to (100-0, 2/3 majority required)"
68,motion to invoke cloture on Committee amendment to s.4,"May 15, 1997,  10:09 AM","Cloture Motion Rejected (53-47, 3/5 majority required)"
69,Feinstein amdt no. 288,"May 15, 1997,  02:01 PM",Amendment Rejected (28-72)
70,daschle amdt no. 289,"May 15, 1997,  07:01 PM",Amendment Rejected (36-64)
71,"h.r.1122, as amended","May 20, 1997,  02:15 PM",Bill Passed (64-36)
72,motion to table dodd amendment no. 296 (as modified),"May 20, 1997,  06:28 PM",Motion to Table Agreed to (61-39)
73,motion to table allard amendment no. 292,"May 20, 1997,  07:53 PM",Motion to Table Agreed to (70-29)
74,hollings amendment no. 295,"May 20, 1997,  08:17 PM",Amendment Rejected (8-91)
75,"domenici amdt no. 307, as modified","May 21, 1997,  03:54 PM",Amendment Agreed to (98-2)
76,Motion to table Hatch Amdt. No. 297,"May 21, 1997,  04:24 PM",Motion to Table Agreed to (55-45)
77,motion to table gramm amendment no. 318,"May 21, 1997,  06:30 PM",Motion to Table Agreed to (68-31)
78,Mack amdt. no. 315,"May 21, 1997,  09:43 PM",Amendment Agreed to (98-0)
79,motion to table moseley-braun amendment no. 336,"May 22, 1997,  11:00 AM",Motion to Table Agreed to (56-43)
80,motion to table warner amendment no.311,"May 22, 1997,  01:00 PM",Motion to Table Agreed to (51-49)
81,motion to table bumpers amendment no. 331,"May 22, 1997,  07:14 PM",Motion to Table Agreed to (73-26)
82,motion to table bumpers amendment no. 330,"May 22, 1997,  07:41 PM",Motion to Table Agreed to (81-18)
83,motion to waive CBA re: ashcroft amendment no. 322,"May 22, 1997,  08:00 PM","Motion Rejected (41-58, 3/5 majority required)"
84,gramm amendment no. 320 as modified,"May 22, 1997,  08:19 PM",Amendment Agreed to (83-16)
85,motion to table inhofe amendment no. 301,"May 22, 1997,  08:37 PM",Motion to Table Agreed to (52-47)
86,mccain amdt no. 326,"May 23, 1997,  09:42 AM",Amendment Agreed to (84-15)
87,motion to waive CBA re: S.Con.Res. 27,"May 23, 1997,  10:17 AM","Motion Agreed to (66-33, 3/5 majority required)"
88,abraham amdt no. 316,"May 23, 1997,  10:35 AM",Amendment Agreed to (56-44)
89,coverdell amdt no. 357,"May 23, 1997,  10:58 AM",Amendment Agreed to (51-49)
90,motion to table grams amdt no. 346,"May 23, 1997,  11:16 AM",Motion to Table Agreed to (73-27)
91,motion to table specter amendment no. 340,"May 23, 1997,  11:50 AM",Motion to Table Agreed to (63-37)
92,"H.Con.Res. 84, as amended","May 23, 1997,  12:08 PM",Concurrent Resolution Agreed to (78-22)
93,motion to invoke cloture on modified committee substitute amdt to s.4,"June 4, 1997,  04:01 PM","Cloture Motion Rejected (51-47, 3/5 majority required)"
94,motion to adjourn,"June 4, 1997,  04:30 PM",Motion to Adjourn Agreed to (53-44)
95,conference report to accompany h.r.1469,"June 5, 1997,  06:00 PM",Conference Report Agreed to (67-31)
96,conference report to accompany h.con.res.84,"June 5, 1997,  06:25 PM",Conference Report Agreed to (76-22)
97,motion to adjourn,"June 5, 1997,  07:09 PM",Motion to Adjourn Agreed to (51-45)
98,motion to adjourn,"June 10, 1997,  04:17 PM",Motion to Adjourn Agreed to (55-37)
99,motion to adjourn,"June 11, 1997,  06:10 PM",Motion to Adjourn Agreed to (55-44)
100,h.r.1871,"June 12, 1997,  04:40 PM",Bill Passed (78-21)
101,dewine amendment no. 383 as modified,"June 17, 1997,  12:02 PM",Amendment Agreed to (98-0)
102,lugar amendment no. 382,"June 17, 1997,  12:31 PM",Amendment Rejected (25-73)
103,bennett amendment no. 392,"June 17, 1997,  03:02 PM",Amendment Agreed to (96-0)
104,feingold amendment no. 395,"June 17, 1997,  04:30 PM",Amendment Rejected (21-74)
105,h.r.1757 as amended,"June 17, 1997,  06:35 PM",Bill Passed (90-5)
106,"s. 923, as amended","June 18, 1997,  05:31 PM",Bill Passed (98-0)
107,wellstone amendment no. 415,"June 19, 1997,  02:45 PM",Amendment Agreed to (99-0)
108,torricelli amendment no. 416,"June 19, 1997,  03:17 PM",Amendment Rejected (43-56)
109,s.858 as amended,"June 19, 1997,  03:34 PM",Bill Passed (98-1)
110,feinstein amendment no. 419,"June 19, 1997,  07:14 PM",Amendment Agreed to (94-0)
111,motion to table kennedy amdt no 429,"June 24, 1997,  10:59 AM",Motion to Table Agreed to (59-41)
112,"motion to waive C.B.A. re: sect. 5611 of S. 947, Durbin pt of order","June 24, 1997,  03:51 PM","Motion Agreed to (62-38, 3/5 majority required)"
113,motion to table kennedy amdt no. 440 (Division I),"June 24, 1997,  05:58 PM",Motion to Table Agreed to (70-30)
114,motion to waive CBA re: Kennedy amdt no. 440 (Division II),"June 24, 1997,  06:42 PM","Motion Rejected (37-63, 3/5 majority required)"
115,Motion to waive CBA; Re: Reedamdt. no. 445,"June 25, 1997,  09:43 AM","Motion Rejected (25-75, 3/5 majority required)"
116,Motion to waive the CBA,"June 25, 1997,  10:12 AM","Motion Rejected (48-52, 3/5 majority required)"
117,motion to waive cba Re: d'amato amendment no. 451,"June 25, 1997,  10:31 AM","Motion Rejected (46-54, 3/5 majority required)"
118,motion to waive cba Re: dodd amendment no. 479,"June 25, 1997,  11:12 AM","Motion Rejected (49-51, 3/5 majority required)"
119,motion to waive cba Re: levin amendment no. 482,"June 25, 1997,  11:39 AM","Motion Rejected (55-45, 3/5 majority required)"
120,motion to waive cba Re: kyl amendment no. 468,"June 25, 1997,  12:01 PM","Motion Agreed to (64-35, 3/5 majority required)"
121,motion to waive cba Re: specter amendment no. 469,"June 25, 1997,  12:55 PM","Motion Rejected (52-48, 3/5 majority required)"
122,motion to waive cba Re:rockefeller pt. of order re: section 5001,"June 25, 1997,  01:20 PM","Motion Agreed to (62-37, 3/5 majority required)"
123,motion to table specter amendment no. 471,"June 25, 1997,  01:42 PM",Motion to Table Agreed to (71-29)
124,motion to table mikulski amendment no. 489,"June 25, 1997,  01:59 PM",Motion to Table Agreed to (66-34)
125,motion to waive cba Re: wellstone amendment no. 488,"June 25, 1997,  02:17 PM","Motion Rejected (38-61, 3/5 majority required)"
126,motion to waive cba Re: kennedy amendment no. 490,"June 25, 1997,  02:36 PM","Motion Rejected (43-57, 3/5 majority required)"
127,motion to waive cba Re: kennedy amendment no. 504,"June 25, 1997,  04:12 PM","Motion Rejected (38-62, 3/5 majority required)"
128,motion to table Kennedy amendment no. 492,"June 25, 1997,  04:42 PM",Motion to Table Agreed to (57-43)
129,"kerrey amendment no. 496, as modified","June 25, 1997,  05:02 PM",Amendment Rejected (39-61)
130,s.947,"June 25, 1997,  05:26 PM",Bill Passed (73-27)
131,motion to waive CBA re: Bumpers amdt no. 518,"June 26, 1997,  09:57 AM","Motion Rejected (36-63, 3/5 majority required)"
132,dorgan amdt no 517,"June 26, 1997,  10:45 AM",Amendment Rejected (24-75)
133,motion to waive CBA re: Dorgan motion to refer,"June 26, 1997,  11:26 AM","Motion Rejected (34-64, 3/5 majority required)"
134,daschle amdt no. 527,"June 26, 1997,  04:18 PM",Amendment Rejected (38-61)
135,motion to waive re: roth amdt no. 520,"June 26, 1997,  05:06 PM","Motion Agreed to (80-19, 3/5 majority required)"
136,motion to waive CBA re: Byrd no. 540,"June 26, 1997,  07:03 PM","Motion Rejected (12-86, 3/5 majority required)"
137,motion to waive CBA re: Durbin amdt no. 519,"June 26, 1997,  08:40 PM","Motion Rejected (41-58, 3/5 majority required)"
138,"nickles amendment no. 551, as modified","June 27, 1997,  09:10 AM",Amendment Agreed to (98-0)
139,gramm amendment no. 552,"June 27, 1997,  09:37 AM",Amendment Rejected (46-54)
140,motion to waive cba Re: kerry amendment no. 554,"June 27, 1997,  09:55 AM","Motion Rejected (39-60, 3/5 majority required)"
141,domenici amendment no. 537 as amended,"June 27, 1997,  10:10 AM",Amendment Agreed to (98-2)
142,motion to waive cba Re: gramm amendment no. 566,"June 27, 1997,  10:27 AM","Motion Rejected (37-63, 3/5 majority required)"
143,motion to waive cba Re: bumpers amendment no. 568,"June 27, 1997,  10:44 AM","Motion Rejected (48-52, 3/5 majority required)"
144,motion to waive cba Re: craig amendment no. 569,"June 27, 1997,  11:02 AM","Motion Rejected (42-58, 3/5 majority required)"
145,motion to waive cba Re: brownback amendment no. 570,"June 27, 1997,  11:20 AM","Motion Rejected (57-43, 3/5 majority required)"
146,motion to waive cba Re: frist amendment no. 571,"June 27, 1997,  11:37 AM","Motion Rejected (59-41, 3/5 majority required)"
147,motion to waive abraham amendment no. 538,"June 27, 1997,  11:57 AM","Motion Rejected (53-47, 3/5 majority required)"
148,byrd amendment no. 572,"June 27, 1997,  12:20 PM",Amendment Agreed to (92-8)
149,motion to waive cba Re: kennedy amendment no. 573,"June 27, 1997,  12:40 PM","Motion Rejected (30-70, 3/5 majority required)"
150,coverdell amendment no. 574,"June 27, 1997,  12:57 PM",Amendment Agreed to (59-41)
151,bingaman amendment no. 541,"June 27, 1997,  01:16 PM",Amendment Rejected (33-67)
152,motion to waive cba Re: kohl amendment no. 575,"June 27, 1997,  01:33 PM","Motion Agreed to (72-28, 3/5 majority required)"
153,motion to waive cba Re: jeffords amendment no. 555,"June 27, 1997,  01:54 PM","Motion Rejected (57-42, 3/5 majority required)"
154,motion to waive cba Re: harkin amendment no. 579,"June 27, 1997,  02:17 PM","Motion Rejected (51-48, 3/5 majority required)"
155,mccain amendment no. 548,"June 27, 1997,  02:39 PM",Amendment Rejected (30-69)
156,motion to waive cba Re: landrieu amendment no. 532,"June 27, 1997,  02:58 PM","Motion Rejected (39-59, 3/5 majority required)"
157,motion to waive cba Re: Section 702 of S. 949,"June 27, 1997,  03:16 PM","Motion Agreed to (77-21, 3/5 majority required)"
158,motion to waive cba Re: Feingold amendment no. 582,"June 27, 1997,  03:34 PM","Motion Rejected (37-61, 3/5 majority required)"
159,allard amendment no. 577,"June 27, 1997,  03:52 PM",Amendment Rejected (41-57)
160,h.r.2014,"June 27, 1997,  04:08 PM",Bill Passed (80-18)
161,cloture motion re: s.936 d.o.d. authorization,"July 8, 1997,  03:02 PM","Cloture Motion Rejected (46-45, 3/5 majority required)"
162,motion to table wellstone amdt no. 670,"July 9, 1997,  06:02 PM",Motion to Table Agreed to (65-33)
163,gorton amdt no. 424,"July 9, 1997,  06:35 PM",Amendment Rejected (46-53)
164,dodd amdt no.,"July 9, 1997,  06:51 PM",Amendment Agreed to (98-0)
165,dorgan amdt no. 771,"July 9, 1997,  07:21 PM",Amendment Agreed to (66-33)
166,grams amendment no. 422,"July 10, 1997,  11:07 AM",Amendment Agreed to (72-27)
167,murray amendment no. 593,"July 10, 1997,  02:09 PM",Amendment Rejected (48-51)
168,motion to table wellstone amendment no. 668,"July 10, 1997,  06:05 PM",Motion to Table Agreed to (58-41)
169,gramm amendment no. 794 as modified,"July 10, 1997,  06:32 PM",Amendment Agreed to (62-37)
170,motion to table boxer amendment no. 636,"July 10, 1997,  07:01 PM",Motion to Table Agreed to (83-16)
171,bingaman amdt no 799 as modified,"July 11, 1997,  09:55 AM",Amendment Rejected (43-56)
172,feingold amdt no. 677,"July 11, 1997,  10:26 AM",Amendment Rejected (19-79)
173,"s.936, as amended","July 11, 1997,  01:27 PM",Bill Passed (94-4)
174,"cloture motion re: nomination of Joel I. Klein, asst. attorney genera","July 14, 1997,  05:59 PM","Cloture Motion Agreed to (78-11, 3/5 majority required)"
175,harkin amdt no. 848,"July 15, 1997,  12:04 PM",Amendment Rejected (15-83)
176,s.1005 as amended,"July 15, 1997,  02:15 PM",Bill Passed (94-4)
177,motion to table feingold amdt no. 868,"July 15, 1997,  06:16 PM",Motion to Table Agreed to (56-42)
178,"smith, of or amendment no. 889","July 16, 1997,  02:01 PM",Amendment Agreed to (95-4)
179,s.1004 as amended,"July 16, 1997,  02:35 PM",Bill Passed (99-0)
180,mcconnell amendment no. 886 as modified,"July 16, 1997,  06:20 PM",Amendment Agreed to (99-0)
181,allard amendment no. 891,"July 16, 1997,  06:45 PM",Amendment Rejected (35-64)
182,dodd amendment no. 901,"July 16, 1997,  07:10 PM",Amendment Rejected (38-60)
183,bingaman amdt no. 896,"July 17, 1997,  10:00 AM",Amendment Rejected (38-61)
184,hutchinson amdt no. 890,"July 17, 1997,  10:30 AM",Amendment Rejected (22-77)
185,"s.955, as amended","July 17, 1997,  10:48 AM",Bill Passed (91-8)
186,feinstein amdt no. 927,"July 17, 1997,  03:23 PM",Amendment Agreed to (83-17)
187,"nomination: joel klein, to be an assistant attorney general","July 17, 1997,  06:29 PM",Nomination Confirmed (88-12)
188,"nomination: eric h. holder, jr. to be deputy attorney general1652","July 17, 1997,  06:52 PM",Nomination Confirmed (100-0)
189,motion to table bingaman amendment no. 937,"July 22, 1997,  09:59 AM",Motion to Table Failed (35-64)
190,dewine amendment no. 936,"July 22, 1997,  10:28 AM",Amendment Agreed to (54-45)
191,s.1023 as amended,"July 22, 1997,  10:47 AM",Bill Passed (99-0)
192,h.r.2016 as amended,"July 22, 1997,  02:42 PM",Bill Passed (98-2)
193,motion to table bumpers amendment no. 944,"July 22, 1997,  05:38 PM",Motion to Table Agreed to (69-31)
194,h.r.2158 as amended,"July 22, 1997,  06:33 PM",Bill Passed (99-1)
195,s.res.109,"July 23, 1997,  04:00 PM",Resolution Agreed to (81-19)
196,motion to table durbin amdt no. 965,"July 23, 1997,  04:31 PM",Motion to Table Agreed to (53-47)
197,motion to table helms amdt no. 969 as modified,"July 23, 1997,  05:21 PM",Motion to Table Agreed to (76-24)
198,motion to table harkin amdt. no. 968,"July 23, 1997,  06:35 PM",Motion to Table Agreed to (52-48)
199,motion to table bryan amdt no. 970,"July 23, 1997,  06:57 PM",Motion to Table Agreed to (59-40)
200,motion to table wellstone amendment no. 972,"July 24, 1997,  10:02 AM",Motion to Table Agreed to (54-45)
201,s.1033 as amended,"July 24, 1997,  10:30 AM",Bill Passed (99-0)
202,brownback amendment no. 980,"July 24, 1997,  02:00 PM",Amendment Rejected (42-57)
203,motion to table lugar amendment no. 984,"July 24, 1997,  04:15 PM",Motion to Table Failed (27-72)
204,feinstein amendment no. 986,"July 24, 1997,  07:45 PM",Amendment Rejected (45-55)
205,s.res.98,"July 25, 1997,  11:37 AM",Resolution Agreed to (95-0)
206,"s.1022, as amended","July 29, 1997,  03:36 PM",Bill Passed (99-0)
207,s.39 as amended,"July 30, 1997,  11:02 AM",Bill Passed (99-0)
208,h.r.2169 as amended,"July 30, 1997,  11:28 AM",Bill Passed (98-1)
209,conference report h.r.2015,"July 31, 1997,  10:19 AM",Conference Report Agreed to (85-15)
210,motion to waive all points of order re: conference report h.r.2014,"July 31, 1997,  04:46 PM","Motion Agreed to (78-22, 3/5 majority required)"
211,conference report h.r.2014,"July 31, 1997,  06:01 PM",Conference Report Agreed to (92-8)
212,motion to table harkin amdt no. 1057,"September 3, 1997,  09:58 AM",Motion to Table Failed (28-70)
213,kyl amdt no. 1056,"September 3, 1997,  05:06 PM",Amendment Rejected (25-74)
214,wellstone amdt no. 1074 as modified,"September 3, 1997,  07:00 PM",Amendment Agreed to (95-3)
215,coats amendment no. 1077,"September 4, 1997,  12:01 PM",Amendment Rejected (38-60)
216,d'amato amendment no. 1079 as modified,"September 4, 1997,  04:35 PM",Amendment Agreed to (97-0)
217,motion to table kennedy amendment no. 1082,"September 4, 1997,  06:14 PM",Motion to Table Agreed to (56-42)
218,nomination-henry harold kennedy to be u.s. district judge for D.C.,"September 4, 1997,  08:47 PM",Nomination Confirmed (96-0)
219,nomination-frank m. hull to be u.s. cirucuit judge for the 11th cir.,"September 4, 1997,  09:14 PM",Nomination Confirmed (96-0)
220,motion to invoke cloture on motion to proceed to consider s.830,"September 5, 1997,  09:51 AM","Cloture Motion Agreed to (89-5, 3/5 majority required)"
221,reed amendment no. 1096,"September 8, 1997,  05:00 PM",Amendment Agreed to (84-4)
222,s.res.120,"September 9, 1997,  02:17 PM",Resolution Agreed to (98-0)
223,mccain motion to waive budget act re: amdt no. 1091,"September 9, 1997,  06:01 PM","Motion Rejected (45-54, 3/5 majority required)"
224,motion to table sessions amdt. no 1125 as further modified,"September 10, 1997,  11:07 AM",Motion to Table Failed (48-49)
225,motion to table wellstone amendment no. 1126,"September 10, 1997,  01:04 PM",Motion to Table Failed (48-50)
226,durbin amendment no. 1127,"September 10, 1997,  01:29 PM",Amendment Agreed to (97-1)
227,durbin amendment no.1078 as amended,"September 10, 1997,  01:51 PM",Amendment Agreed to (95-3)
228,murray amendment no. 1118,"September 10, 1997,  05:04 PM",Amendment Agreed to (98-1)
229,"Motion to waive CBA, re:wellstone amdt. no. 1087","September 10, 1997,  05:32 PM","Motion Rejected (27-72, 3/5 majority required)"
230,coverdell amendment no. 1098,"September 10, 1997,  05:49 PM",Amendment Agreed to (91-8)
231,daschle amendment no. 1116 as modified,"September 10, 1997,  06:21 PM",Amendment Agreed to (96-3)
232,"Motion to table Gorton amdt. no. 1122, as modified","September 11, 1997,  10:06 AM",Motion to Table Failed (49-51)
233,"NICKLES AMDT NO. 1081, AS AMENDED","September 11, 1997,  10:35 AM",Amendment Agreed to (58-42)
234,"GREGG AMDT NO. 1070, AS MODIFIED","September 11, 1997,  10:52 AM",Amendment Agreed to (87-13)
235,"s.1061, as amended","September 11, 1997,  11:12 AM",Bill Passed (92-8)
236,nomination of joseph bataillon to be u.s. district judge,"September 11, 1997,  02:02 PM",Nomination Confirmed (100-0)
237,nomination Christopher Droney to be U.S. District Judge,"September 11, 1997,  02:31 PM",Nomination Confirmed (100-0)
238,nomination Janet C. Hall to be U.S. District Judge,"September 11, 1997,  02:48 PM",Nomination Confirmed (98-1)
239,motion to invoke cloture on committee substitute to s.830,"September 16, 1997,  12:19 PM","Cloture Motion Agreed to (94-4, 3/5 majority required)"
240,conference report to accompany h.r.2016,"September 17, 1997,  11:05 AM",Conference Report Agreed to (97-3)
241,ashcroft amdt no. 1188,"September 17, 1997,  04:55 PM",Amendment Rejected (23-77)
242,bryan amdt no. 1205,"September 17, 1997,  05:24 PM",Amendment Rejected (49-51)
243,motion to reconsider vote by which amdt no 1205 was not agreed to,"September 17, 1997,  05:47 PM",Motion to Reconsider Rejected (49-51)
244,ABRAHAM AMDT NO. 1206,"September 17, 1997,  07:29 PM",Amendment Rejected (26-73)
245,HUTCHINSON AMDT NO. 1187,"September 17, 1997,  08:05 PM",Amendment Rejected (36-63)
246,hutchison amendment no. 1186,"September 18, 1997,  09:39 AM",Amendment Rejected (39-61)
247,motion to table hutchinson amendment no. 1196 as modified,"September 18, 1997,  12:14 PM",Motion to Table Agreed to (57-42)
248,kyl amendment no. 1223,"September 18, 1997,  04:21 PM",Amendment Rejected (34-64)
249,does the bumpers amdt. no. 1224 violate the constitution?,"September 18, 1997,  06:55 PM",Point of Order Sustained (59-39)
250,murkowski amendment no. 1245,"September 18, 1997,  09:24 PM",Amendment Agreed to (81-14)
251,h.r.2107 as amended,"September 18, 1997,  09:52 PM",Bill Passed (93-3)
252,durbin amendment no. 1140,"September 23, 1997,  09:37 AM",Amendment Rejected (40-59)
253,durbin amendment no. 1139,"September 23, 1997,  10:10 AM",Amendment Rejected (39-61)
254,motion to table reed (ri) amdt no. 1177,"September 23, 1997,  02:58 PM",Motion to Table Agreed to (65-35)
255,modified committee substitute no. 1130 as modified,"September 23, 1997,  04:02 PM",Amendment Agreed to (98-2)
256,s.830 as amended,"September 24, 1997,  03:52 PM",Bill Passed (98-2)
257,h.r.2209 conference report,"September 24, 1997,  06:01 PM",Conference Report Agreed to (90-10)
258,h.r.2266 conference report,"September 25, 1997,  06:01 PM",Conference Report Agreed to (93-5)
259,NOMINATION KATHERINE HAYDEN: RE: U.S. DISTRICT JUDGE FOR N.J.,"September 25, 1997,  06:22 PM",Nomination Confirmed (97-0)
260,Motion to invoke cloture - Coats Amdt. No. 1249,"September 30, 1997,  11:02 AM","Cloture Motion Rejected (58-41, 3/5 majority required)"
261,h.j.res.94,"September 30, 1997,  02:15 PM",Joint Resolution Passed (99-0)
262,conference report on h.r.2203,"September 30, 1997,  05:26 PM",Conference Report Agreed to (99-0)
263,"byrd amendments no. sp1267, sp1268, sp1269 en bloc","September 30, 1997,  05:55 PM",Amendment Agreed to (69-27)
264,h.r.2378 conference report,"October 1, 1997,  10:55 AM",Conference Report Agreed to (55-45)
265,motion to table mack amdt no. 1253 as modified,"October 1, 1997,  12:36 PM",Motion to Table Failed (2-97)
266,motion to invoke cloture re: lott amdt no. 1258 to s.25,"October 7, 1997,  02:22 PM","Cloture Motion Rejected (52-48, 3/5 majority required)"
267,motion to invoke cloture on s.25,"October 7, 1997,  02:42 PM","Cloture Motion Rejected (53-47, 3/5 majority required)"
268,"motion to invoke cloture re: mack amdt no. 1253, as modified","October 7, 1997,  04:01 PM","Cloture Motion Agreed to (99-1, 3/5 majority required)"
269,MACK AMDT NO. 1253,"October 7, 1997,  04:24 PM",Amendment Agreed to (99-1)
270,motion to invoke cloture re:s.25 as modified,"October 8, 1997,  12:02 PM","Cloture Motion Rejected (52-47, 3/5 majority required)"
271,motion to instruct sgt. at arms to request attendence of senators,"October 8, 1997,  04:18 PM",Motion for Attendance Agreed to (94-4)
272,motion to adjourn,"October 8, 1997,  05:42 PM",Motion to Adjourn Agreed to (54-45)
273,"cloture motion, s.25 as modified","October 9, 1997,  01:02 PM","Cloture Motion Rejected (52-47, 3/5 majority required)"
274,cloture motion re: amdt no. 1258 to s.25,"October 9, 1997,  01:29 PM","Cloture Motion Rejected (51-48, 3/5 majority required)"
275,motion to invoke cloture Re: modified committee amendment to s.1173,"October 23, 1997,  11:01 AM","Cloture Motion Rejected (48-52, 3/5 majority required)"
276,h.j.res.97,"October 23, 1997,  11:25 AM",Joint Resolution Passed (100-0)
277,motion to invoke cloture re:modified committee amendment to s.1173,"October 23, 1997,  03:10 PM","Cloture Motion Rejected (48-50, 3/5 majority required)"
278,motion to invoke cloture re: modified committee amdt to S.1173,"October 24, 1997,  09:50 AM","Cloture Motion Rejected (43-49, 3/5 majority required)"
279,nomination - algenon L. Marbley to be u.s. district judge,"October 27, 1997,  05:00 PM",Nomination Confirmed (91-0)
280,"nomination - wyche fowler, jr. to be ambassador to saudi arabia","October 27, 1997,  06:14 PM",Nomination Confirmed (90-0)
281,nomination - thomas s. foley to be ambassador to japan,"October 27, 1997,  06:40 PM",Nomination Confirmed (91-0)
282,motion to invoke cloture on modified committee amdt to s. 1173,"October 28, 1997,  10:17 AM","Cloture Motion Rejected (52-48, 3/5 majority required)"
283,conference report to accompany h.r.2107,"October 28, 1997,  12:29 PM",Conference Report Agreed to (84-14)
284,"nomination- william e. kennard, to be a member of the fcc","October 29, 1997,  12:00 PM",Nomination Confirmed (99-1)
285,motion to table gramm motion to postpone re:conf. rpt. on h.r.1119,"October 29, 1997,  04:23 PM",Motion to Table Agreed to (78-20)
286,"nomination Charles J. Siragusa, to be U.S. District Judge","October 30, 1997,  12:00 PM",Nomination Confirmed (98-0)
287,s.1292,"October 30, 1997,  04:29 PM",Bill Passed (69-30)
288,motion to invoke cloture on H.R.2646,"October 31, 1997,  10:31 AM","Cloture Motion Rejected (56-41, 3/5 majority required)"
289,motion to invoke cloture on motion to proceed to conf.rpt. on h.r.111,"October 31, 1997,  11:37 AM","Cloture Motion Agreed to (93-2, 3/5 majority required)"
290,"nomination: charles rossotti, to be commissioner of internal revenue","November 3, 1997,  05:45 PM",Nomination Confirmed (92-0)
291,motion to invoke cloture on H.R.2646,"November 4, 1997,  11:10 AM","Cloture Motion Rejected (56-44, 3/5 majority required)"
292,Motion to invoke cloture on the motion to proceed,"November 4, 1997,  02:31 PM","Cloture on the Motion to Proceed Agreed to (69-31, 3/5 majority required)"
293,nomination James S. Gwin re: U.S.Judge for North. District of Ohio,"November 5, 1997,  10:31 AM",Nomination Confirmed (100-0)
294,motion to proceed to consider s. 1269,"November 5, 1997,  04:20 PM",Motion to Proceed Agreed to (68-31)
295,nominiation-ronald lee gilman to be u.s. circuit judge for 6th circui,"November 6, 1997,  09:47 AM",Nomination Confirmed (98-1)
296,h.r.1119 conference report,"November 6, 1997,  03:04 PM",Conference Report Agreed to (90-10)
297,"nomination - Christina A. Snyder, USDist. judge central Dist of CA","November 7, 1997,  02:30 PM",Nomination Confirmed (93-6)
298,conference report on h.r.2264,"November 8, 1997,  02:30 PM",Conference Report Agreed to (91-4)
