,title,vote_date,vote_result
0,Motion to Instruct Sgt-At-Arms,"January 25, 1994,  12:22 PM",Motion for Attendance Agreed to (100-0)
1,Motion to Instruct Sgt-At-Arms,"January 25, 1994,  12:22 PM",Motion for Attendance Agreed to (100-0)
2,Helms Amdt. No. 1248,"January 26, 1994,  10:31 AM",Amendment Agreed to (99-0)
3,Motion to Table Helms Amdt. No. 1254,"January 26, 1994,  02:01 PM",Motion to Table Agreed to (55-45)
4,Pressler Amdt. No. 1253 as modified,"January 26, 1994,  02:24 PM",Amendment Agreed to (93-6)
5,kerry amdt no. 1263,"January 27, 1994,  10:11 AM",Amendment Agreed to (62-38)
6,smith amndt no. 1266,"January 27, 1994,  10:31 AM",Amendment Rejected (42-58)
7,Motion to Table Bumpers Amdt. No. 1267,"January 27, 1994,  12:34 PM",Motion to Table Failed (41-59)
8,dole amdt. no. 1281,"January 27, 1994,  05:25 PM",Amendment Agreed to (87-9)
9,"mcconnell amdt no. 1280, as modified","January 27, 1994,  06:55 PM",Amendment Agreed to (94-3)
10,"helms amdt no. 1278, as modified","January 27, 1994,  07:16 PM",Amendment Agreed to (91-3)
11,motion to table specter amdt no. 1287,"January 28, 1994,  11:24 AM",Motion to Table Agreed to (60-33)
12,Brown Amdt. No. 1286,"January 28, 1994,  11:48 AM",Amendment Agreed to (93-0)
13,cohen amdt no. 1318,"February 1, 1994,  10:08 AM",Amendment Agreed to (96-1)
14,lautenberg amdt no. 1327,"February 1, 1994,  02:30 PM",Amendment Agreed to (85-15)
15,Motion to Table Helms Amdt. No. 1320,"February 1, 1994,  06:06 PM",Motion to Table Agreed to (51-49)
16,Kerry Amdt. No. 1335,"February 1, 1994,  06:29 PM",Amendment Agreed to (61-39)
17,motion to table lott amdt no. 1315,"February 2, 1994,  11:02 AM",Motion to Table Agreed to (66-34)
18,"passage h.r.2333, as amended","February 2, 1994,  11:25 AM",Bill Passed (92-8)
19,Danforth Amdt. No. 1368,"February 2, 1994,  05:32 PM",Amendment Agreed to (97-0)
20,gregg amdt no. 1370,"February 2, 1994,  07:36 PM",Amendment Rejected (42-52)
21,Hatfield Amdt. No. 1377,"February 3, 1994,  11:46 AM",Amendment Agreed to (97-0)
22,helms amdt no 1382 (as amended),"February 3, 1994,  05:40 PM",Amendment Agreed to (75-22)
23,William J. Perry to be Secretary of Defense,"February 3, 1994,  06:06 PM",Nomination Confirmed (97-0)
24,Danforth amdt. no. 1383,"February 4, 1994,  09:32 AM",Amendment Agreed to (78-8)
25,coats amdt no. 1386,"February 8, 1994,  10:00 AM",Amendment Rejected (41-52)
26,grassley amdt no. 1388,"February 8, 1994,  10:22 AM",Amendment Agreed to (93-0)
27,helms amdt no. 1190,"February 8, 1994,  10:35 AM",Amendment Rejected (32-61)
28,helms amdt no. 1390,"February 8, 1994,  10:47 AM",Amendment Rejected (34-59)
29,kennedy amdt no. 1393,"February 8, 1994,  11:01 AM",Amendment Agreed to (91-2)
30,jeffords amdt no. 1420,"February 8, 1994,  11:15 AM",Amendment Agreed to (93-0)
31,motion to table gorton amdt n. 1429,"February 8, 1994,  11:30 AM",Motion to Table Agreed to (50-43)
32,H.R.2884 as amended,"February 8, 1994,  11:48 AM",Bill Passed (62-31)
33,Nomination M. Larry Lawrence,"February 8, 1994,  05:00 PM",Nomination Confirmed (79-16)
34,"Passage H.R.1804, as amended","February 8, 1994,  05:23 PM",Bill Passed (71-25)
35,Motion to Table Kerrey Amdt. No.1440,"February 9, 1994,  07:00 PM",Motion to Table Agreed to (65-31)
36,D'Amato Amdt. No. 1442,"February 9, 1994,  07:35 PM",Amendment Agreed to (95-0)
37,brown amdt no. 1444,"February 10, 1994,  03:15 PM",Amendment Rejected (44-51)
38,motion to waive C.B.A. RE: MURKOWSKI AMDT NO. 1445,"February 10, 1994,  03:39 PM","Motion Rejected (37-58, 3/5 majority required)"
39,kerry amdt no. 1452,"February 10, 1994,  03:53 PM",Amendment Rejected (20-75)
40,feingold amdt no. 1453,"February 10, 1994,  04:08 PM",Amendment Rejected (19-76)
41,motion to waive C.B.A. re:durenberger amdt no. 1454,"February 10, 1994,  04:22 PM","Motion Rejected (41-54, 3/5 majority required)"
42,McCain Amdt. No. 1456,"February 10, 1994,  04:37 PM",Amendment Rejected (23-72)
43,motion to waive,"February 10, 1994,  05:25 PM","Motion Rejected (43-52, 3/5 majority required)"
44,motion to table mcconnell amdt no. 1461,"February 10, 1994,  06:06 PM",Motion to Table Agreed to (55-39)
45,"h.r.3759, as amended","February 10, 1994,  06:53 PM",Bill Passed (85-10)
46,Nomination - Strobe Talbot to be Deputy Sec. of State,"February 22, 1994,  05:46 PM",Nomination Confirmed (66-31)
47,Reid Amdt. No. 1471,"March 1, 1994,  03:01 PM","Amendment Rejected (22-78, 2/3 majority required)"
48,"s.j.res.41, as modified","March 1, 1994,  08:19 PM","Joint Resolution Defeated (63-37, 2/3 majority required)"
49,"nomination - william b. gould, IV","March 2, 1994,  04:31 PM",Nomination Confirmed (58-38)
50,motion to table cochran amdt no. 1480,"March 9, 1994,  03:02 PM",Motion to Table Failed (35-65)
51,Motion to Table Danforth Amdt. No. 1482,"March 9, 1994,  07:22 PM",Motion to Table Agreed to (57-41)
52,motion to table simpson amdt no. 1486,"March 10, 1994,  04:56 PM",Motion to Table Agreed to (56-42)
53,Motion to Table Wallop Amdt. No. 1487 as Modified,"March 10, 1994,  06:13 PM",Motion to Table Failed (31-67)
54,Brown Amdt. No. 1492,"March 10, 1994,  08:16 PM",Amendment Agreed to (94-0)
55,Motion to table,"March 10, 1994,  10:15 PM",Motion to Table Agreed to (49-43)
56,gramm amdt no. 1495,"March 11, 1994,  10:26 AM",Amendment Agreed to (90-2)
57,Kempthorne Amdt. No. 1497,"March 11, 1994,  02:45 PM",Amendment Agreed to (82-0)
58,motion to invoke cloture re: committee substitute to s.4,"March 15, 1994,  10:06 AM","Cloture Motion Rejected (56-42, 3/5 majority required)"
59,Danforth Amdt. No. 1522,"March 16, 1994,  10:06 AM",Amendment Rejected (44-55)
60,"Passage H.R.820, as amended","March 16, 1994,  10:30 AM",Bill Passed (59-40)
61,Passage S.1458,"March 16, 1994,  10:45 AM",Bill Passed (91-8)
62,mitchell-dole amdt no. 1547,"March 17, 1994,  10:52 AM",Amendment Agreed to (98-0)
63,s.208 as amended,"March 22, 1994,  02:30 PM",Bill Passed (90-9)
64,"harkin amdt no. 1558, as modified","March 22, 1994,  05:07 PM",Amendment Rejected (40-59)
65,Gorton amdt. no. 1559,"March 22, 1994,  05:30 PM",Amendment Agreed to (97-1)
66,Domenici Amdt. No. 1560,"March 23, 1994,  11:35 AM",Amendment Rejected (42-58)
67,Dodd Amdt. No. 1561,"March 23, 1994,  02:16 PM",Amendment Rejected (33-65)
68,Boxer Amdt. No. 1562,"March 23, 1994,  02:39 PM",Amendment Agreed to (93-5)
69,lott amdt no. 1563,"March 23, 1994,  05:56 PM",Amendment Rejected (34-64)
70,Motion to Proceed to Conf. Rpt. on H.R.1804,"March 24, 1994,  12:30 AM",Motion to Proceed Agreed to (60-31)
71,Motion to Proceed to the Conf. Rpt. to H.R.3345,"March 24, 1994,  12:52 AM",Motion to Proceed Agreed to (62-29)
72,domenici amdt no. 1567,"March 24, 1994,  03:20 PM",Amendment Rejected (35-63)
73,mack amdt no. 1571,"March 24, 1994,  03:43 PM",Amendment Agreed to (57-42)
74,hutchison amdt no. 1572,"March 24, 1994,  04:01 PM",Amendment Rejected (48-50)
75,cloture motion on conference report to accompany h.r.3345,"March 24, 1994,  04:18 PM","Cloture Motion Rejected (58-41, 3/5 majority required)"
76,cloture motion on the conference report to accompany h.r.3345,"March 24, 1994,  04:33 PM","Cloture Motion Agreed to (63-36, 3/5 majority required)"
77,Conference report H.R.3345,"March 24, 1994,  05:00 PM",Conference Report Agreed to (99-1)
78,Gramm Amdt. No. 1574,"March 24, 1994,  08:05 PM",Amendment Rejected (32-67)
79,Motion to Recommit,"March 24, 1994,  08:26 PM",Motion to Recommit Rejected (28-70)
80,Gramm Amdt. No. 1598,"March 25, 1994,  11:46 AM",Amendment Rejected (37-61)
81,sasser amdt no 1602 (as modified),"March 25, 1994,  12:09 PM",Amendment Rejected (45-53)
82,H.CON.RES.218,"March 25, 1994,  12:59 PM",Concurrent Resolution Agreed to (57-40)
83,Motion to Proceed to Conference Report on H.R.1804,"March 25, 1994,  01:34 PM",Motion to Proceed Agreed to (83-12)
84,motion to instruct sergeant-at-arms,"March 26, 1994,  12:10 AM",Motion for Attendance Agreed to (75-9)
85,cloture motion re:conf. rept. on h.r.1804,"March 26, 1994,  12:33 AM","Cloture Motion Agreed to (62-23, 3/5 majority required)"
86,conference report h.r.1804,"March 26, 1994,  12:50 AM",Conference Report Agreed to (63-22)
87,Wallop Amdt. No. 1620,"April 12, 1994,  02:46 PM",Amendment Rejected (35-62)
88,Bennett Amdt. No. 1623,"April 12, 1994,  04:43 PM",Amendment Rejected (34-64)
89,"Passage S. 21, as amended","April 13, 1994,  10:06 AM",Bill Passed (69-29)
90,S. 455 as Amended,"April 13, 1994,  12:45 PM",Bill Passed (78-20)
91,"s.1970, final passage","April 13, 1994,  03:57 PM",Bill Passed (98-1)
92,Nomination - Rosemary Barkett to be U.S. Circuit Judge,"April 14, 1994,  03:16 PM",Nomination Confirmed (61-37)
93,nomination: adm kelso II to be admiral on the retired list,"April 19, 1994,  08:32 PM",Nomination Confirmed (54-43)
94,McCain Amdt. No. 1632,"April 20, 1994,  01:17 PM",Amendment Rejected (44-53)
95,motion to table Reid amdt.,"April 20, 1994,  06:02 PM",Motion to Table Agreed to (60-34)
96,"s.540, as amended","April 21, 1994,  09:22 PM",Bill Passed (94-0)
97,Levin Amdt. No. 1669,"May 3, 1994,  06:25 PM",Amendment Agreed to (94-2)
98,Lieberman Amdt. No. 1668 as amended,"May 3, 1994,  06:50 PM",Amendment Agreed to (88-9)
99,Motion to Table Simon Amdt. No. 1671,"May 4, 1994,  12:06 PM",Motion to Table Agreed to (77-21)
100,"S.783, as Amended","May 4, 1994,  02:31 PM",Bill Passed (87-10)
101,mcconnell amdt no. 1674,"May 5, 1994,  01:57 PM",Amendment Rejected (39-59)
102,"bumpers amdt no. 1678, as modified","May 5, 1994,  09:43 PM",Amendment Agreed to (90-3)
103,burns amdt no.1680,"May 5, 1994,  10:06 PM",Amendment Rejected (34-59)
104,murkowski amdt no. 1679,"May 5, 1994,  10:28 PM",Amendment Agreed to (66-29)
105,murksowski amdt no. 1681,"May 5, 1994,  11:08 PM",Amendment Rejected (37-58)
106,D'Amato Amdt. No. 1685,"May 11, 1994,  05:01 PM",Amendment Agreed to (58-41)
107,S.1935 as Amended,"May 11, 1994,  05:26 PM",Bill Passed (95-4)
108,S.978 as Amended,"May 11, 1994,  05:49 PM",Bill Passed (85-14)
109,Conference Report to S. 2000,"May 11, 1994,  06:07 PM",Conference Report Agreed to (98-1)
110,mitchell amdt no.1696 as modified,"May 12, 1994,  12:45 PM",Amendment Agreed to (50-49)
111,dole amdt no. 1695,"May 12, 1994,  01:06 PM",Amendment Agreed to (50-49)
112,conference report to accompany s.636,"May 12, 1994,  01:24 PM",Conference Report Agreed to (69-30)
113,h.con.res.218,"May 12, 1994,  03:33 PM",Conference Report Agreed to (53-46)
114,Motion to Table DeConcini Amdt. No. 1711,"May 17, 1994,  02:30 PM",Motion to Table Agreed to (75-23)
115,Motion to Table Gregg Amdt. No. 1712,"May 17, 1994,  05:37 PM",Motion to Table Agreed to (56-43)
116,Faircloth Amdt. No. 1714,"May 17, 1994,  06:00 PM",Amendment Rejected (39-60)
117,Johnston Amdt. No. 1720,"May 18, 1994,  03:45 PM",Amendment Agreed to (90-8)
118,Motion to table Smith Amdt. No. 1728,"May 18, 1994,  04:09 PM",Motion to Table Agreed to (52-46)
119,Simpson Amdt. No. 1730,"May 18, 1994,  04:24 PM",Amendment Rejected (45-53)
120,Motion to Table Johnston Amdt. No. 1722,"May 18, 1994,  04:46 PM",Motion to Table Agreed to (65-34)
121,Wallop amdt. no. 1721,"May 18, 1994,  05:58 PM",Amendment Rejected (28-67)
122,S. 2019 Passage,"May 19, 1994,  10:30 AM",Bill Passed (95-3)
123,Conrad-Mack Motion to Instruct Conferees re: H.R. 3355,"May 19, 1994,  06:30 PM",Motion Agreed to (74-22)
124,Gramm Motion to Instruct Conferees re: H.R. 3355,"May 19, 1994,  06:54 PM",Motion Agreed to (66-32)
125,biden motion to instruct conferees re:h.r.3355,"May 19, 1994,  07:10 PM",Motion Agreed to (94-4)
126,d'amato motion to instruct cnferees h.r.3355,"May 19, 1994,  07:22 PM",Motion Agreed to (51-47)
127,"Helms Amdt. No. 1738, As Amended","May 24, 1994,  02:37 PM",Amendment Rejected (28-70)
128,"H.R. 1933, as Amended","May 24, 1994,  02:59 PM",Bill Passed (94-4)
129,Motion to Invoke Cloture on Derek Shearer Nomination,"May 24, 1994,  03:12 PM","Cloture Motion Agreed to (63-35, 3/5 majority required)"
130,Nomination - Derek Shearer to be Ambassador to Finland,"May 24, 1994,  04:20 PM",Nomination Confirmed (67-31)
131,Cloture Motion re: Nomination of Sam Brown,"May 24, 1994,  04:43 PM","Cloture Motion Rejected (54-44, 3/5 majority required)"
132,motion to invoke cloture re: nomination of sam brown,"May 25, 1994,  01:00 PM","Cloture Motion Rejected (56-42, 3/5 majority required)"
133,s.729 passage,"May 25, 1994,  01:24 PM",Bill Passed (97-1)
134,Motion to Instruct Sergeant at Arms,"June 10, 1994,  10:02 AM",Motion for Attendance Agreed to (78-13)
135,Motion to Instruct Sgt-at-Arms,"June 10, 1994,  12:04 PM",Motion for Attendance Agreed to (70-13)
136,motion to instruct,"June 14, 1994,  10:13 AM",Motion for Attendance Agreed to (86-13)
137,mitchell amdt no. 1776,"June 14, 1994,  03:01 PM",Amendment Agreed to (56-43)
138,"mitchell amdt no. 1779, as modified","June 14, 1994,  04:15 PM",Amendment Agreed to (56-43)
139,mitchell amdt no. 1781,"June 14, 1994,  05:14 PM",Amendment Agreed to (56-43)
140,daschle for mitchell amdt no. 1783,"June 15, 1994,  02:32 PM",Amendment Agreed to (56-44)
141,daschle for mitchell amdt no. 1785,"June 15, 1994,  02:53 PM",Amendment Agreed to (55-44)
142,mitchell amdt no. 1787,"June 15, 1994,  04:21 PM",Amendment Agreed to (56-44)
143,mitchell amdt no. 1789,"June 15, 1994,  06:30 PM",Amendment Agreed to (55-44)
144,mitchell amdt no. 1791,"June 15, 1994,  06:52 PM",Amendment Agreed to (55-44)
145,mitchell amdt no. 1793,"June 15, 1994,  09:10 PM",Amendment Agreed to (56-43)
146,mitchell amdt no. 1795,"June 15, 1994,  09:33 PM",Amendment Agreed to (56-43)
147,Motion to Recommit re: Fitz-Pegado Nomination,"June 16, 1994,  01:43 PM",Motion to Recommit Rejected (37-61)
148,Confirmation Lauri Fitz-Pegado,"June 16, 1994,  12:05 PM",Nomination Confirmed (69-30)
149,Motion to Table Metzenbaum Amdt. No. 1796,"June 16, 1994,  02:38 PM",Motion to Table Agreed to (93-6)
150,McCain Amdt. No. 1799 (as Amended),"June 16, 1994,  04:49 PM",Amendment Agreed to (93-3)
151,Brown Amdt. No. 1804 (as Modified),"June 16, 1994,  06:45 PM",Amendment Agreed to (94-0)
152,Metzenbaum Amdt. No. 1807,"June 16, 1994,  07:07 PM",Amendment Rejected (29-65)
153,D'Amato for Dole Amdt. No. 1818,"June 21, 1994,  02:17 PM",Amendment Rejected (44-54)
154,S.Res.229,"June 21, 1994,  02:37 PM",Resolution Agreed to (54-44)
155,motion to table grassley amdt no. 1823,"June 21, 1994,  05:00 PM",Motion to Table Agreed to (54-43)
156,motion to table smith motion to recommit,"June 21, 1994,  07:27 PM",Motion to Table Motion to Recommit Agreed to (56-38)
157,faircloth amdt no. 1825 as modified,"June 22, 1994,  10:10 AM",Amendment Agreed to (98-0)
158,motoin to table reid amdt no. 1832,"June 22, 1994,  02:01 PM",Motion to Table Failed (43-56)
159,gorton motion to waive budget act,"June 22, 1994,  02:23 PM","Motion Agreed to (79-20, 3/5 majority required)"
160,motion to table mccain smdt no. 1836,"June 22, 1994,  02:39 PM",Motion to Table Agreed to (66-33)
161,h.r.4539 passage,"June 22, 1994,  02:56 PM",Bill Passed (72-27)
162,grassley amdt no. 1837,"June 22, 1994,  06:40 PM",Amendment Rejected (32-66)
163,Motion to Table Specter Amdt. No. 1839,"June 23, 1994,  11:55 AM",Motion to Table Agreed to (71-27)
164,Motion to Table Feingold Amdt. No. 1841,"June 23, 1994,  04:11 PM",Motion to Table Agreed to (72-24)
165,Kempthorne Amdt. No. 1849,"June 23, 1994,  06:31 PM",Amendment Rejected (35-61)
166,motion to instruct sgt-at-arms,"June 24, 1994,  09:33 AM",Motion for Attendance Agreed to (80-11)
167,motion to instruct sgt-at-arms,"June 24, 1994,  12:29 PM",Motion for Attendance Agreed to (76-14)
168,Motion to Table Kohl Amdt. No. 1930,"June 28, 1994,  10:11 AM",Motion to Table Agreed to (51-49)
169,Cloture Motion re: S. 687,"June 28, 1994,  06:02 PM","Cloture Motion Rejected (54-44, 3/5 majority required)"
170,MOTION TO INVOKE CLOTURE S.687,"June 29, 1994,  10:07 AM","Cloture Motion Rejected (57-41, 3/5 majority required)"
171,Helms Amdt. No. 2112,"June 29, 1994,  02:56 PM",Amendment Rejected (34-66)
172,GREGG AMDT NO. 2117,"June 29, 1994,  08:55 PM",Amendment Rejected (34-65)
173,Mitchell Amdt. No. 2118,"June 29, 1994,  09:39 PM",Amendment Agreed to (93-4)
174,"M to T Comm. Amdt. beginning on page 34, line 19 thru 25","June 29, 1994,  10:45 PM",Motion to Table Agreed to (59-35)
175,motion to table kerry amdt no. 2127,"June 30, 1994,  02:01 PM",Motion to Table Agreed to (52-46)
176,motion to table harkin amdt no. 2128,"June 30, 1994,  05:00 PM",Motion to Table Agreed to (53-45)
177,lautenberg amdt no. 2137,"June 30, 1994,  05:27 PM",Amendment Agreed to (69-30)
178,h.r.4506 as amended,"June 30, 1994,  06:38 PM",Bill Passed (91-8)
179,LEVIN AMDT NO. 2142,"July 1, 1994,  10:35 AM",Amendment Rejected (45-55)
180,NUNN AMDT NO. 1852,"July 1, 1994,  10:58 AM",Amendment Agreed to (52-48)
181,DOLE AMDT. NO. 1851,"July 1, 1994,  11:11 AM",Amendment Rejected (50-50)
182,warner amdt no. 2143,"July 1, 1994,  11:27 AM",Amendment Agreed to (88-12)
183,h.r.4454 conference report,"July 1, 1994,  11:47 AM",Conference Report Agreed to (73-27)
184,nunn amdt no. 2147,"July 1, 1994,  01:16 PM",Amendment Agreed to (93-3)
185,Motion to Table Pryor Amdt. No. 2163,"July 1, 1994,  06:04 PM",Motion to Table Agreed to (68-14)
186,Motion to Table Bradley Amdt. No. 2164,"July 1, 1994,  07:11 PM",Motion to Table Agreed to (50-30)
187,Wallop Amdt. No. 2212,"July 1, 1994,  10:17 PM",Amendment Rejected (3-67)
188,cloture motion on the motion to proceed to consideration of s.55,"July 12, 1994,  02:30 PM","Cloture on the Motion to Proceed Rejected (53-47, 3/5 majority required)"
189,Motion to Invoke Cloture on Motion to Proceed to Consider S.55,"July 13, 1994,  10:00 AM","Cloture Motion Rejected (53-46, 3/5 majority required)"
190,Mcconnell amdt. no. 2240,"July 13, 1994,  03:34 PM",Amendment Agreed to (89-8)
191,Helms Amdt. No. 2253,"July 14, 1994,  11:59 AM",Amendment Rejected (42-58)
192,D'Amato Amdt. No. 2264,"July 14, 1994,  12:57 PM",Amendment Agreed to (100-0)
193,McConnell Amdt. No. 2263,"July 14, 1994,  01:18 PM",Amendment Agreed to (100-0)
194,Motion to Table Dole Amdt. No. 2245,"July 14, 1994,  04:04 PM",Motion to Table Agreed to (57-42)
195,"motion to table mcconnell amdt no. 2266, as mod","July 14, 1994,  06:53 PM",Motion to Table Agreed to (53-44)
196,brown amdt no. 2248,"July 14, 1994,  09:00 PM",Amendment Agreed to (76-22)
197,bumpers amdt no. 2294,"July 14, 1994,  09:21 PM",Amendment Agreed to (60-38)
198,helms amdt no. 2254,"July 14, 1994,  10:02 PM",Amendment Rejected (39-59)
199,Nickles Amdt. No. 2275,"July 15, 1994,  10:35 AM",Amendment Rejected (38-57)
200,Dole Amdt. No. 2273,"July 15, 1994,  11:37 AM",Amendment Agreed to (95-0)
201,Domenici Amdt. No. 2284 (As Mod.),"July 15, 1994,  12:44 PM",Amendment Agreed to (56-38)
202,Helms Amdt. No. 2281,"July 15, 1994,  01:55 PM",Amendment Agreed to (94-0)
203,"H.R. 4426, as amended","July 15, 1994,  02:18 PM",Bill Passed (84-9)
204,Glenn Amdt. No. 2301,"July 15, 1994,  03:49 PM",Amendment Rejected (16-72)
205,"h.r.4453, as amended","July 15, 1994,  04:18 PM",Bill Passed (84-2)
206,"Committee Amdt. on Page 86, Line 9","July 19, 1994,  02:28 PM",Amendment Agreed to (62-38)
207,Motion to Table McCain Amdt. No. 2305,"July 19, 1994,  02:50 PM",Motion to Table Failed (37-62)
208,McCain Amdt. No. 2305,"July 19, 1994,  03:12 PM",Amendment Agreed to (63-34)
209,Leahy Amdt. No. 2306 (As Amended),"July 19, 1994,  04:39 PM",Amendment Agreed to (76-23)
210,Motion to Table Bradley Amdt. No. 2308,"July 19, 1994,  06:13 PM",Motion to Table Failed (50-50)
211,bradley amdt no. 2308,"July 19, 1994,  06:36 PM",Amendment Rejected (46-54)
212,helms amdt no. 2309 as modified,"July 19, 1994,  06:54 PM",Amendment Agreed to (92-8)
213,motion to table brown amdt no. 2318,"July 20, 1994,  11:17 AM",Motion to Table Agreed to (63-37)
214,Helms amdt. no. 2320,"July 20, 1994,  03:45 PM",Amendment Agreed to (59-41)
215,bumpers amdt no. 2324,"July 20, 1994,  04:11 PM",Amendment Agreed to (100-0)
216,"h.r. 4554, as amended","July 20, 1994,  04:40 PM",Bill Passed (92-8)
217,"H.R. 4649, as Amended","July 21, 1994,  09:45 AM",Bill Passed (68-32)
218,"motion to table comm. amdt. on page 30, line 9","July 21, 1994,  01:21 PM",Motion to Table Failed (23-77)
219,motion to table Mccain amdt. no. 2333,"July 21, 1994,  01:44 PM",Motion to Table Agreed to (63-37)
220,motion to recommit,"July 21, 1994,  02:20 PM",Motion to Table Motion to Recommit Agreed to (72-28)
221,"H.R. 4556, As Amended","July 21, 1994,  02:33 PM",Bill Passed (91-9)
222,shelby amdt no. 2343,"July 21, 1994,  09:00 PM",Amendment Agreed to (100-0)
223,motion to table gramm amdt no. 2342,"July 21, 1994,  09:22 PM",Motion to Table Agreed to (56-44)
224,Dorgan Amdt. No. 2359,"July 22, 1994,  12:45 PM",Amendment Rejected (39-57)
225,motion to recommit,"July 22, 1994,  02:10 PM",Motion to Recommit Rejected (24-71)
226,motion to table,"July 22, 1994,  03:49 PM",Motion to Table Failed (44-52)
227,hatch amdt no.2369,"July 22, 1994,  07:28 PM",Amendment Rejected (33-54)
228,Motion to Instruct the Sgt. at Arms,"July 25, 1994,  12:59 PM",Motion for Attendance Agreed to (74-13)
229,byrd amdt no. 2395,"July 25, 1994,  03:33 PM",Amendment Agreed to (92-0)
230,motion to table Helms amdt. no. 2396,"July 25, 1994,  03:56 PM",Motion to Table Agreed to (49-42)
231,mccain amdt no. 2399,"July 25, 1994,  04:30 PM",Amendment Agreed to (89-0)
232,motion to table Bradley amdt. 2401,"July 26, 1994,  01:59 PM",Motion to Table Agreed to (63-37)
233,"motion to table committee amdt on page 49, line 12-14","July 26, 1994,  03:22 PM",Motion to Table Failed (43-56)
234,motion to instruct sgt-at-arms,"July 27, 1994,  10:15 AM",Motion for Attendance Agreed to (77-20)
235,MOTION TO PROCEEDTO CONSIDER S. 1513,"July 27, 1994,  11:14 AM",Motion to Proceed Agreed to (98-0)
236,helms amdt no. 2416,"July 27, 1994,  06:19 PM",Amendment Rejected (47-53)
237,Kassebaum Amdt. No. 2415,"July 27, 1994,  06:42 PM",Amendment Agreed to (93-7)
238,dole amdt no. 2417,"July 27, 1994,  08:13 PM",Amendment Rejected (45-53)
239,Gorton Amdt. No. 2418,"July 28, 1994,  06:06 PM",Amendment Agreed to (60-40)
240,jeffords amdt no. 2425 as modified,"July 28, 1994,  06:30 PM",Amendment Agreed to (100-0)
241,Bumpers Amdt. No. 2428,"July 28, 1994,  09:30 PM",Amendment Rejected (46-54)
242,Nomination - Stephen G. Breyer,"July 29, 1994,  02:34 PM",Nomination Confirmed (87-9)
243,gregg amdt no. 2432,"August 1, 1994,  01:54 PM",Amendment Rejected (32-67)
244,helms amdt no. 2434,"August 1, 1994,  04:06 PM",Amendment Agreed to (63-36)
245,Danforth amdt. no. 2430,"August 1, 1994,  05:31 PM",Amendment Agreed to (66-33)
246,kennedy amdt no. 2435,"August 1, 1994,  06:20 PM",Amendment Agreed to (99-0)
247,kassebaum amdt no. 2438,"August 2, 1994,  11:10 AM",Amendment Agreed to (63-37)
248,Craig amdt. no. 2437,"August 2, 1994,  11:33 AM",Amendment Rejected (44-56)
249,pressler amdt. no. 2439,"August 2, 1994,  11:48 AM",Amendment Agreed to (100-0)
250,"smith amdt no. 2433, as amended","August 2, 1994,  12:05 PM",Amendment Agreed to (91-9)
251,Motion to Table Gramm Amdt. No. 2442,"August 2, 1994,  04:27 PM",Motion to Table Agreed to (55-44)
252,H.R. 6,"August 2, 1994,  04:53 PM",Bill Passed (94-6)
253,Bumpers Amdt. No. 2444,"August 3, 1994,  10:45 AM",Amendment Rejected (36-64)
254,dole amdt no. 2445,"August 3, 1994,  01:19 PM",Amendment Agreed to (100-0)
255,motion to table johnston amdt no. 2446,"August 3, 1994,  06:09 PM","Motion to Table Agreed to (50-50, Vice President voted Yea)"
256,Motion to Table Murkowski Amdt. No. 2450,"August 4, 1994,  10:48 AM",Motion to Table Agreed to (62-36)
257,Motion to Table Cohen Amdt. No. 2452,"August 4, 1994,  12:07 PM",Motion to Table Agreed to (55-43)
258,Smith Motion to Recommit,"August 4, 1994,  02:37 PM",Motion to Recommit Rejected (14-84)
259,Lautenberg Amdt. No. 2453,"August 4, 1994,  02:59 PM",Amendment Agreed to (98-0)
260,Smith Amdt. No. 2454,"August 4, 1994,  03:15 PM",Amendment Rejected (27-71)
261,Smith Amdt. No. 2455,"August 4, 1994,  03:28 PM",Amendment Rejected (37-61)
262,H.R.4624 as Amended,"August 4, 1994,  05:27 PM",Bill Passed (86-9)
263,motion to table specter amdt. no. 2460,"August 5, 1994,  11:34 AM",Motion to Table Agreed to (63-31)
264,Motion to table mccain amdt. no. 2461,"August 5, 1994,  01:20 PM",Motion to Table Agreed to (68-26)
265,Brown amdt. no. 2462,"August 5, 1994,  01:43 PM",Amendment Agreed to (94-0)
266,helms amdt no. 2463,"August 5, 1994,  02:30 PM",Amendment Agreed to (91-0)
267,helms amdt no. 2466,"August 10, 1994,  10:17 AM",Motion to Table Agreed to (100-0)
268,motion to table helms amdt no. 2488,"August 10, 1994,  10:37 AM",Motion to Table Agreed to (54-46)
269,motion to table graham amdt no. 2478,"August 10, 1994,  10:52 AM",Motion to Table Agreed to (66-34)
270,"H.R. 4606, amended","August 10, 1994,  11:08 AM",Bill Passed (87-13)
271,h.r.4426 conference report,"August 10, 1994,  11:24 AM",Conference Report Agreed to (88-12)
272,h.r.4453 conference report,"August 10, 1994,  11:39 AM",Conference Report Agreed to (95-5)
273,bumpers amdt no. 2481,"August 10, 1994,  11:54 AM",Amendment Rejected (38-62)
274,Bumpers amdt. no. 2489,"August 10, 1994,  12:21 PM",Amendment Rejected (40-60)
275,motion to table helms amdt no. 2480,"August 10, 1994,  12:35 PM",Motion to Table Agreed to (53-47)
276,MCCAIN AMDT NO. 2501,"August 10, 1994,  09:13 PM",Amendment Rejected (21-77)
277,WALLOP AMDT NO. 2545,"August 10, 1994,  09:36 PM",Amendment Rejected (38-60)
278,KEMPTHORNE AMDT NO. 2538,"August 10, 1994,  09:51 PM",Amendment Agreed to (54-44)
279,Nunn Amdt. no. 2524,"August 11, 1994,  06:44 PM",Amendment Agreed to (56-44)
280,dole amdt. no. 2479,"August 11, 1994,  07:04 PM",Amendment Agreed to (58-42)
281,Janet L. Yellen,"August 11, 1994,  08:36 PM",Nomination Confirmed (94-6)
282,H.R. 4650 as amended,"August 11, 1994,  08:57 PM",Bill Passed (86-14)
283,DeConciniamdt. no.2557,"August 12, 1994,  01:45 PM",Amendment Agreed to (99-0)
284,warner amdt no. 2556,"August 12, 1994,  02:06 PM",Amendment Agreed to (99-0)
285,h.r.4299 as amended,"August 12, 1994,  02:24 PM",Bill Passed (97-2)
286,"mcconnell amdt no. 2559, as modified","August 12, 1994,  06:22 PM",Amendment Rejected (36-59)
287,Motion to instruct sgt. at arms,"August 15, 1994,  05:00 PM",Motion for Attendance Agreed to (78-16)
288,dodd amdt. no. 2561,"August 16, 1994,  06:32 PM",Amendment Agreed to (55-42)
289,NICKLES AMDT NO. 2563,"August 17, 1994,  06:47 PM",Amendment Agreed to (100-0)
290,daschle amdt. no. 2564,"August 18, 1994,  11:37 AM",Amendment Agreed to (94-4)
291,mack amdt. no. 2568,"August 18, 1994,  06:44 PM",Amendment Agreed to (100-0)
292,conference report h.r.4603,"August 19, 1994,  10:46 AM",Conference Report Agreed to (88-10)
293,motion to waive C.B.A. re: conference report to accompany h.r.3355,"August 25, 1994,  04:21 PM","Motion Agreed to (61-39, 3/5 majority required)"
294,cloture motion on conference report to accompany h.r.3355,"August 25, 1994,  10:02 PM","Cloture Motion Agreed to (61-38, 3/5 majority required)"
295,Conference report on H.R. 3355,"August 25, 1994,  10:24 PM",Conference Report Agreed to (61-38)
296,motion to proceed to consideration of conference report to h.r.3841,"September 13, 1994,  02:32 PM",Motion to Proceed Agreed to (97-1)
297,S. 2182 Conference Report,"September 13, 1994,  05:04 PM",Conference Report Agreed to (80-18)
298,h.r.3841 conference report,"September 13, 1994,  05:26 PM",Conference Report Agreed to (94-4)
299,Motion to Instruct the Sgt. at Arms,"September 14, 1994,  01:19 PM",Motion for Attendance Agreed to (74-19)
300,Nomination - Henry H. Mauz to be Admiral,"September 20, 1994,  02:16 PM",Nomination Confirmed (92-6)
301,s.res.259,"September 21, 1994,  03:25 PM",Resolution Agreed to (94-5)
302,Conference Report to H.R. 4649,"September 21, 1994,  04:15 PM",Conference Report Agreed to (71-27)
303,cloture motion on motion to disagree to house amdts. to s.3,"September 22, 1994,  11:31 AM","Cloture Motion Agreed to (96-2, 3/5 majority required)"
304,motion to disagree to House amendments,"September 23, 1994,  01:44 PM",Motion Agreed to (93-0)
305,Cloture motion on motion to disagree to House amdts. to S. 21,"September 23, 1994,  02:07 PM","Cloture Motion Agreed to (73-20, 3/5 majority required)"
306,h.r.4624 conference report,"September 27, 1994,  02:32 PM",Conference Report Agreed to (90-9)
307,mccain amdt no. 2587,"September 27, 1994,  02:53 PM",Amendment Rejected (28-72)
308,smith amdt no. 2588,"September 27, 1994,  03:14 PM",Amendment Rejected (45-55)
309,motion to invoke cloture on motion to request a conference @ s.3,"September 27, 1994,  03:31 PM","Cloture Motion Rejected (57-43, 3/5 majority required)"
310,Conference report on H.R. 4606,"September 27, 1994,  05:09 PM",Conference Report Agreed to (83-16)
311,h.r.4602 conference report,"September 28, 1994,  11:11 AM",Conference Report Agreed to (92-7)
312,conference report h..4556,"September 29, 1994,  11:45 AM",Conference Report Agreed to (89-11)
313,motion to waive CBA,"September 29, 1994,  05:47 PM","Motion Rejected (58-41, 3/5 majority required)"
314,motion to invoke cloture on motion to request conference @ s.3,"September 30, 1994,  09:31 AM","Cloture Motion Rejected (52-46, 3/5 majority required)"
315,Motion to Instruct Sgt-at-Arms,"October 3, 1994,  06:03 PM",Motion for Attendance Agreed to (76-19)
316,Cloture motion on the nomination of Ricki R. Tigert,"October 3, 1994,  06:24 PM","Cloture Motion Agreed to (63-32, 3/5 majority required)"
317,Ricki Tigert - Member FDIC,"October 4, 1994,  09:59 AM",Nomination Confirmed (90-7)
318,motion to invoke cloture nomination of h. lee sarokin,"October 4, 1994,  10:22 AM","Cloture Motion Agreed to (85-12, 3/5 majority required)"
319,Confirmation H. Lee Sarokin,"October 4, 1994,  06:25 PM",Nomination Confirmed (63-35)
320,motion to invoke cloture conference report H.R. 6,"October 5, 1994,  10:46 AM","Cloture Motion Agreed to (75-24, 3/5 majority required)"
321,h.r.6 conference report,"October 5, 1994,  05:30 PM",Conference Report Agreed to (77-20)
322,Cloture Motion: S. 349,"October 6, 1994,  10:08 AM","Cloture Motion Rejected (52-46, 3/5 majority required)"
323,S. J. Res. 229,"October 6, 1994,  07:14 PM",Joint Resolution Passed (91-8)
324,motion to proceed to consideration,"October 6, 1994,  09:37 PM",Motion to Proceed Agreed to (88-0)
325,Cloture motion: Conference report - S. 349,"October 7, 1994,  11:46 AM","Cloture Motion Rejected (55-42, 3/5 majority required)"
326,MOTION TO INVOKE CLOTURE CONFERENCE REPORT S.21,"October 8, 1994,  10:04 AM","Cloture Motion Agreed to (68-23, 3/5 majority required)"
327,NOMINATION LT. GEN. BUSTER C. GLOSSEN,"October 8, 1994,  10:56 AM",Nomination Confirmed (59-30)
328,motion to waive budget act with respect to H.R. 5110,"December 1, 1994,  06:27 PM","Motion Agreed to (68-32, 3/5 majority required)"
329,passage h.r. 5110,"December 1, 1994,  06:48 PM",Bill Passed (76-24)
