,title,vote_date,vote_result
0,MOTION TO WAIVE CBA RE: KENNEDY AMDT NO. 3119,"January 26, 1996,  03:15 PM","Motion Rejected (51-40, 3/5 majority required)"
1,MOTION TO WAIVE CBA RE: KENNEDY AMDT NO. 3119,"January 26, 1996,  03:15 PM","Motion Rejected (51-40, 3/5 majority required)"
2,motion to table moynihan amdt no. 3120,"January 26, 1996,  04:38 PM",Motion to Table Agreed to (46-45)
3,motion to waive CBA re: harkin amdt no. 3122,"January 26, 1996,  05:59 PM","Motion Rejected (45-45, 3/5 majority required)"
4,Passage-H.R. 2880,"January 26, 1996,  06:24 PM",Bill Passed (82-8)
5,Conference Report - S. 1124,"January 26, 1996,  06:39 PM",Conference Report Agreed to (56-34)
6,"103-1, Start II","January 26, 1996,  06:54 PM","Resolution of Ratification Agreed to (87-4, 2/3 majority required)"
7,Motion to invoke cloture - S. 1541,"February 1, 1996,  01:32 PM","Cloture Motion Rejected (53-45, 3/5 majority required)"
8,S.652 Conference Report,"February 1, 1996,  04:50 PM",Conference Report Agreed to (91-5)
