,title,vote_date,vote_result
0,Veto Override,"January 25, 1990,  02:31 PM","Veto Sustained (62-37, 2/3 majority required)"
1,Veto Override,"January 25, 1990,  02:31 PM","Veto Sustained (62-37, 2/3 majority required)"
2,H.R.3792,"January 30, 1990,  05:02 PM",Bill Passed (98-0)
3,Chafee Amdt. No. 1219,"January 31, 1990,  05:30 PM",Amendment Agreed to (95-2)
4,S.1310,"February 6, 1990,  11:59 AM",Bill Passed (99-0)
5,S. 169,"February 6, 1990,  02:16 PM",Bill Passed (100-0)
6,Helms Amdt. No. 1236,"February 6, 1990,  05:25 PM",Amendment Rejected (35-64)
7,Motion to Table Amdt. No. 1241,"February 6, 1990,  06:16 PM",Motion to Table Agreed to (60-37)
8,Kassebaum Amdt. No. 1239,"February 6, 1990,  06:42 PM",Amendment Rejected (40-57)
9,Motion to Table Amdt. No. 1245,"February 7, 1990,  11:33 AM",Motion to Table Agreed to (51-49)
10,S. 695,"February 7, 1990,  03:01 PM",Bill Passed (92-8)
11,Hatch Amdt. No. 1250,"February 8, 1990,  02:15 PM",Amendment Agreed to (96-0)
12,Helms Amdt. No. 1251,"February 8, 1990,  03:06 PM",Amendment Rejected (19-77)
13,Final Passage -- H.R. 1048,"February 8, 1990,  03:28 PM",Bill Passed (92-4)
14,Resolution of Ratification: ILO Convention,"February 20, 1990,  03:16 PM","Resolution of Ratification Agreed to (94-0, 2/3 majority required)"
15,H.R.2281,"February 20, 1990,  04:33 PM",Bill Passed (94-0)
16,Cloture Motion on S.J.Res. 212,"February 22, 1990,  01:46 PM","Cloture Motion Rejected (49-49, 3/5 majority required)"
17,Cloture Motion,"February 27, 1990,  04:57 PM","Cloture Motion Rejected (48-51, 3/5 majority required)"
18,Armstrong Amdt. No. 1262,"February 27, 1990,  07:07 PM",Amendment Agreed to (91-3)
19,Motion to Table Amdt. No. 1267,"February 27, 1990,  07:29 PM",Motion to Table Agreed to (54-41)
20,Motion to Table Amdt. No. 1269,"February 28, 1990,  01:28 PM",Motion to Table Agreed to (65-32)
21,Sasser Amdt. No. 1274,"February 28, 1990,  04:39 PM",Amendment Agreed to (79-19)
22,Gramm Amdt. No. 1270,"February 28, 1990,  04:59 PM",Amendment Rejected (48-50)
23,Motion to Table Amdt. No. 1282,"March 1, 1990,  12:50 PM",Motion to Table Failed (47-50)
24,Kennedy Amdt. No. 1282,"March 1, 1990,  01:45 PM",Amendment Agreed to (97-1)
25,Motion to Table Amdt. No. 1284,"March 1, 1990,  02:55 PM",Motion to Table Agreed to (58-40)
26,Humphrey Amdt. No. 1290,"March 1, 1990,  06:33 PM",Amendment Agreed to (79-18)
27,S. 1430,"March 1, 1990,  08:01 PM",Bill Passed (78-19)
28,S. Res. 255,"March 1, 1990,  08:22 PM",Resolution Agreed to (82-15)
29,Baucus Amdt. No. 1297,"March 6, 1990,  05:17 PM",Amendment Agreed to (97-0)
30,Motion to Table Amdt. No. 1302,"March 7, 1990,  04:45 PM",Motion to Table Failed (36-61)
31,Motion to Table Amdt. No. 1319,"March 7, 1990,  10:34 PM",Motion to Table Agreed to (53-43)
32,Motion to Table Amdt. No. 1327,"March 8, 1990,  03:26 PM",Motion to Table Agreed to (81-16)
33,Gore Amdt. No. 1334,"March 8, 1990,  07:41 PM",Amendment Agreed to (80-16)
34,Motion to Table Amdt. No. 1335,"March 8, 1990,  09:33 PM",Motion to Table Agreed to (65-33)
35,Motion to Table Amdt. No. 1344,"March 20, 1990,  07:21 PM",Motion to Table Agreed to (52-46)
36,Boschwitz Amdt. No. 1345,"March 21, 1990,  10:04 AM",Amendment Agreed to (98-0)
37,Motion to Table Amdt. No. 1348,"March 21, 1990,  03:01 PM",Motion to Table Agreed to (53-46)
38,Adams Amdt. No. 1354,"March 21, 1990,  05:28 PM",Amendment Agreed to (92-7)
39,Helms Amdt. No. 1355,"March 21, 1990,  07:21 PM",Amendment Rejected (36-59)
40,Motion to Table Amdt. No. 1321,"March 22, 1990,  06:55 PM",Motion to Table Agreed to (52-47)
41,Motion to Table Amdt. No. 1372,"March 22, 1990,  08:14 PM",Motion to Table Agreed to (91-5)
42,S.Con.Res. 108,"March 22, 1990,  10:09 PM",Concurrent Resolution Agreed to (93-0)
43,Motion to Table Amdt. No. 1373,"March 27, 1990,  09:30 AM",Motion to Table Failed (47-50)
44,Nickles Amdt. No. 1373,"March 27, 1990,  02:39 PM",Amendment Rejected (47-50)
45,Motion to Table Amdt. No. 1330,"March 28, 1990,  12:15 PM",Motion to Table Agreed to (71-26)
46,Motion to Table Amdt. No. 1411,"March 28, 1990,  03:43 PM",Motion to Table Failed (40-57)
47,Byrd Amdt. No. 1329 - Further Modified,"March 29, 1990,  03:09 PM",Amendment Rejected (49-50)
48,Motion to Table Amdt. No. 1423,"March 29, 1990,  07:24 PM",Motion to Table Failed (30-69)
49,Motion to Table Amdt. No. 1438,"April 3, 1990,  11:03 AM",Motion to Table Agreed to (64-33)
50,Motion to Table Amdt. No. 1431,"April 3, 1990,  11:46 AM",Motion to Table Agreed to (57-40)
51,Motion to Table Amdt. No. 1432,"April 3, 1990,  12:35 PM",Motion to Table Agreed to (65-31)
52,Motion to Table Amdt. No. 1439,"April 3, 1990,  03:08 PM",Motion to Table Agreed to (82-15)
53,Dole - Nickles - Heflin Amdt. No. 1456,"April 3, 1990,  08:02 PM",Amendment Rejected (49-51)
54,Motion to Table Amdt. No. 1457,"April 3, 1990,  08:35 PM",Motion to Table Failed (33-67)
55,S. 1630 - Clean Air Act,"April 3, 1990,  09:02 PM",Bill Passed (89-11)
56,Nomination - Ryan,"April 4, 1990,  05:12 PM",Nomination Confirmed (62-37)
57,H.R. 7,"April 5, 1990,  02:13 PM",Bill Passed (96-0)
58,Helms Amdt. No. 1624,"May 16, 1990,  12:18 PM",Amendment Rejected (28-70)
59,Kennedy Amdt. No. 1625,"May 16, 1990,  12:44 PM",Amendment Agreed to (98-0)
60,Helms Amdt. No. 1626,"May 16, 1990,  03:08 PM",Amendment Rejected (47-52)
61,Kennedy Amdt. No. 1627,"May 16, 1990,  03:33 PM",Amendment Agreed to (99-0)
62,Final Passage - S.2240,"May 16, 1990,  05:47 PM",Bill Passed (95-4)
63,Heinz Amdt. No. 1638,"May 17, 1990,  05:25 PM",Amendment Agreed to (96-0)
64,Motion To Table S.Amdt. 1648,"May 17, 1990,  07:18 PM",Motion to Table Agreed to (56-39)
65,Motion To Invoke Cloture On S.195,"May 17, 1990,  08:11 PM","Cloture Motion Agreed to (87-4, 3/5 majority required)"
66,Final Passage - H.R. 3033,"May 17, 1990,  10:49 PM",Bill Passed (92-0)
67,Motion To Table S.Amdt. 1676,"May 22, 1990,  06:19 PM",Motion to Table Agreed to (82-17)
68,Hatch Amdt. No. 1681,"May 23, 1990,  10:36 AM",Amendment Rejected (48-52)
69,Motion To Reconsider Vote No. 103,"May 23, 1990,  01:31 PM",Motion to Reconsider Rejected (49-50)
70,Thurmond Amdt. No. 1687,"May 23, 1990,  07:21 PM",Amendment Rejected (47-50)
71,Motion To Reconsider,"May 24, 1990,  10:00 AM",Motion to Reconsider Agreed to (52-46)
72,Thurmond Amdt. No.1690,"May 24, 1990,  11:03 AM",Amendment Rejected (38-59)
73,Graham Amdt. No. 1694,"May 24, 1990,  02:16 PM",Amendment Agreed to (58-38)
74,Motion To Invoke Cloture On S. 1970,"June 5, 1990,  02:30 PM","Cloture Motion Rejected (54-37, 3/5 majority required)"
75,Motion To Table Helms Motion To Instruct Conferees,"June 6, 1990,  01:47 PM",Motion to Table Failed (40-53)
76,Motion To Waive Budget Act,"June 6, 1990,  06:44 PM","Motion Rejected (43-50, 3/5 majority required)"
77,Motion To Invoke Cloture On S.1970,"June 7, 1990,  10:31 AM","Cloture Motion Rejected (57-37, 3/5 majority required)"
78,S. 1875,"June 12, 1990,  09:11 AM",Bill Passed (97-1)
79,Motion To Invoke Cloture On S.341,"June 12, 1990,  06:01 PM","Cloture Motion Rejected (56-44, 3/5 majority required)"
80,Veto Override,"June 12, 1990,  06:22 PM","Veto Sustained (64-36, 2/3 majority required)"
81,H. R. 987,"June 13, 1990,  02:01 PM",Bill Passed (99-0)
82,Heinz Amdt. No. 2024,"June 19, 1990,  12:02 PM",Amendment Agreed to (96-2)
83,S.Amdt. 2033  Agreed To,"June 19, 1990,  06:19 PM",Amendment Agreed to (100-0)
84,Kennedy Amdt. No. 2038,"June 20, 1990,  11:25 AM",Amendment Agreed to (89-11)
85,Motion To Table S.Amdt. 2045,"June 20, 1990,  03:21 PM",Motion to Table Agreed to (61-38)
86,Shall The Bill Pass,"June 21, 1990,  11:32 AM","Veto Sustained (65-35, 2/3 majority required)"
87,Motion To Table Chafee Amdt. No. 2052,"June 21, 1990,  02:18 PM",Motion to Table Agreed to (59-39)
88,Motion To Table S.Amdt. 2053,"June 21, 1990,  04:44 PM",Motion to Table Agreed to (52-45)
89,Motion To Instruct,"June 22, 1990,  09:37 AM",Motion for Attendance Agreed to (76-15)
90,Point Of Order,"June 26, 1990,  03:05 PM",Point of Order Sustained (51-48)
91,Helms Amdt. No. 2067,"June 26, 1990,  04:17 PM",Amendment Rejected (10-90)
92,Biden Amdt. No. 2068,"June 26, 1990,  06:09 PM",Amendment Rejected (7-93)
93,Const Amdt. - S.J.Res.332,"June 26, 1990,  06:58 PM","Joint Resolution Defeated (58-42, 2/3 majority required)"
94,Motion To Table S.Amdt. 2072,"June 27, 1990,  04:24 PM",Motion to Table Agreed to (63-35)
95,Motion To Table S.Amdt. 2074,"June 27, 1990,  07:12 PM",Motion to Table Agreed to (55-43)
96,Boschwitz Amdt. No. 2076,"June 27, 1990,  06:22 PM",Amendment Rejected (42-54)
97,Passage - S.566,"June 27, 1990,  08:29 PM",Bill Passed (96-1)
98,Deconcini Amdt. 2085,"June 28, 1990,  04:35 PM",Amendment Agreed to (50-48)
99,Gramm Amdt. No. 2084,"June 28, 1990,  05:05 PM",Amendment Agreed to (87-12)
100,Gorton Amdt. No. 2090,"June 28, 1990,  07:05 PM",Amendment Agreed to (79-20)
101,Motion To Table S.Amdt. 2092,"June 28, 1990,  08:08 PM",Motion to Table Failed (37-62)
102,McClure Amdt. No. 2093,"June 28, 1990,  08:47 PM",Motion to Table Agreed to (51-47)
103,Hatch Amdt. No. 2096,"June 28, 1990,  09:54 PM",Amendment Rejected (44-55)
104,Specter Amdt. No. 1841,"June 28, 1990,  10:38 PM",Amendment Agreed to (64-35)
105,D'amato Amdt. No. 2097,"June 28, 1990,  11:15 PM",Amendment Agreed to (66-32)
106,Wilson Amdt. No. 2098,"June 28, 1990,  11:29 PM",Amendment Rejected (43-55)
107,Biden Amdt. No. 2099,"June 28, 1990,  11:42 PM",Amendment Agreed to (96-2)
108,Hatfield Amdt. No. 2100,"June 29, 1990,  12:17 AM",Amendment Rejected (25-73)
109,Motion To Table S.Amdt. 2112,"July 10, 1990,  07:45 PM",Motion to Table Failed (18-74)
110,Motion To Table S.Amdt. 2114,"July 10, 1990,  08:36 PM",Motion to Table Agreed to (63-26)
111,Wirth Amdt. No. 2116,"July 11, 1990,  12:31 PM",Amendment Agreed to (99-1)
112,S. 1970,"July 11, 1990,  12:52 PM",Bill Passed (94-6)
113,Helms Amdt. No. 2119,"July 11, 1990,  05:41 PM",Amendment Rejected (39-61)
114,Hatch Amdt. No. 2118,"July 11, 1990,  06:05 PM",Amendment Agreed to (99-1)
115,Motion to Table S.Amdt. 2121,"July 12, 1990,  03:41 PM",Motion to Table Agreed to (68-32)
116,Motion to Table Amendment No. 2123,"July 12, 1990,  06:26 PM",Motion to Table Agreed to (69-30)
117,S. 933 Conference Report,"July 13, 1990,  09:34 AM",Conference Report Agreed to (91-6)
118,Motion to Table Amendment No. 2124,"July 13, 1990,  11:46 AM",Motion to Table Agreed to (69-29)
119,Motion to Table Amendment No. 2125,"July 13, 1990,  02:08 PM",Motion to Table Agreed to (69-24)
120,Motion to Table Amendment No. 2204,"July 17, 1990,  12:02 PM",Motion to Table Agreed to (70-29)
121,Gorton Amendment No. 2211,"July 17, 1990,  12:23 PM",Motion to Table Agreed to (65-35)
122,H.R. 4328,"July 17, 1990,  02:17 PM",Bill Passed (68-32)
123,Motion to Invoke Cloture ,"July 17, 1990,  02:36 PM","Cloture Motion Agreed to (62-38, 3/5 majority required)"
124,Kennedy Amendment No. 2270,"July 17, 1990,  04:47 PM",Amendment Agreed to (60-40)
125,Kennedy Amendment No. 2275,"July 18, 1990,  09:26 PM",Amendment Agreed to (65-34)
126,S. 2104,"July 18, 1990,  09:47 PM",Bill Passed (65-34)
127,Motion to Table Reid Amendment No. 2305,"July 19, 1990,  05:47 PM",Motion to Table Agreed to (66-30)
128,Amdt. No. 2315,"July 20, 1990,  11:20 AM",Amendment Rejected (37-50)
129,Grassley Amendment No. 2333,"July 23, 1990,  07:41 PM",Amendment Rejected (32-60)
130,Motion to Table Amendment No. 2331  ,"July 23, 1990,  08:01 PM",Motion to Table Agreed to (62-29)
131,Motion to Table Bradley  Amendment No. 2314,"July 24, 1990,  10:31 AM",Motion to Table Agreed to (54-44)
132,Boschwitz Amendment No. 2336,"July 24, 1990,  12:29 PM",Amendment Rejected (32-65)
133,Motion to Table Amendment No. 2337,"July 24, 1990,  03:57 PM",Motion to Table Failed (46-52)
134,Motion to Table Amendment No. 2338,"July 24, 1990,  05:40 PM",Motion to Table Agreed to (62-34)
135,Daschle Amendment No. 2342,"July 24, 1990,  09:13 PM",Amendment Rejected (24-72)
136,Motion to Table Grassley Amendment No.2343,"July 24, 1990,  10:40 PM",Motion to Table Agreed to (66-30)
137,Baucus Amendment No. 2353,"July 25, 1990,  01:17 PM",Amendment Rejected (26-72)
138,Motion to Table Amendment No. 2354,"July 25, 1990,  01:49 PM",Motion to Table Agreed to (57-41)
139,Motion To Instruct,"July 25, 1990,  03:19 PM",Motion Agreed to (97-1)
140,S. Res. 311,"July 25, 1990,  06:34 PM",Resolution Agreed to (96-0)
141,Motion to Table Daschle Amdt. No. 2383,"July 26, 1990,  01:40 PM",Motion to Table Failed (42-55)
142,Motion to Table Amdt. No. 2384,"July 26, 1990,  04:56 PM",Motion to Table Failed (46-50)
143,Helms Amdt. No. 2389,"July 27, 1990,  10:02 AM",Amendment Agreed to (64-32)
144,Deconcini Amdt. No. 2397,"July 27, 1990,  10:31 AM",Amendment Agreed to (80-16)
145,Motion to Table Amdt. No. 2398,"July 27, 1990,  11:24 AM",Motion to Table Agreed to (57-38)
146,D'Amato Amdt. No. 2396,"July 27, 1990,  11:46 AM",Amendment Agreed to (83-12)
147,Motion to Table Symms Amdt. No. 2399,"July 27, 1990,  12:35 PM",Motion to Table Agreed to (52-43)
148,Pressler Amdt. No. 2400,"July 27, 1990,  01:46 PM",Amendment Rejected (40-55)
149,Specter Amdt. No. 2401,"July 27, 1990,  02:08 PM",Amendment Rejected (29-66)
150,Heinz Amdt. No. 2404,"July 27, 1990,  02:27 PM",Amendment Rejected (25-68)
151,Motion to Table Grassley Amdt. No. 2425,"July 27, 1990,  04:48 PM",Motion to Table Agreed to (62-30)
152,S. 2830 - Farm Bill,"July 27, 1990,  05:28 PM",Bill Passed (70-21)
153,McConnell Amdt. No. 2433,"July 30, 1990,  08:00 PM",Amendment Rejected (46-49)
154,Hatch Amdt. No. 2438,"July 31, 1990,  11:25 AM",Amendment Rejected (41-59)
155,Boren Amdt. No. 2439,"July 31, 1990,  12:37 PM",Amendment Agreed to (57-43)
156,Bentsen Amdt. No. 2440,"July 31, 1990,  02:54 PM",Amendment Agreed to (73-27)
157,McConnell Amdt. No. 2442,"July 31, 1990,  07:20 PM",Amendment Rejected (41-58)
158,Nickles Amdt. No. 2441,"July 31, 1990,  07:40 PM",Amendment Agreed to (98-1)
159,Kerry Amdt. No. 2443,"July 31, 1990,  10:40 PM",Amendment Rejected (38-60)
160,McCain Amdt. No. 2444,"July 31, 1990,  11:04 PM",Amendment Rejected (49-49)
161,Dodd Amdt. No. 2445,"August 1, 1990,  12:15 PM",Amendment Agreed to (77-23)
162,Moynihan Amdt. No. 2446,"August 1, 1990,  01:52 PM",Amendment Agreed to (51-49)
163,Wilson Amdt. No. 2447,"August 1, 1990,  02:24 PM",Amendment Agreed to (59-41)
164,Exon Amdt. No. 2448,"August 1, 1990,  03:15 PM",Amendment Rejected (39-60)
165,Boren Amdt. No. 2449,"August 1, 1990,  04:26 PM",Amendment Agreed to (55-44)
166,McCain Amdt. No. 2450,"August 1, 1990,  06:03 PM",Amendment Rejected (44-55)
167,Dole Amdt. No. 2452,"August 1, 1990,  08:59 PM",Amendment Rejected (44-55)
168,Motion to Table,"August 1, 1990,  09:48 PM",Motion to Table Agreed to (73-26)
169,S. 137 - Final Passage,"August 1, 1990,  10:07 PM",Bill Passed (59-40)
170,McClure Amdt. No. 2491,"August 2, 1990,  09:59 AM",Amendment Agreed to (76-23)
171,Conference Report,"August 2, 1990,  12:15 PM",Conference Report Agreed to (99-0)
172,Nunn Amdt. No. 2485,"August 2, 1990,  05:29 PM",Amendment Agreed to (97-2)
173,Leahy Amdt. No. 2494,"August 2, 1990,  05:51 PM",Amendment Rejected (43-56)
174,Cohen Amdt. No. 2493,"August 2, 1990,  06:30 PM",Amendment Rejected (45-53)
175,Dixon Amdt. No. 2495,"August 2, 1990,  08:04 PM",Motion to Table Agreed to (51-47)
176,S.Res.318,"August 2, 1990,  10:11 PM",Resolution Agreed to (97-0)
177,Cloture,"August 3, 1990,  10:34 AM","Cloture Motion Rejected (58-41, 3/5 majority required)"
178,Conrad Amdt. No. 2515,"August 3, 1990,  11:46 AM",Motion to Table Agreed to (59-40)
179,Motion to Table,"August 3, 1990,  12:49 PM",Motion to Table Agreed to (67-32)
180,Motion to Table,"August 3, 1990,  02:52 PM",Motion to Table Agreed to (55-44)
181,Deconcini Amdt. No. 2522,"August 3, 1990,  03:51 PM",Motion to Table Agreed to (51-48)
182,Roth Amdt. No. 2523,"August 3, 1990,  05:16 PM",Motion to Table Agreed to (93-6)
183,Motion to Table,"August 3, 1990,  05:38 PM",Motion to Table Agreed to (81-18)
184,Motion to Table,"August 3, 1990,  07:32 PM",Motion to Table Agreed to (52-45)
185,Bumpers Amdt. No. 2550,"August 3, 1990,  08:41 PM",Motion to Table Failed (43-54)
186,Bumpers Amdt. No. 2550,"August 3, 1990,  09:31 PM",Amendment Rejected (43-54)
187,Glenn Amdt. No. 2552,"August 3, 1990,  11:08 PM",Amendment Rejected (29-67)
188,Bingaman Amdt. No. 2588,"August 4, 1990,  01:03 PM",Amendment Agreed to (54-44)
189,Warner Amdt. No. 2587,"August 4, 1990,  01:26 PM",Amendment Agreed to (97-1)
190,Bumpers Amdt. No. 2589,"August 4, 1990,  02:38 PM",Motion to Table Agreed to (56-41)
191,Motion To Table Amendment No. 2590,"August 4, 1990,  02:58 PM",Motion to Table Agreed to (54-43)
192,S. 2884,"August 4, 1990,  04:07 PM",Bill Passed (79-16)
193,Motion To Waive,"September 11, 1990,  04:45 PM","Motion Rejected (35-64, 3/5 majority required)"
194,Motion To Table,"September 11, 1990,  05:18 PM",Motion to Table Agreed to (63-36)
195,Heinz Amendment No. 2625,"September 11, 1990,  05:54 PM",Amendment Agreed to (97-2)
196,H.R. 5241,"September 11, 1990,  06:18 PM",Bill Passed (93-6)
197,Hollings Amendment No. 2431,"September 12, 1990,  06:15 PM",Amendment Rejected (39-59)
198,Adams Amendment No. 2637,"September 12, 1990,  06:42 PM",Amendment Agreed to (98-0)
199,Motion To Table Amendment No. 2638,"September 12, 1990,  07:05 PM",Motion to Table Failed (45-54)
200,Motion To Invoke Cloture,"September 14, 1990,  10:15 AM","Cloture Motion Agreed to (68-28, 3/5 majority required)"
201,Treaty 99-13 And Treaty 101-9,"September 18, 1990,  02:26 PM","Resolution of Ratification Agreed to (99-0, 2/3 majority required)"
202,Treaty 100-22,"September 18, 1990,  02:26 PM","Resolution of Ratification Agreed to (99-0, 2/3 majority required)"
203,Treaty 101-5,"September 18, 1990,  02:26 PM","Resolution of Ratification Agreed to (99-0, 2/3 majority required)"
204,Treaty 101-6,"September 18, 1990,  02:26 PM","Resolution of Ratification Agreed to (99-0, 2/3 majority required)"
205,Treaty 101-10,"September 18, 1990,  02:26 PM","Resolution of Ratification Agreed to (99-0, 2/3 majority required)"
206,Treaty 101-11,"September 18, 1990,  02:26 PM","Resolution of Ratification Agreed to (99-0, 2/3 majority required)"
207,Treaty 101-16,"September 18, 1990,  02:26 PM","Resolution of Ratification Agreed to (99-0, 2/3 majority required)"
208,Pryor Amendment No. 2669,"September 18, 1990,  02:46 PM",Amendment Agreed to (80-19)
209,Coats Amendment No. 2640,"September 18, 1990,  04:09 PM",Amendment Agreed to (68-31)
210,S. 1511,"September 24, 1990,  07:01 PM",Bill Passed (94-1)
211,Motion To Table Amendment No. 2714,"September 24, 1990,  07:21 PM",Motion to Table Agreed to (49-46)
212,Danforth Amendment No. 2755,"September 24, 1990,  07:36 PM",Amendment Agreed to (55-40)
213,Motion To Invoke Cloture,"September 25, 1990,  02:16 PM","Cloture Motion Rejected (57-42, 3/5 majority required)"
214,Treaty 94-25A,"September 25, 1990,  03:51 PM","Resolution of Ratification Agreed to (98-0, 2/3 majority required)"
215,Treaty 94-25B,"September 25, 1990,  03:51 PM","Resolution of Ratification Agreed to (98-0, 2/3 majority required)"
216,H.R. 5268,"September 25, 1990,  04:27 PM",Bill Passed (79-19)
217,Chafee Amendment No. 2762,"September 25, 1990,  06:46 PM",Amendment Agreed to (62-36)
218,Hatch Amendment No. 2763,"September 25, 1990,  07:46 PM",Amendment Rejected (34-58)
219,Pressler Amendment No. 2884,"September 26, 1990,  11:57 AM",Amendment Agreed to (96-1)
220,Motion To Table Amendment No. 2887,"September 26, 1990,  03:11 PM",Motion to Table Failed (43-54)
221,Motion To Invoke Cloture,"September 26, 1990,  05:01 PM","Cloture Motion Rejected (50-46, 3/5 majority required)"
222,Motion To Invoke Cloture,"September 26, 1990,  05:25 PM","Cloture Motion Rejected (55-42, 3/5 majority required)"
223,S. Con. Res. 147,"October 2, 1990,  02:16 PM",Concurrent Resolution Agreed to (96-3)
224,Nomination - Souter,"October 2, 1990,  06:00 PM",Nomination Confirmed (90-9)
225,H.R. 5158,"October 3, 1990,  06:16 PM",Bill Passed (90-8)
226,H.Con.Res.310,"October 9, 1990,  12:02 AM",Conference Report Agreed to (66-33)
227,Motion To Waive The Budget Act Re: S.3167,"October 10, 1990,  01:02 PM","Motion Rejected (54-44, 3/5 majority required)"
228,Treaty 101-20,"October 10, 1990,  04:14 PM","Resolution of Ratification Agreed to (98-0, 2/3 majority required)"
229,H.R. 2061,"October 11, 1990,  05:01 PM",Bill Passed (98-0)
230,H.R. 5021,"October 11, 1990,  05:23 PM",Bill Passed (91-7)
231,Motion To Table Amendment No. 2954,"October 12, 1990,  02:59 PM",Motion to Table Failed (48-48)
232,Motion To Table Amendment No. 2956,"October 12, 1990,  04:14 PM",Motion to Table Agreed to (70-24)
233,Motion To Table Amendment No. 2957,"October 12, 1990,  05:22 PM",Motion to Table Agreed to (69-23)
234,H.R. 5257,"October 12, 1990,  06:02 PM",Bill Passed (76-15)
235,Motion To Invoke Cloture On Committee Amendment,"October 12, 1990,  07:38 PM","Cloture Motion Rejected (51-38, 3/5 majority required)"
236,Conrad Amendment No. 2988,"October 15, 1990,  03:42 PM",Amendment Rejected (46-50)
237,Leahy Amendment No. 2992,"October 15, 1990,  06:02 PM",Amendment Rejected (44-50)
238,H.R. 5803,"October 15, 1990,  07:24 PM",Bill Passed (79-16)
239,S. 1430 Conference Report,"October 16, 1990,  07:52 PM",Conference Report Agreed to (75-21)
240,Motion To Recommit To Conference,"October 16, 1990,  08:12 PM",Motion to Recommit Rejected (35-61)
241,S. 2104 Conference Report,"October 16, 1990,  09:06 PM",Conference Report Agreed to (62-34)
242,Motion To Waive Budget Act,"October 17, 1990,  09:24 PM","Motion Rejected (32-67, 3/5 majority required)"
243,Motion To Table Amendment No. 3014,"October 17, 1990,  11:33 PM",Motion to Table Failed (40-59)
244,Motion To Waive The Budget Act,"October 18, 1990,  10:33 AM","Motion Rejected (41-58, 3/5 majority required)"
245,Motion To Waive CBA,"October 18, 1990,  01:31 PM","Motion Rejected (45-55, 3/5 majority required)"
246,Boren Amendment No. 3028,"October 18, 1990,  03:02 PM",Amendment Rejected (44-56)
247,Motion To Table Amendment No. 3032,"October 18, 1990,  04:07 PM",Motion to Table Failed (21-79)
248,Hollings Amendment No. 3033,"October 18, 1990,  04:41 PM",Amendment Agreed to (98-2)
249,Motion To Table Amendment No. 3034,"October 18, 1990,  06:34 PM",Motion to Table Failed (0-100)
250,Motion To Waive The Budget Act,"October 18, 1990,  06:59 PM","Motion Rejected (49-51, 3/5 majority required)"
251,Motion To Waive Budget Act,"October 18, 1990,  07:17 PM","Motion Rejected (39-61, 3/5 majority required)"
252,Motion To Waive,"October 18, 1990,  08:09 PM","Motion Rejected (48-52, 3/5 majority required)"
253,Motion To Waive Budget Act,"October 18, 1990,  08:29 PM","Motion Rejected (33-67, 3/5 majority required)"
254,Levin Amendment No. 3042,"October 18, 1990,  08:45 PM",Amendment Rejected (44-56)
255,Motion To Waive Budget Act - Re:Ford Modification -Title III,"October 18, 1990,  09:18 PM","Motion Agreed to (69-31, 3/5 majority required)"
256,Motion To Waive,"October 19, 1990,  12:41 AM","Motion Agreed to (75-25, 3/5 majority required)"
257,H.R. 5835,"October 19, 1990,  01:06 AM",Bill Passed (54-46)
258,Leahy Amendment No. 3061,"October 19, 1990,  03:30 PM",Amendment Agreed to (74-25)
259,Motion To Table Amendment No. 3062,"October 19, 1990,  05:02 PM",Motion to Table Agreed to (90-8)
260,Graham Amendment No. 3063,"October 19, 1990,  07:28 PM",Amendment Rejected (39-58)
261,Leahy Amendment No. 3065,"October 19, 1990,  08:30 PM",Amendment Agreed to (94-2)
262,Harkin Amendment No. 3066,"October 19, 1990,  09:51 PM",Amendment Rejected (42-55)
263,Motion To Table Wirth Amendment No. 3067,"October 19, 1990,  11:22 PM",Motion to Table Failed (41-57)
264,Byrd Amendment No. 3091,"October 22, 1990,  02:00 PM",Amendment Agreed to (95-3)
265,Motion To Strike Language,"October 22, 1990,  03:59 PM",Motion Rejected (1-97)
266,"Committee Amdt - Page 155, Line 13","October 22, 1990,  11:10 PM",Amendment Not Germane (48-50)
267,Motion To Table Fowler Amendment No. 3110,"October 23, 1990,  04:29 PM",Motion to Table Agreed to (52-44)
268,Motion To Table Amendment No. 3112,"October 23, 1990,  09:24 PM",Motion to Table Agreed to (62-34)
269,S. 2104 - Veto Override,"October 24, 1990,  11:52 AM","Veto Sustained (66-34, 2/3 majority required)"
270,Motion To Table,"October 24, 1990,  01:35 PM",Motion to Table Agreed to (52-47)
271,H.R. 5114,"October 24, 1990,  01:59 PM",Bill Passed (76-23)
272,Helms Amendment No. 3119,"October 24, 1990,  03:24 PM",Amendment Rejected (29-70)
273,Hatch Amendment No. 3130,"October 24, 1990,  05:49 PM",Amendment Agreed to (73-24)
274,H.R. 5769,"October 24, 1990,  07:44 PM",Bill Passed (92-6)
275,Motion To Table Amendment No. 3143,"October 24, 1990,  10:48 PM",Motion to Table Failed (32-60)
276,Ford Amendment No. 3147,"October 25, 1990,  10:46 AM",Amendment Rejected (42-51)
277,Nickles Amendment No. 3146,"October 25, 1990,  11:34 AM",Amendment Agreed to (50-44)
278,Wirth Amendment No. 3161,"October 25, 1990,  02:45 PM",Amendment Agreed to (73-22)
279,H.R. 5399,"October 25, 1990,  03:10 PM",Bill Passed (72-24)
280,H.R. 5257 Conference Report,"October 25, 1990,  06:32 PM",Conference Report Agreed to (82-15)
281,Bingaman Amendment No. 3163,"October 25, 1990,  06:55 PM",Motion to Table Failed (42-55)
282,S. 2830 Conference Report,"October 25, 1990,  07:30 PM",Conference Report Agreed to (60-36)
283,Dole Amendment No. 3164,"October 25, 1990,  08:28 PM",Amendment Agreed to (95-1)
284,H.R. 5803 Conference Report,"October 26, 1990,  03:48 PM",Conference Report Agreed to (80-17)
285,H.R. 4739 Conference Report,"October 26, 1990,  04:09 PM",Conference Report Agreed to (80-17)
286,Motion To Table Amendment No. 3182,"October 26, 1990,  06:36 PM",Motion to Table Agreed to (54-42)
287,Motion To Table Motion To Reconsider,"October 26, 1990,  07:08 PM",Motion to Table Agreed to (52-44)
288,S. 358,"October 26, 1990,  09:10 PM",Conference Report Agreed to (89-8)
289,S. 1630 Conference Report,"October 27, 1990,  12:01 PM",Conference Report Agreed to (89-10)
290,S. 566 Conference Report,"October 27, 1990,  12:21 PM",Conference Report Agreed to (93-6)
291,H.R. 5835 Conference Report,"October 27, 1990,  05:31 PM",Conference Report Agreed to (54-45)
