,title,vote_date,vote_result
0,Motion to Invoke Cloture on the Conference Report to Accompany H.R. 2673,"January 20, 2004,  03:10 PM","Cloture Motion Rejected (48-45, 3/5 majority required)"
1,Motion to Invoke Cloture on the Conference Report to Accompany H.R. 2673,"January 20, 2004,  03:10 PM","Cloture Motion Rejected (48-45, 3/5 majority required)"
2,Motion To Invoke Cloture On The Conference Report To Accompany H. R. 2673,"January 22, 2004,  12:00 PM","Cloture Motion Agreed to (61-32, 3/5 majority required)"
3,H. R. 2673 Conference Report,"January 22, 2004,  12:30 PM",Conference Report Agreed to (65-28)
4,Motion To Table Kyl Amdt. No. 2234,"January 27, 2004,  02:31 PM",Motion to Table Agreed to (67-25)
5,H.R. 3108 As Amended,"January 28, 2004,  12:03 PM",Bill Passed (86-9)
6,"Confirmation of Gary L. Sharpe, of New York, To Be U.S. District Judge","January 28, 2004,  12:41 PM",Nomination Confirmed (95-0)
7,Motion To Invoke Cloture On The Motion To Proceed To Consider S. 1072,"February 2, 2004,  05:47 PM","Cloture Motion Agreed to (75-11, 3/5 majority required)"
8,"Confirmation Mark R. Filip, of Illinois, To Be U. S. District Judge","February 4, 2004,  04:09 PM",Nomination Confirmed (96-0)
9,"Motion To Table Warner Amdt. No 2286, as Modified","February 11, 2004,  11:30 AM",Motion to Table Agreed to (57-41)
10,Motion To Invoke Cloture On The Inhofe Amdt. No. 2285 To S.1072,"February 12, 2004,  09:00 AM","Cloture Motion Agreed to (86-11, 3/5 majority required)"
11,Hutchinson Amdt. No. 2388,"February 12, 2004,  10:53 AM",Amendment Rejected (17-78)
12,Motion To Waive C.B.A. Re: Inhofe Amdt No 2285 and S. 1072,"February 12, 2004,  02:39 PM","Point of Order Not Sustained (72-24, 3/5 majority required)"
13,Kyl Amdt. No. 2473,"February 12, 2004,  03:27 PM",Amendment Rejected (20-78)
14,S. 1072: As Amended,"February 12, 2004,  06:33 PM",Bill Passed (76-21)
15,Motion To Invoke Cloture On The Motion To Proceed To Consider S. 2061,"February 24, 2004,  05:08 PM","Motion Rejected (48-45, 3/5 majority required)"
16,"Motion To Invoke Cloture On The Motion To Proceed To S. 1805

","February 25, 2004,  10:31 AM","Motion Agreed to (75-22, 3/5 majority required)"
17,Boxer Amdt. No. 2620 As Amended,"February 26, 2004,  11:03 AM",Amendment Agreed to (70-27)
18,Motion To Waive CBA Cantwell Amdt. No. 2617,"February 26, 2004,  04:06 PM","Motion Rejected (58-39, 3/5 majority required)"
19,Frist Amdt. No. 2628,"February 26, 2004,  06:01 PM",Amendment Agreed to (59-37)
20,Mikulski Amdt. No. 2627,"February 26, 2004,  06:35 PM",Amendment Rejected (40-56)
21,Frist Amdt. No. 2630,"February 26, 2004,  07:47 PM",Amendment Agreed to (60-34)
22,Corzine Amdt. 2629,"February 26, 2004,  08:16 PM",Amendment Rejected (38-56)
23,Bingaman amdt. No. 2635,"March 1, 2004,  05:01 PM",Amendment Rejected (28-59)
24,Feinstein Amdt. No. 2637,"March 2, 2004,  11:38 AM",Amendment Agreed to (52-47)
25,McCain Amdt. No. 2636,"March 2, 2004,  12:09 PM",Amendment Agreed to (53-46)
26,Campbell Amdt. No. 2623,"March 2, 2004,  12:46 PM",Amendment Agreed to (91-8)
27,Frist Amdt. No. 2625,"March 2, 2004,  02:23 PM",Amendment Agreed to (85-12)
28,Kennedy Amdt. 2619,"March 2, 2004,  02:57 PM",Amendment Rejected (34-63)
29,Motion to table Levin Amdt. No. 2631,"March 2, 2004,  03:20 PM",Motion to Table Agreed to (56-41)
30,S. 1805 as amended,"March 2, 2004,  03:51 PM",Bill Defeated (8-90)
31,Hatch Amdt. No. 2647: as amended,"March 3, 2004,  03:31 PM",Amendment Agreed to (93-0)
32,"Dodd Amdt. No. 2660, as modified and amended","March 4, 2004,  04:00 PM",Amendment Agreed to (70-26)
33,Conrad Amdt. No. 2704,"March 9, 2004,  02:43 PM",Amendment Rejected (46-51)
34,Daschle Amdt. No. 2710,"March 9, 2004,  06:02 PM",Amendment Rejected (44-53)
35,Murray Amdt. No. 2719,"March 10, 2004,  01:35 PM",Amendment Rejected (46-52)
36,Byrd Amdt. No. 2735,"March 10, 2004,  05:55 PM",Amendment Rejected (47-52)
37,Warner Amdt. No. 2742,"March 10, 2004,  06:29 PM",Amendment Agreed to (95-4)
38,Feingold Amdt. No. 2748,"March 10, 2004,  06:52 PM",Amendment Agreed to (51-48)
39,Baucus Amdt. No. 2751,"March 10, 2004,  09:05 PM",Amendment Agreed to (53-43)
40,Nelson Amdt. No. 2745,"March 10, 2004,  09:34 PM",Amendment Rejected (46-51)
41,Boxer Amdt. No. 2783,"March 11, 2004,  04:36 PM",Amendment Rejected (41-53)
42,Sarbanes Amdt. No. 2789,"March 11, 2004,  05:11 PM",Amendment Rejected (41-55)
43,S. Res. 319,"March 11, 2004,  05:40 PM",Resolution Agreed to (96-0)
44,Dorgan Amdt. No. 2793,"March 11, 2004,  06:00 PM",Amendment Rejected (41-55)
45,Lautenberg Amdt.No. 2703,"March 11, 2004,  06:19 PM",Amendment Rejected (44-52)
46,Harkin Amdt. No. 2799,"March 11, 2004,  06:37 PM",Amendment Rejected (32-64)
47,Lincoln Amdt. No. 2803,"March 11, 2004,  06:54 PM",Amendment Rejected (43-53)
48,Byrd Amdt. No. 2804,"March 11, 2004,  07:28 PM",Amendment Rejected (43-53)
49,Motion To Waive CBA Bingaman Amdt. No. 2765,"March 11, 2004,  07:28 PM","Motion Rejected (43-53, 3/5 majority required)"
50,Lieberman Amdt. No. 2807,"March 11, 2004,  07:50 PM",Amendment Rejected (40-57)
51,Kennedy Amdt. No. 2725,"March 11, 2004,  08:10 PM",Amendment Rejected (44-53)
52,Daschle Amdt. No.2774,"March 11, 2004,  08:35 PM",Amendment Rejected (42-54)
53,Dodd Amdt. No. 2762,"March 11, 2004,  08:59 PM",Amendment Rejected (42-54)
54,Levin Amdt. No. 2817,"March 11, 2004,  10:18 PM",Amendment Agreed to (52-43)
55,Motion To Waive McConnell Amdt. No. 2840,"March 11, 2004,  11:08 PM","Motion Rejected (51-45, 3/5 majority required)"
56,Specter Amdt. No. 2741 as modified,"March 11, 2004,  11:16 PM",Amendment Agreed to (72-24)
57,Lautenberg Amdt. 2797,"March 11, 2004,  11:44 PM",Amendment Rejected (42-54)
58,S. Con. Res. 95,"March 12, 2004,  01:08 AM",Concurrent Resolution Agreed to (51-45)
59,Confirmation Louis Guirola to be U.S. District Judge for the Southern District of Mississippi,"March 12, 2004,  01:28 AM",Nomination Confirmed (92-0)
60,Motion To Invoke Cloture on the Motion to Recommit S. 1637 to the Committee on Finance with Instructions,"March 24, 2004,  11:36 AM","Cloture Motion Rejected (51-47, 3/5 majority required)"
61,Feinstein Amdt. No. 2858,"March 25, 2004,  02:49 PM",Amendment Rejected (49-50)
62,Motion To Waive CBA RE: Murray AMDT. No. 2859,"March 25, 2004,  05:13 PM","Motion Rejected (46-53, 3/5 majority required)"
63,H. R. 1997,"March 25, 2004,  05:39 PM",Bill Passed (61-38)
64,Snowe Amdt. No. 2937,"March 30, 2004,  12:14 PM",Amendment Agreed to (78-20)
65,Motion To Invoke Cloture On The Committee Substitute To H. R. 4,"April 1, 2004,  12:12 PM","Motion Rejected (51-47, 3/5 majority required)"
66,Motion To Invoke Cloture on the Motion to Proceed to Consider S. 2207,"April 7, 2004,  02:16 PM","Cloture Motion Rejected (49-48, 3/5 majority required)"
67,"Motion to Invoke Cloture on the Motion to Recommit S. 1637 to the Committee on Finance, with Instructions.","April 7, 2004,  02:41 PM","Cloture Motion Rejected (50-47, 3/5 majority required)"
68,H.R. 3108 Conference Report,"April 8, 2004,  02:44 PM",Conference Report Agreed to (78-19)
69,Motion to Invoke Cloture on the Motion to Proceed to Consider S. 2290,"April 22, 2004,  12:01 PM","Cloture Motion Rejected (50-47, 3/5 majority required)"
70,"S. 2329, As Amended","April 22, 2004,  02:31 PM",Bill Passed (96-1)
71,Motion to Invoke Cloture on the Motion to Proceed to Consider S. 150 ,"April 26, 2004,  05:32 PM","Cloture Motion Agreed to (74-11, 3/5 majority required)"
72,Motion to Table Hutchison Amdt. No. 3049,"April 27, 2004,  03:41 PM",Motion to Table Agreed to (64-32)
73,Motion To Invoke Cloutre on the Daschle Amdt. No. 3050,"April 29, 2004,  12:10 PM","Cloture Motion Rejected (40-59, 3/5 majority required)"
74,Motion to Invoke Cloture on the Domenici Amdt. No. 3051,"April 29, 2004,  12:40 PM","Cloture Motion Rejected (55-43, 3/5 majority required)"
75,Motion To Invoke Cloture on the McCain Amdt. No. 3048,"April 29, 2004,  01:07 PM","Cloture Motion Agreed to (64-34, 3/5 majority required)"
76,Motion To Table Feinstein Amdt. No. 3052,"April 29, 2004,  05:33 PM",Motion to Table Agreed to (59-37)
77,S. 150 As Amended,"April 29, 2004,  06:01 PM",Bill Passed (93-3)
78,Gregg Amdt. No. 3111,"May 4, 2004,  03:34 PM",Amendment Agreed to (99-0)
79,Harkin Amdt. No. 3107,"May 4, 2004,  04:05 PM",Amendment Agreed to (52-47)
80,Motion To Waive CBA Re: Wyden Amdt. No. 3109 As Modified,"May 4, 2004,  05:31 PM","Motion Rejected (54-45, 3/5 majority required)"
81,Breaux Amdt. No. 3117,"May 5, 2004,  02:46 PM",Amendment Rejected (31-68)
82,Graham (FL) Amdt. No. 3112,"May 5, 2004,  03:16 PM",Amendment Rejected (22-77)
83,Motion To Table Dorgan Amdt. No. 3110,"May 5, 2004,  04:58 PM",Motion to Table Agreed to (60-39)
84,Allard Amdt. No. 3118,"May 5, 2004,  05:31 PM",Amendment Agreed to (76-23)
85,"Confirmation John D. Negroponte, of New York, to be Ambassador of the United States to Iraq","May 6, 2004,  04:34 PM",Nomination Confirmed (95-3)
86,S. Res. 356,"May 10, 2004,  05:31 PM",Resolution Agreed to (92-0)
87,Motion to Invoke Cloture on S. 1637,"May 11, 2004,  11:59 AM","Cloture Motion Agreed to (90-8, 3/5 majority required)"
88,Motion to Waive CBA Re: Cantwell Amdt. No. 3114,"May 11, 2004,  12:37 PM","Motion Rejected (59-40, 3/5 majority required)"
89,McCain Amdt. No. 3129,"May 11, 2004,  03:14 PM",Amendment Rejected (13-85)
90,Hollings Amdt. No. 3134,"May 11, 2004,  04:50 PM",Amendment Rejected (23-74)
91,S. 1637 As Amended,"May 11, 2004,  06:28 PM",Bill Passed (92-5)
92,Gregg Amdt. No. 3145,"May 12, 2004,  01:43 PM",Amendment Agreed to (96-1)
93,Motion to Waive CBA Re: Harkin Amdt. No. 3144,"May 12, 2004,  02:14 PM","Motion Rejected (56-41, 3/5 majority required)"
94,H.R. 1350 as Amended,"May 13, 2004,  12:09 PM",Bill Passed (95-3)
95,Hutchison Amdt. No. 3152,"May 17, 2004,  05:30 PM",Amendment Agreed to (82-0)
96,"H. R. 3104

","May 18, 2004,  11:34 AM",Bill Passed (98-0)
97,"Confirmation on the Nomination of Marcia Cooke, of Florida to be U.S. District Judge","May 18, 2004,  02:34 PM",Nomination Confirmed (96-0)
98,Lott Amdt. No. 3158,"May 18, 2004,  04:43 PM",Amendment Rejected (47-49)
99,S. 15 As Amended,"May 19, 2004,  01:59 PM",Bill Passed (99-0)
100,Kyl Amdt. No. 3191 As Modified,"May 19, 2004,  05:31 PM",Amendment Rejected (37-62)
101,Lautenberg Amdt. No. 3151 As Modified,"May 19, 2004,  06:04 PM",Amendment Rejected (49-50)
102,Confirmation Raymond W. Gruender of Missouri to be U.S. Circuit Judge for the Eighth Circuit,"May 20, 2004,  05:47 PM",Nomination Confirmed (97-1)
103,"Confirmation Franklin S. Van Antwerpen of Pennsylvania, to be U.S. Circuit Judge","May 20, 2004,  06:18 PM",Nomination Confirmed (96-0)
104,"Confirmation F. Dennis Saylor IV, of Massachusetts, to be U.S. District Judge","June 1, 2004,  05:31 PM",Nomination Confirmed (89-0)
105,Graham (SC) Amdt. No. 3258,"June 2, 2004,  03:46 PM",Amendment Agreed to (70-25)
106,"Warner Amdt. No. 3260, as Modified","June 2, 2004,  06:10 PM",Amendment Agreed to (95-0)
107,Cantwell Amdt. No. 3261,"June 3, 2004,  02:11 PM",Amendment Rejected (48-48)
108,"Confirmation Sandra L. Townes, of New York, to be U.S. District Judge","June 3, 2004,  02:47 PM",Nomination Confirmed (95-0)
109,"Confirmation Kenneth M. Karas, of New York, to be U.S. District Judge","June 3, 2004,  03:06 PM",Nomination Confirmed (95-0)
110,"Confirmation Judith C. Herrera, of New Mexico, to be U.S. District Judge","June 3, 2004,  03:22 PM",Nomination Confirmed (93-0)
111,S. Res. 373,"June 9, 2004,  11:34 AM",Resolution Agreed to (98-0)
112,"Dodd Amdt. No. 3312, as Modified.","June 14, 2004,  05:32 PM",Amendment Agreed to (91-0)
113,Kennedy Amdt. No. 3263,"June 15, 2004,  12:14 PM",Amendment Rejected (42-55)
114,Smith Amdt. No. 3183,"June 15, 2004,  04:01 PM",Amendment Agreed to (65-33)
115,"Confirmation Virginia E. Hopkins, of Alabama, to be U.S. District Judge","June 15, 2004,  04:31 PM",Nomination Confirmed (98-0)
116,"Confirmation Ricardo S. Martinez, of Washington, To Be U.S. District Judge","June 15, 2004,  04:55 PM",Nomination Confirmed (98-0)
117,"Confirmation Gene E. K. Pratter, of Pennsylvania, to be U.S. District Judge","June 15, 2004,  05:16 PM",Nomination Confirmed (98-0)
118,Motion to Table Dodd Amdt. No. 3313 As Modified Further,"June 16, 2004,  11:57 AM",Motion to Table Agreed to (54-43)
119,Warner Amdt. No. 3452 As Modified,"June 16, 2004,  04:31 PM",Amendment Agreed to (97-0)
120,Leahy Amdt. No. 3292,"June 16, 2004,  05:11 PM",Amendment Rejected (46-52)
121,"Confirmation William S. Duffey, Jr., of Georgia to be U.S. District Judge","June 16, 2004,  05:34 PM",Nomination Confirmed (97-0)
122,"Confirmation Lawrence F. Stengel, of Pennsylvania, to be U.S. District Judge","June 16, 2004,  05:52 PM",Nomination Confirmed (97-0)
123,"Confirmation Paul S. Diamond, of Pennsylvania, to be U.S. District Judge","June 16, 2004,  06:05 PM",Nomination Confirmed (97-0)
124,Boxer Amdt. No. 3368,"June 17, 2004,  12:29 PM",Amendment Rejected (42-57)
125,Warner Amdt. No. 3453,"June 17, 2004,  02:43 PM",Amendment Agreed to (55-44)
126,"Confirmation: James L. Robart, of Washington, to be U.S. District Judge","June 17, 2004,  03:12 PM",Nomination Confirmed (99-0)
127,"Confirmation: Roger T. Benitez, of California, to be U.S. District Judge","June 17, 2004,  03:31 PM",Nomination Confirmed (98-1)
128,"Confirmation: Jane J. Boyle, of Texas, to be U.S. District Judge","June 17, 2004,  03:53 PM",Nomination Confirmed (99-0)
129,"Reed Amdt. No. 3352, As Amended","June 17, 2004,  07:24 PM",Amendment Agreed to (94-3)
130,Biden Amdt. No. 3379,"June 17, 2004,  08:00 PM",Amendment Rejected (44-53)
131,"Warner Amdt. No. 3458, As Modified","June 21, 2004,  05:33 PM",Amendment Agreed to (52-38)
132,"Lautenberg Amdt No. 2191, As Modified","June 21, 2004,  06:08 PM",Amendment Rejected (39-54)
133,Levin Amdt. No. 3338,"June 22, 2004,  11:19 AM",Amendment Rejected (44-56)
134,Brownback Amdt. No. 3464,"June 22, 2004,  11:49 AM",Amendment Agreed to (99-1)
135,McCain Amdt. No. 3461,"June 22, 2004,  12:40 PM",Amendment Agreed to (54-46)
136,Motion To Waive CBA RE: Corzine Amdt. No. 3303,"June 23, 2004,  01:47 PM","Motion Rejected (49-49, 3/5 majority required)"
137,McConnell Amdt. No. 3472,"June 23, 2004,  02:19 PM",Amendment Agreed to (71-27)
138,Kennedy Amdt. No. 3377,"June 23, 2004,  02:36 PM",Amendment Rejected (48-50)
139,Reed Amdt. No. 3353,"June 23, 2004,  02:57 PM",Amendment Rejected (45-53)
140,Byrd Amdt. No. 3423,"June 23, 2004,  03:18 PM",Amendment Rejected (40-58)
141,"Confirmation Juan R. Sanchez, of Pennsylvania, To Be U. S. District Judge","June 23, 2004,  03:37 PM",Nomination Confirmed (98-0)
142,"Confirmation Walter D. Kelley, Jr., of Virginia, To Be U.S. District Judge","June 23, 2004,  04:24 PM",Nomination Confirmed (94-0)
143,Motion To Table Leahy Amdt. No. 3387,"June 23, 2004,  09:44 PM",Motion to Table Failed (45-50)
144,Leahy Amdt. No. 3485,"June 23, 2004,  10:20 PM",Amendment Rejected (46-50)
145,Motion To Waive CBA Daschle Amdt. No. 3409 As Amended,"June 23, 2004,  10:43 PM","Motion Rejected (49-48, 3/5 majority required)"
146,S. 2400 As Amended,"June 23, 2004,  11:06 PM",Bill Passed (97-0)
147,Byrd Amdt. No. 3502,"June 24, 2004,  04:00 PM",Amendment Agreed to (89-9)
148,Motion to Table Biden Amdt. No. 3520 as Modified,"June 24, 2004,  05:28 PM",Motion to Table Agreed to (53-45)
149,H.R. 4613 As Amended,"June 24, 2004,  05:58 PM",Bill Passed (98-0)
150,H. J. Res. 97,"June 24, 2004,  06:28 PM",Joint Resolution Passed (96-1)
151,S. Res. 393,"June 24, 2004,  06:53 PM",Resolution Agreed to (95-3)
152,"Confirmation Diane S. Sykes, of Wisconsin, To Be U.S. Circuit Judge","June 24, 2004,  07:16 PM",Nomination Confirmed (70-27)
153,"Confirmation J. Leon Holmes, of Arkansas, to be U.S. District Judge","July 6, 2004,  05:45 PM",Nomination Confirmed (51-46)
154,Motion to Invoke Cloture on S. 2062,"July 8, 2004,  06:32 PM","Cloture Motion Rejected (44-43, 3/5 majority required)"
155,Motion to Invoke Cloture on the Motion to Proceed to Consider S. J. Res. 40,"July 14, 2004,  12:13 PM","Cloture Motion Rejected (48-50, 3/5 majority required)"
156,H.R. 4759,"July 15, 2004,  06:23 PM",Bill Passed (80-16)
157,DeWine Amdt. No. 3563,"July 15, 2004,  07:00 PM",Motion Agreed to (78-15)
158,"Motion to Invoke Cloture on the Nomination of William Gerry Myers, III, of Idaho, to be U.S. Circuit Judge","July 20, 2004,  02:16 PM","Cloture Motion Rejected (53-44, 3/5 majority required)"
159,S. 2677,"July 21, 2004,  11:30 AM",Bill Passed (85-13)
160,"Motion to Invoke Cloture on the Nomination of Henry W. Saad, of Michigan, to be U.S. Circuit Judge","July 22, 2004,  11:04 AM","Cloture Motion Rejected (52-46, 3/5 majority required)"
161,"Motion to Invoke Cloture on the Nomination of Richard A. Griffin, of Michigan, to be U.S. Circuit Judge","July 22, 2004,  11:35 AM","Cloture Motion Rejected (54-44, 3/5 majority required)"
162,"Motion to Invoke Cloture on the Nomination of David W. McKeague, of Michigan, to be U.S. Circuit Judge","July 22, 2004,  12:57 PM","Cloture Motion Rejected (53-44, 3/5 majority required)"
163,H. R. 4613 Conference Report,"July 22, 2004,  07:15 PM",Conference Report Agreed to (96-0)
164,"Confirmation Virginia Maria Hernandez Covington, of Florida, to be U.S. District Judge","September 7, 2004,  05:30 PM",Nomination Confirmed (91-0)
165,"Confirmation Michael H. Schneider, Sr., of Texas, to be U.S. District Judge","September 7, 2004,  06:06 PM",Nomination Confirmed (92-1)
166,Motion to Waive the CBA Re: Schumer Amdt. No. 3580,"September 8, 2004,  04:46 PM","Motion Rejected (50-46, 3/5 majority required)"
167,Thomas Amdt. No. 3582,"September 8, 2004,  05:55 PM",Amendment Agreed to (49-47)
168,Leahy Amdt. No. 3584,"September 8, 2004,  06:32 PM",Amendment Agreed to (49-47)
169,Motion to Waive CBA Re:  Byrd Amdt. No. 3597,"September 9, 2004,  02:01 PM","Motion Rejected (43-51, 3/5 majority required)"
170,Motion to Waive CBA Re:  Dodd Amdt. No. 3604,"September 9, 2004,  02:27 PM","Motion Rejected (41-53, 3/5 majority required)"
171,Motion to Waive CBA Re:  Murray Amdt. No. 3596,"September 9, 2004,  03:11 PM","Motion Rejected (45-49, 3/5 majority required)"
172,Motion to Table Boxer Amdt. No. 3609,"September 9, 2004,  05:09 PM",Motion to Table Agreed to (46-45)
173,"Motion to Table Schumer Amdt. No. 3615, as further modified","September 13, 2004,  05:34 PM",Motion to Table Agreed to (55-34)
174,Motion to Waive C.B.A. re: Lautenberg Amdt. No. 3617,"September 13, 2004,  06:15 PM","Motion Rejected (38-50, 3/5 majority required)"
175,Motion To Waive CBA Mikulski Amdt. No. 3624,"September 14, 2004,  02:22 PM","Motion Rejected (50-45, 3/5 majority required)"
176,"Motion To Table Corzine Amdt. No. 3619, As Modified","September 14, 2004,  03:58 PM",Motion to Table Agreed to (48-47)
177,Motion To Table Dayton Amdt. No. 3629,"September 14, 2004,  04:21 PM",Motion to Table Agreed to (49-45)
178,Motion To Waive CBA Clinton Amdt. No. 3632,"September 14, 2004,  04:42 PM","Motion Rejected (44-50, 3/5 majority required)"
179,Motion To Waive CBA Byrd Amdt. No. 3649,"September 14, 2004,  08:10 PM","Motion Rejected (48-47, 3/5 majority required)"
180,Motion To Table Kennedy Amdt. NO. 3626,"September 14, 2004,  09:18 PM",Motion to Table Agreed to (49-45)
181,Motion To Waive CBA Schumer Amdt. No. 3656,"September 14, 2004,  09:46 PM","Motion Rejected (43-51, 3/5 majority required)"
182,Motion To Waive CBA Schumer Amdt. No. 3655,"September 14, 2004,  10:03 PM","Motion Rejected (44-49, 3/5 majority required)"
183,Motion To Table Clinton Amdt. No. 3631,"September 14, 2004,  10:15 PM",Motion to Table Agreed to (54-39)
184,H. R. 4567 As Amended,"September 14, 2004,  10:24 PM",Bill Passed (93-0)
185,"H.R. 4837, as amended","September 20, 2004,  05:30 PM",Bill Passed (91-0)
186,H. R. 4755,"September 21, 2004,  04:31 PM",Bill Passed (94-2)
187,"Confirmation Porter J. Goss, of Florida, To Be Director of Central Intelligence","September 22, 2004,  05:00 PM",Nomination Confirmed (77-17)
188,H. R. 1308 Conference Report,"September 23, 2004,  07:42 PM",Conference Report Agreed to (92-3)
189,McCain Amdt. No. 3702,"September 28, 2004,  02:20 PM",Amendment Agreed to (97-0)
190,Hutchison Amdt. No. 3711,"September 28, 2004,  04:34 PM",Amendment Agreed to (96-0)
191,Motion to Table Specter Amdt. No. 3761,"September 29, 2004,  02:16 PM",Motion to Table Agreed to (93-4)
192,Motion to Table Specter Amdt. No. 3706,"September 29, 2004,  02:46 PM",Motion to Table Agreed to (78-19)
193,Motion To Table Hollings Amdt. No. 3795,"September 30, 2004,  04:33 PM",Motion to Table Agreed to (82-7)
194,Motion To Table Lautenberg Amdt. No. 3802,"September 30, 2004,  05:08 PM",Motion to Table Agreed to (47-41)
195,Motion To Table Byrd Amdt. No. 3845,"October 4, 2004,  04:28 PM",Motion to Table Agreed to (62-29)
196,"Motion to Table Stevens Amdt. No. 3903, As Modified","October 4, 2004,  05:08 PM",Motion to Table Agreed to (55-37)
197,Motion To Invoke Cloture On S. 2845,"October 5, 2004,  09:46 AM","Cloture Motion Agreed to (85-10, 3/5 majority required)"
198,Roberts Amdt. No. 3742 As Modified,"October 6, 2004,  11:53 AM",Amendment Agreed to (98-0)
199,"S. 2845, As Amended","October 6, 2004,  05:01 PM",Bill Passed (96-2)
200,McCain Amdt. No. 3999,"October 7, 2004,  04:03 PM",Amendment Rejected (23-74)
201,McCain Amdt. No. 4000,"October 7, 2004,  05:48 PM",Amendment Rejected (33-63)
202,Hatch Amdt. No. 4037,"October 7, 2004,  07:16 PM",Amendment Agreed to (54-41)
203,Biden Amdt. No. 4021,"October 7, 2004,  10:04 PM",Amendment Rejected (36-54)
204,Motion To Invoke Cloture On The McConnell Amdt. No. 3981,"October 8, 2004,  09:09 AM","Cloture Motion Agreed to (88-3, 3/5 majority required)"
205,Motion To Instruct SGT At Arms,"October 8, 2004,  01:20 PM",Motion for Attendance Agreed to (85-4)
206,Nickles Amdt. No. 4041,"October 9, 2004,  11:22 AM",Amendment Agreed to (50-35)
207,Hutchison Amdt. No. 4015 As Amended,"October 9, 2004,  12:09 PM",Amendment Agreed to (44-41)
208,S. Res. 445 As Amended.,"October 9, 2004,  12:39 PM",Resolution Agreed to (79-6)
209,S. Res. 454,"October 9, 2004,  01:13 PM",Resolution Agreed to (71-14)
210,Motion To Invoke Cloture On The Conference Report To Accompany H. R. 4520,"October 10, 2004,  01:18 PM","Cloture Motion Agreed to (66-14, 3/5 majority required)"
211,H.R. 4520 Conference Report,"October 11, 2004,  12:00 PM",Conference Report Agreed to (69-17)
212,"Confirmation Francis J. Harvey, Of California, To Be Secretary Of The Army","November 16, 2004,  05:15 PM",Nomination Confirmed (85-12)
213,S. 2986,"November 17, 2004,  05:48 PM",Bill Passed (52-44)
214,Motion to Invoke Cloture on the Conference Report to Accompany H.R. 1047,"November 19, 2004,  10:00 AM","Cloture Motion Agreed to (88-5, 3/5 majority required)"
215,H. R. 4818 Conference Report,"November 20, 2004,  08:42 PM",Conference Report Agreed to (65-30)
216,S. 2845 Conference Report,"December 8, 2004,  03:13 PM",Conference Report Agreed to (89-2)
