,title,vote_date,vote_result
0,"Confirmation John M. Gerrard, of Nebraska, to be U.S. District Judge for the District of Nebraska","January 23, 2012,  05:32 PM",Nomination Confirmed (74-16)
1,"Confirmation John M. Gerrard, of Nebraska, to be U.S. District Judge for the District of Nebraska","January 23, 2012,  05:32 PM",Nomination Confirmed (74-16)
2,Motion to Proceed to Consider H.J. Res. 98,"January 26, 2012,  11:57 AM",Motion to Proceed Rejected (44-52)
3,Motion to Invoke Cloture on the Motion to Proceed to Consider S. 2038,"January 30, 2012,  05:32 PM","Cloture on the Motion to Proceed Agreed to (93-2, 3/5 majority required)"
4,Paul Amdt. No. 1484,"February 2, 2012,  02:06 PM",Amendment Rejected (37-61)
5,Paul Amdt. No. 1487,"February 2, 2012,  02:33 PM","Amendment Rejected (48-51, 3/5 majority required)"
6,Lieberman Amdt. No. 1511,"February 2, 2012,  02:50 PM",Amendment Agreed to (81-18)
7,Shelby Amdt. No. 1491 As Modified,"February 2, 2012,  03:09 PM",Amendment Agreed to (58-41)
8,Toomey Amdt. No. 1472,"February 2, 2012,  03:39 PM","Amendment Rejected (40-59, 3/5 majority required)"
9,Inhofe Amdt. No. 1500,"February 2, 2012,  03:59 PM","Amendment Rejected (26-73, 3/5 majority required)"
10,Coburn Amdt. No. 1473,"February 2, 2012,  04:22 PM","Amendment Rejected (60-39, 2/3 majority required)"
11,DeMint Amdt. No. 1488,"February 2, 2012,  04:41 PM","Amendment Rejected (24-75, 3/5 majority required)"
12,Grassley Amdt. No. 1493,"February 2, 2012,  05:01 PM","Amendment Agreed to (60-39, 3/5 majority required)"
13,Brown (OH) Amdt. No. 1481 As Modified,"February 2, 2012,  05:23 PM","Amendment Rejected (26-73, 3/5 majority required)"
14,S. 2038 As Amended,"February 2, 2012,  05:42 PM",Bill Passed (96-3)
15,Conference Report to Accompany H.R. 658,"February 6, 2012,  05:33 PM","Conference Report Agreed to (75-20, 3/5 majority required)"
16,"Confirmation Cathy Ann Bencivengo, of California, to be U.S. District Judge","February 9, 2012,  02:01 PM",Nomination Confirmed (90-6)
17,Motion to Invoke Cloture on the Motion to Proceed to S. 1813,"February 9, 2012,  02:25 PM","Cloture on the Motion to Proceed Agreed to (85-11, 3/5 majority required)"
18,"Motion to Invoke Cloture on the Nomination of Adalberto Jose Jordan, of Florida, to be U.S. Circuit Judge","February 13, 2012,  05:34 PM","Cloture Motion Agreed to (89-5, 3/5 majority required)"
19,"Confirmation Adalberto Jose Jordan, of Florida, to be U.S. Circuit Judge for the Eleventh Circuit","February 15, 2012,  12:02 PM",Nomination Confirmed (94-5)
20,Motion to Invoke Cloture on the Reid Amdt. No. 1633,"February 17, 2012,  11:11 AM","Cloture Motion Rejected (54-42, 3/5 majority required)"
21,"Confirmation Jesse M. Furman, of New York, to be United States District Judge","February 17, 2012,  11:38 AM",Nomination Confirmed (62-34)
22,Conference Report to Accompany H.R. 3630,"February 17, 2012,  11:58 AM",Conference Report Agreed to (60-36)
23,"Confirmation Margo Kitsy Brodie, of New York, to be U.S. District Judge for the Eastern District of New York","February 27, 2012,  05:30 PM",Nomination Confirmed (86-2)
24,Motion to Table Blunt Amdt. No. 1520,"March 1, 2012,  11:31 AM",Motion to Table Agreed to (51-48)
25,Motion to Invoke Cloture on the Reid Amdt No. 1761 to S. 1813,"March 6, 2012,  12:20 PM","Cloture Motion Rejected (52-44, 3/5 majority required)"
26,"Confirmation Mary Elizabeth Phillips, of Missouri, to be U.S. District Judge","March 6, 2012,  02:17 PM",Nomination Confirmed (95-2)
27,"Confirmation Thomas Owen Rice, of Washington, to be U.S. District Judge","March 6, 2012,  02:43 PM",Nomination Confirmed (93-4)
28,Vitter Amdt. No. 1535,"March 8, 2012,  02:03 PM","Amendment Rejected (43-55, 3/5 majority required)"
29,Baucus Amdt. No. 1825,"March 8, 2012,  02:28 PM","Amendment Agreed to (82-16, 3/5 majority required)"
30,Collins Amdt. No. 1660,"March 8, 2012,  02:48 PM","Amendment Rejected (52-46, 3/5 majority required)"
31,Coburn Amdt. No. 1738,"March 8, 2012,  03:05 PM","Amendment Rejected (52-46, 3/5 majority required)"
32,Nelson (FL) Amdt. No. 1822,"March 8, 2012,  03:24 PM","Amendment Agreed to (76-22, 3/5 majority required)"
33,Wyden Amdt. No. 1817,"March 8, 2012,  03:45 PM","Amendment Rejected (33-65, 3/5 majority required)"
34,Hoeven Amdt. No. 1537,"March 8, 2012,  04:04 PM","Amendment Rejected (56-42, 3/5 majority required)"
35,Motion to Waive All Applicable Budgetary Discipline Re: S.1813,"March 8, 2012,  04:24 PM","Motion Agreed to (66-31, 3/5 majority required)"
36,DeMint Amdt. No. 1756,"March 13, 2012,  12:04 PM",Amendment Rejected (30-67)
37,Bingaman Amdt. No. 1759,"March 13, 2012,  12:30 PM",Amendment Agreed to (50-47)
38,Roberts Amdt. No. 1826 As Modified,"March 13, 2012,  02:21 PM","Amendment Rejected (41-57, 3/5 majority required)"
39,Stabenow Amdt. No. 1812 As Modified,"March 13, 2012,  02:49 PM","Amendment Rejected (49-49, 3/5 majority required)"
40,DeMint Amdt. No. 1589,"March 13, 2012,  03:09 PM","Amendment Rejected (26-72, 3/5 majority required)"
41,Menendez Amdt. No. 1782,"March 13, 2012,  03:29 PM","Amendment Rejected (51-47, 3/5 majority required)"
42,Coats Amdt. No. 1517,"March 13, 2012,  03:48 PM",Amendment Rejected (28-70)
43,Portman Amdt. No. 1736,"March 13, 2012,  04:24 PM",Amendment Rejected (30-68)
44,"Motion to Waive All Applicable Budgetary Provisions Re: Corker Amdt. No. 1785, As Modified","March 13, 2012,  04:44 PM","Motion Rejected (40-58, 3/5 majority required)"
45,Portman Amdt. No. 1742,"March 13, 2012,  05:08 PM",Amendment Rejected (12-86)
46,Boxer Amdt. No. 1816,"March 14, 2012,  11:38 AM",Amendment Agreed to (76-20)
47,Motion to Waive All Applicable Budgetary Disciple Re: Paul Amdt. No. 1556,"March 14, 2012,  12:10 PM","Motion Rejected (42-54, 3/5 majority required)"
48,S. 1813 As Amended,"March 14, 2012,  12:38 PM",Bill Passed (74-22)
49,"Confirmation Gina Marie Groh, of West Virginia, to be U.S. District Judge","March 15, 2012,  02:02 PM",Nomination Confirmed (95-2)
50,"Confirmation Michael Walter Fitzgerald, of California, to be U.S. District Judge","March 15, 2012,  02:23 PM",Nomination Confirmed (91-6)
51,Motion to Invoke Cloture on the Reed Amdt. No. 1833,"March 20, 2012,  04:06 PM","Cloture Motion Rejected (54-45, 3/5 majority required)"
52,Motion to Invoke Cloture on the Cantwell Amdt. No. 1836,"March 20, 2012,  04:41 PM","Cloture Motion Rejected (55-44, 3/5 majority required)"
53,Motion to Invoke Cloture on H.R. 3606,"March 21, 2012,  10:44 AM","Cloture Motion Agreed to (76-22, 3/5 majority required)"
54,Merkley Amdt. No. 1884,"March 22, 2012,  12:33 PM",Amendment Agreed to (64-35)
55,H.R. 3606 As Amended,"March 22, 2012,  12:59 PM",Bill Passed (73-26)
56,Motion to Invoke Cloture on the Motion to Concur in the House Amendment to S.2038,"March 22, 2012,  01:23 PM","Cloture Motion Agreed to (96-3, 3/5 majority required)"
57,"Confirmation David Nuffer, of Utah, to be United States District Judge for the District of Utah","March 22, 2012,  01:45 PM",Nomination Confirmed (96-2)
58,"Confirmation Ronnie Abrams, of New York, to be U.S. District Judge for the Southern District of New York","March 22, 2012,  02:03 PM",Nomination Confirmed (96-2)
59,Motion to Invoke Cloture on the Motion to Proceed to Consider S.2204,"March 26, 2012,  05:31 PM","Cloture Motion Agreed to (92-4, 3/5 majority required)"
60,Motion to Invoke Cloture on the Motion to Proceed to Consider S.1789,"March 27, 2012,  03:47 PM","Cloture Motion Rejected (51-46, 3/5 majority required)"
61,"Confirmation Miranda Du, of Nevada, to be U.S. District Judge","March 28, 2012,  05:33 PM",Nomination Confirmed (59-39)
62,"Confirmation Susie Morgan, of Louisiana, to be U.S. District Judge","March 28, 2012,  05:58 PM",Nomination Confirmed (96-1)
63,Motion to Invoke Cloture on S.2204,"March 29, 2012,  11:16 AM","Cloture Motion Rejected (51-47, 3/5 majority required)"
64,"Confirmation Stephanie Dawn Thacker, of West Virginia, to be U.S. Circuit Judge for the Fourth Circuit","April 16, 2012,  05:32 PM",Nomination Confirmed (91-3)
65,Motion to Invoke Cloture on the Motion to Proceed to Consider S. 2230,"April 16, 2012,  06:05 PM","Cloture on the Motion to Proceed Rejected (51-45, 3/5 majority required)"
66,Upon Reconsideration Motion to Invoke Cloture on the Motion to Proceed to Consider S. 1789,"April 17, 2012,  11:17 AM","Cloture on the Motion to Proceed Agreed to (74-22, 3/5 majority required)"
67,"Confirmation Brian C. Wimes, of Missouri, to be U.S. District Judge for the Eastern and Western Districts of Missouri","April 23, 2012,  05:31 PM",Nomination Confirmed (92-1)
68,Motion to Proceed to Consider S. J. Res. 36,"April 24, 2012,  02:16 PM",Motion to Proceed Rejected (45-54)
69,Motion to Waive All Applicable Budgetary Discipline Re: Amdt. No. 2000 As Modified,"April 24, 2012,  03:07 PM","Motion Agreed to (62-37, 3/5 majority required)"
70,McCain Amdt. No. 2033,"April 24, 2012,  03:38 PM","Amendment Rejected (30-69, 3/5 majority required)"
71,Coburn Amdt. No. 2061 As Modified,"April 24, 2012,  04:08 PM","Amendment Rejected (33-65, 3/5 majority required)"
72,Udall (NM) Amdt. No. 2043,"April 24, 2012,  04:38 PM","Amendment Rejected (43-56, 3/5 majority required)"
73,Akaka Amdt. No. 2034,"April 24, 2012,  05:03 PM","Amendment Rejected (46-53, 3/5 majority required)"
74,Corker Amdt. No. 2083,"April 24, 2012,  05:27 PM","Amendment Rejected (29-70, 3/5 majority required)"
75,Akaka Amdt. No. 2049,"April 24, 2012,  05:50 PM","Amendment Rejected (57-42, 3/5 majority required)"
76,Paul Amdt. No. 2025,"April 24, 2012,  06:09 PM","Amendment Rejected (35-64, 3/5 majority required)"
77,Manchin Amdt. No. 2079,"April 25, 2012,  02:12 PM","Amendment Rejected (43-53, 3/5 majority required)"
78,Paul Amdt. No. 2028,"April 25, 2012,  02:46 PM","Amendment Rejected (35-64, 3/5 majority required)"
79,Paul Amdt. No. 2039,"April 25, 2012,  03:08 PM","Amendment Rejected (23-76, 3/5 majority required)"
80,Casey Amdt. No. 2042,"April 25, 2012,  03:27 PM","Amendment Rejected (44-54, 3/5 majority required)"
81,DeMint Amdt. No. 2046,"April 25, 2012,  03:52 PM","Amendment Rejected (46-53, 3/5 majority required)"
82,S. 1789 as Amended,"April 25, 2012,  04:29 PM","Bill Passed (62-37, 3/5 majority required)"
83,"Confirmation Gregg Jeffrey Costa, of Texas, to be U.S. District Judge for the Southern District of Texas","April 26, 2012,  12:00 PM",Nomination Confirmed (97-2)
84,Klobuchar Amdt. No. 2094,"April 26, 2012,  03:28 PM","Amendment Rejected (57-41, 3/5 majority required)"
85,Cornyn Amdt. No. 2086,"April 26, 2012,  03:56 PM","Amendment Rejected (50-48, 3/5 majority required)"
86,Hutchison Amdt. No. 2095,"April 26, 2012,  04:16 PM","Amendment Rejected (37-62, 3/5 majority required)"
87,S. 1925 as Amended,"April 26, 2012,  04:34 PM",Bill Passed (68-31)
88,"Confirmation Jacqueline H. Nguyen, of California, to be U.S. Circuit Judge for the Ninth Circuit","May 7, 2012,  05:31 PM",Nomination Confirmed (91-3)
89,Motion to Invoke Cloture on the Motion to Proceed to Consider S. 2343,"May 8, 2012,  12:01 PM","Cloture on the Motion to Proceed Rejected (52-45, 3/5 majority required)"
90,"Confirmation John J. Tharp, Jr., of Illinois, to be United States District Judge for the Northern District of Illinois","May 14, 2012,  05:30 PM",Nomination Confirmed (86-1)
91,Lee Amdt. No. 2100,"May 15, 2012,  02:43 PM","Amendment Rejected (12-86, 3/5 majority required)"
92,Paul Amdt. No. 2101,"May 15, 2012,  03:13 PM","Amendment Rejected (9-89, 3/5 majority required)"
93,Corker Amdt. No. 2102,"May 15, 2012,  03:34 PM","Amendment Rejected (36-62, 3/5 majority required)"
94,Vitter Amdt. No. 2103,"May 15, 2012,  03:54 PM","Amendment Rejected (37-61, 3/5 majority required)"
95,Toomey Amdt. No. 2104,"May 15, 2012,  04:14 PM","Amendment Rejected (35-63, 3/5 majority required)"
96,H.R. 2072,"May 15, 2012,  04:38 PM","Bill Passed (78-20, 3/5 majority required)"
97,Motion to Proceed to Consider S. Con. Res. 41,"May 16, 2012,  03:55 PM",Motion to Proceed Rejected (0-99)
98,Motion to Proceed to Consider H.Con.Res. 112,"May 16, 2012,  04:22 PM",Motion to Proceed Rejected (41-58)
99,Motion to Proceed to Consider S.Con.Res. 37,"May 16, 2012,  04:41 PM",Motion to Proceed Rejected (42-57)
100,Motion to Proceed to Consider S.Con.Res. 42,"May 16, 2012,  05:01 PM",Motion to Proceed Rejected (16-83)
101,Motion to Proceed to Consider S.Con.Res. 44,"May 16, 2012,  05:25 PM",Motion to Proceed Rejected (17-82)
102,"Jeremy C. Stein, of MA, to be a Member of the Board of Governors of the Federal Reserve System","May 17, 2012,  12:01 PM","Nomination Confirmed (70-24, 3/5 majority required)"
103,"Jerome H. Powell, of Maryland, to be a Member of the Board of Governors of the Federal Reserve System","May 17, 2012,  12:28 PM","Nomination Confirmed (74-21, 3/5 majority required)"
104,"Confirmation Paul J. Watford, of California, to be United States Circuit Judge for the Ninth Circuit","May 21, 2012,  05:27 PM",Nomination Confirmed (61-34)
105,Bingaman Amdt. No. 2111,"May 24, 2012,  12:08 PM","Amendment Rejected (28-67, 3/5 majority required)"
106,Murkowski Amdt. No. 2108,"May 24, 2012,  12:37 PM","Amendment Rejected (46-50, 3/5 majority required)"
107,Motion to Table Paul Amdt. No. 2143,"May 24, 2012,  01:58 PM",Motion to Table Agreed to (78-15)
108,McCain Amdt. No. 2107,"May 24, 2012,  02:19 PM","Amendment Rejected (43-54, 3/5 majority required)"
109,Sanders Amdt. No. 2109,"May 24, 2012,  02:38 PM","Amendment Rejected (9-88, 3/5 majority required)"
110,Motion to Table Durbin Amdt. No. 2127,"May 24, 2012,  02:57 PM",Motion to Table Agreed to (77-20)
111,S. 3187 As Amended,"May 24, 2012,  03:15 PM",Bill Passed (96-1)
112,Alexander Amdt. No. 2153,"May 24, 2012,  03:46 PM","Amendment Rejected (34-62, 3/5 majority required)"
113,S. 2343,"May 24, 2012,  04:02 PM","Bill Defeated (51-43, 3/5 majority required)"
114,"Confirmation Timothy S. Hillman, of Massachusetts, to be U.S. District Judge","June 4, 2012,  05:33 PM",Nomination Confirmed (88-1)
115,Motion to Invoke Cloture on the Motion to Proceed to Consider S. 3220,"June 5, 2012,  02:28 PM","Cloture on the Motion to Proceed Rejected (52-47, 3/5 majority required)"
116,"Confirmation Jeffrey J. Helmick, of Ohio, to be U.S. District Judge","June 6, 2012,  05:13 PM",Nomination Confirmed (62-36)
117,Motion to Invoke Cloture on the Motion to Proceed to S. 3240,"June 7, 2012,  10:31 AM","Cloture on the Motion to Proceed Agreed to (90-8, 3/5 majority required)"
118,"Motion to Invoke Cloture Andrew David Hurwitz, of Arizona, to be U.S. Circuit Judge for the Ninth Circuit","June 11, 2012,  05:31 PM","Cloture Motion Agreed to (60-31, 3/5 majority required)"
119,Motion to Table Amdt. No. 2393,"June 13, 2012,  12:02 PM",Motion to Table Agreed to (50-46)
120,Motion to Table Amdt. No. 2392,"June 13, 2012,  12:36 PM",Motion to Table Agreed to (65-33)
121,"Upon Reconsideration, Motion to Invoke cloture on the Nomination of Mari Carmen Aponte to be Ambassador to the Republic of El Salvador","June 14, 2012,  12:31 PM","Cloture Motion Agreed to (62-37, 3/5 majority required)"
122,"Confirmation Mary Geiger Lewis, of South Carolina, to be U.S. District Judge for the District of South Carolina","June 18, 2012,  05:31 PM",Nomination Confirmed (64-27)
123,Ayotte Amdt. No. 2192,"June 19, 2012,  02:24 PM",Amendment Rejected (38-61)
124,Snowe Amdt. No. 2190 As Modified,"June 19, 2012,  02:53 PM",Amendment Agreed to (66-33)
125,Grassley Amdt. No. 2167,"June 19, 2012,  03:17 PM",Amendment Agreed to (75-24)
126,Brown (OH) Amdt. No. 2445,"June 19, 2012,  03:36 PM",Amendment Agreed to (55-44)
127,Sessions Amdt. No. 2174,"June 19, 2012,  03:55 PM",Amendment Rejected (43-56)
128,Cantwell Amdt. No. 2370,"June 19, 2012,  04:12 PM",Amendment Agreed to (58-41)
129,Sessions Amdt. No. 2172,"June 19, 2012,  04:32 PM",Amendment Rejected (41-58)
130,Casey Amdt. No. 2238,"June 19, 2012,  04:48 PM",Amendment Agreed to (73-26)
131,Paul Amdt. No. 2181,"June 19, 2012,  05:06 PM",Amendment Rejected (15-84)
132,Alexander Amdt. No. 2191,"June 19, 2012,  05:32 PM",Amendment Rejected (33-66)
133,Feinstein Amdt. No. 2309,"June 19, 2012,  05:56 PM",Amendment Agreed to (76-23)
134,Toomey Amdt. No. 2217,"June 19, 2012,  06:16 PM",Amendment Rejected (42-57)
135,Gillibrand Amdt. No. 2156 As Modified,"June 19, 2012,  06:35 PM",Amendment Rejected (33-66)
136,DeMint Amdt. No. 2263,"June 19, 2012,  06:57 PM",Amendment Rejected (45-54)
137,DeMint Amdt. No. 2268,"June 19, 2012,  07:22 PM",Amendment Rejected (14-84)
138,DeMint Amdt. No. 2276,"June 19, 2012,  07:45 PM",Amendment Rejected (20-79)
139,Motion to Proceed to Consider S. J. Res. 37,"June 20, 2012,  11:31 AM",Motion to Proceed Rejected (46-53)
140,Merkley Amdt. No. 2382,"June 20, 2012,  12:03 PM",Amendment Agreed to (63-36)
141,DeMint Amdt. No. 2273,"June 20, 2012,  12:24 PM",Amendment Rejected (44-55)
142,Coburn Amdt. No. 2289,"June 20, 2012,  12:45 PM",Amendment Rejected (30-69)
143,Coburn Amdt. No. 2293,"June 20, 2012,  01:04 PM",Amendment Agreed to (62-37)
144,Kerry Amdt. No. 2454,"June 20, 2012,  01:30 PM",Amendment Agreed to (59-40)
145,Kyl Amdt. No. 2354,"June 20, 2012,  01:49 PM",Amendment Rejected (43-56)
146,Udall (CO) Amdt. No. 2295,"June 20, 2012,  02:09 PM",Amendment Agreed to (77-22)
147,Lee Amdt. No. 2313,"June 20, 2012,  02:31 PM",Amendment Rejected (21-77)
148,Lee Amdt. No. 2314,"June 20, 2012,  02:55 PM",Amendment Rejected (15-84)
149,Boozman Amdt. No. 2360 As Modified,"June 20, 2012,  03:27 PM",Amendment Rejected (35-63)
150,Toomey Amdt. No. 2226,"June 20, 2012,  03:46 PM",Amendment Rejected (36-63)
151,Toomey Amdt. No. 2433,"June 20, 2012,  04:08 PM",Amendment Rejected (46-53)
152,Lee Motion to Recommit with Instructions,"June 20, 2012,  04:28 PM",Motion to Recommit Rejected (29-70)
153,Johnson (WI) Motion to Recommit with Instructions,"June 20, 2012,  04:52 PM",Motion Rejected (40-59)
154,Vitter Amdt. No. 2363 As Modified,"June 20, 2012,  05:14 PM","Amendment Agreed to (88-11, 3/5 majority required)"
155,Chambliss Amdt. No. 2438,"June 20, 2012,  05:36 PM",Amendment Agreed to (52-47)
156,Thune Amdt. No. 2437,"June 20, 2012,  05:59 PM",Amendment Rejected (44-55)
157,Coburn Amdt. No. 2439,"June 20, 2012,  06:22 PM",Amendment Agreed to (66-33)
158,Boxer Amdt. No. 2456,"June 21, 2012,  11:09 AM","Amendment Rejected (47-48, 3/5 majority required)"
159,Johanns Amdt. No. 2372,"June 21, 2012,  11:37 AM","Amendment Rejected (56-43, 3/5 majority required)"
160,Toomey Amdt. No. 2247,"June 21, 2012,  11:55 AM","Amendment Rejected (58-41, 3/5 majority required)"
161,Sanders Amdt. No. 2310,"June 21, 2012,  12:36 PM","Amendment Rejected (26-73, 3/5 majority required)"
162,Coburn Amdt. No. 2214,"June 21, 2012,  12:58 PM","Amendment Agreed to (95-4, 3/5 majority required)"
163,Rubio Amdt. No. 2166,"June 21, 2012,  01:25 PM","Amendment Rejected (45-54, 3/5 majority required)"
164,S. 3240 As Amended,"June 21, 2012,  01:50 PM","Bill Passed (64-35, 3/5 majority required)"
165,Motion to Invoke Cloture on the Motion to Proceed to S. 1940,"June 21, 2012,  02:08 PM","Cloture Motion Agreed to (96-2, 3/5 majority required)"
166,Motion to Invoke Cloture on the Motion to Concur in the House Amendment to S. 3187,"June 25, 2012,  05:31 PM","Cloture Motion Agreed to (89-3, 3/5 majority required)"
167,"Confirmation Robin S. Rosenbaum, of Florida, to be U.S. District Judge for the Southern District of Florida","June 26, 2012,  12:00 PM",Nomination Confirmed (92-3)
168,Motion to Concur in the House Amendment to Accompany S. 3187,"June 26, 2012,  04:45 PM",Motion Agreed to (92-4)
169,Motion to Waive Paragraph 9 of Rule 28,"June 29, 2012,  12:53 PM","Motion Agreed to (72-22, 3/5 majority required)"
170,Motion to Waive Paragraph 3 of Rule 28,"June 29, 2012,  01:22 PM","Motion Agreed to (66-28, 3/5 majority required)"
171,Motion to Waive All Applicable Budgetary Discipline,"June 29, 2012,  01:39 PM","Motion Agreed to (63-30, 3/5 majority required)"
172,Conference Report to Accompany H.R. 4348,"June 29, 2012,  01:54 PM","Conference Report Agreed to (74-19, 3/5 majority required)"
173,"Confirmation John Thomas Fowlkes, Jr., of Tennessee, to be U.S. District Judge for the Western District of Tennessee","July 10, 2012,  12:01 PM",Nomination Confirmed (94-2)
174,Motion to Invoke Cloture on the Motion to Proceed to S. 2237,"July 10, 2012,  02:28 PM","Cloture on the Motion to Proceed Agreed to (80-14, 3/5 majority required)"
175,Motion to Table Reid Amdt. No. 2524,"July 12, 2012,  02:01 PM",Motion to Table Agreed to (73-24)
176,Motion to Invoke Cloture Re: Landrieu Amdt. No. 2521,"July 12, 2012,  02:31 PM","Cloture Motion Rejected (57-41, 3/5 majority required)"
177,Motion to Invoke Cloture on S. 2237,"July 12, 2012,  02:50 PM","Cloture Motion Rejected (53-44, 3/5 majority required)"
178,"Confirmation Kevin McNulty, of New Jersey, to be U.S. District Judge for the District of New Jersey","July 16, 2012,  05:32 PM",Nomination Confirmed (91-3)
179,Motion to Invoke Cloture on the Motion to Proceed to S.3369,"July 16, 2012,  06:08 PM","Cloture on the Motion to Proceed Rejected (51-44, 3/5 majority required)"
180,Upon Reconsideration Motion to Invoke Cloture on the Motion to Proceed to Consider S.3369,"July 17, 2012,  03:05 PM","Cloture on the Motion to Proceed Rejected (53-45, 3/5 majority required)"
181,Motion to Invoke Cloture on the Motion to Proceed to S. 3364,"July 19, 2012,  02:15 PM","Cloture on the Motion to Proceed Rejected (56-42, 3/5 majority required)"
182,"Confirmation Michael A. Shipp, of New Jersey, to be U.S. District Judge for the District of New Jersey","July 23, 2012,  05:40 PM",Nomination Confirmed (91-1)
183,Hatch-McConnell Amdt. No. 2573,"July 25, 2012,  04:08 PM",Amendment Rejected (45-54)
184,S. 3412,"July 25, 2012,  04:50 PM",Bill Passed (51-48)
185,Motion to Invoke Cloture on the Motion to Proceed to S. 3414,"July 26, 2012,  03:23 PM","Cloture on the Motion to Proceed Agreed to (84-11, 3/5 majority required)"
186,"Motion to Invoke Cloture on the Nomination of Robert E. Bacharach of Oklahoma, to be United States Circuit Judge for the 10th Circuit","July 30, 2012,  05:33 PM","Cloture Motion Rejected (56-34, 3/5 majority required)"
187,Motion to Invoke Cloture on S. 3414,"August 2, 2012,  11:01 AM","Cloture Motion Rejected (52-46, 3/5 majority required)"
188,Coburn Amdt. No. 2771,"August 2, 2012,  11:32 AM",Amendment Rejected (40-58)
189,"Confirmation Gershwin A. Drain, of Michigan, to be U.S. District Judge for the Eastern District of Michigan","August 2, 2012,  01:51 PM",Nomination Confirmed (55-41)
190,"Confirmation Stephanie Marie Rose, of Iowa, to be U.S. District Judge","September 10, 2012,  05:31 PM",Nomination Confirmed (89-1)
191,Motion to Invoke Cloture on the Motion to Proceed to S. 3457,"September 11, 2012,  02:16 PM","Cloture on the Motion to Proceed Agreed to (95-1, 3/5 majority required)"
192,Motion to Proceed to Consider S.3457,"September 12, 2012,  08:46 PM",Motion to Proceed Agreed to (84-8)
193,Motion to Waive All Applicable Budgetary Discipline Re: Amdt. No. 2789,"September 19, 2012,  12:01 PM","Motion Rejected (58-40, 3/5 majority required)"
194,Motion to Invoke Cloture on the Motion to Proceed to H.J.Res. 117,"September 19, 2012,  02:16 PM","Cloture on the Motion to Proceed Agreed to (76-22, 3/5 majority required)"
195,Motion to Proceed to H.J. Res. 117,"September 20, 2012,  02:00 PM",Motion to Proceed Agreed to (67-31)
196,S. 3576,"September 22, 2012,  12:03 AM","Bill Defeated (10-81, 3/5 majority required)"
197,S.J.Res. 41,"September 22, 2012,  12:25 AM",Joint Resolution Passed (90-1)
198,Motion to Invoke Cloture on H.J.Res. 117,"September 22, 2012,  12:41 AM","Cloture Motion Agreed to (62-30, 3/5 majority required)"
199,H.J.Res. 117,"September 22, 2012,  12:58 AM",Joint Resolution Passed (62-30)
200,Motion to Invoke Cloture on the Motion to Proceed to S. 3525,"September 22, 2012,  01:19 AM","Cloture on the Motion to Proceed Agreed to (84-7, 3/5 majority required)"
201,Motion to Proceed to S.3525,"November 13, 2012,  05:30 PM",Motion to Proceed Agreed to (92-5)
202,Upon Reconsideration Motion to Invoke Cloture on S.3414,"November 14, 2012,  05:37 PM","Cloture Motion Rejected (51-47, 3/5 majority required)"
203,Motion to Invoke Cloture on S.3525,"November 15, 2012,  09:20 AM","Cloture Motion Agreed to (84-12, 3/5 majority required)"
204,Motion to Waive all Applicable Budgetary Discipline Re: Amdt. No. 2875,"November 26, 2012,  05:31 PM","Motion Rejected (50-44, 3/5 majority required)"
205,Motion to Proceed to Executive Session to Consider Treaty Doc. 112-7,"November 27, 2012,  02:34 PM",Motion to Proceed Agreed to (61-36)
206,Udall (CO) Amdt. No. 2985,"November 28, 2012,  02:01 PM",Amendment Agreed to (62-37)
207,Leahy Amdt. No. 2955,"November 28, 2012,  06:02 PM",Amendment Agreed to (85-11)
208,Cornyn Amdt. No. 3158,"November 29, 2012,  12:31 PM",Amendment Agreed to (95-0)
209,Hagan Amdt. No. 3095,"November 29, 2012,  01:01 PM",Amendment Agreed to (54-41)
210,Merkley Amdt. No. 3096 as Modified,"November 29, 2012,  02:22 PM",Amendment Agreed to (62-33)
211,Gillibrand Amdt. No. 3058 as Modified,"November 29, 2012,  03:47 PM",Amendment Agreed to (66-29)
212,Ayotte Amdt. No. 3245,"November 29, 2012,  09:36 PM",Amendment Agreed to (54-41)
213,Feinstein Amdt. No. 3018,"November 29, 2012,  10:05 PM",Amendment Agreed to (67-29)
214,Cardin Amdt. No. 3025,"November 30, 2012,  09:44 AM",Amendment Rejected (41-53)
215,Menendez Amdt. No. 3232,"November 30, 2012,  10:14 AM",Amendment Agreed to (94-0)
216,Motion to Waive Sec. 302(f) of the CBA,"November 30, 2012,  10:45 AM","Motion Rejected (58-34, 3/5 majority required)"
217,"Confirmation Paul William Grimm, of MD, to be U.S. District Judge","December 3, 2012,  05:33 PM",Nomination Confirmed (92-1)
218,Motion to Invoke Cloture on S.3254,"December 3, 2012,  06:05 PM","Cloture Motion Agreed to (93-0, 3/5 majority required)"
219,Resolution of Ratification Treaty Doc. 112-7,"December 4, 2012,  12:06 PM","Resolution of Ratification Rejected (61-38, 2/3 majority required)"
220,"McCain Amdt. No. 3262, As Modified","December 4, 2012,  04:40 PM",Amendment Agreed to (92-6)
221,S. 3254 As Amended,"December 4, 2012,  05:06 PM",Bill Passed (98-0)
222,"Confirmation Michael P. Shea, of Connecticut, to be U.S. District Judge","December 5, 2012,  05:28 PM",Nomination Confirmed (72-23)
223,H. R. 6156,"December 6, 2012,  12:10 PM",Bill Passed (92-4)
224,"Confirmation Mark E. Walker, of Florida, to be U.S. District Judge for the Northern District of Florida","December 6, 2012,  12:48 PM",Nomination Confirmed (94-0)
225,Motion to Invoke Cloture on the Motion to Proceed to S. 3637,"December 11, 2012,  02:16 PM","Cloture on the Motion to Proceed Agreed to (76-20, 3/5 majority required)"
226,"Confirmation John E. Dowdell, of Oklahoma, to be U.S. District Judge","December 11, 2012,  04:32 PM",Nomination Confirmed (95-0)
227,Motion to Waive All Applicable Budgetary Discipline Re: S.3637,"December 13, 2012,  12:01 PM","Motion Rejected (50-42, 3/5 majority required)"
228,"Confirmation Lorna G. Schofield, of New York, to be U.S. District Judge","December 13, 2012,  02:18 PM",Nomination Confirmed (91-0)
229,Leahy Amdt. No. 3437,"December 27, 2012,  05:33 PM","Amendment Rejected (38-52, 3/5 majority required)"
230,Merkley Amdt. No. 3435,"December 27, 2012,  06:06 PM","Amendment Rejected (37-54, 3/5 majority required)"
231,Paul Amdt. No. 3436,"December 27, 2012,  06:26 PM","Amendment Rejected (12-79, 3/5 majority required)"
232,Wyden Amdt. No. 3439,"December 28, 2012,  09:36 AM","Amendment Rejected (43-52, 3/5 majority required)"
233,H.R. 5949,"December 28, 2012,  10:05 AM","Bill Passed (73-23, 3/5 majority required)"
234,Bingaman Amdt. No. 3344,"December 28, 2012,  10:36 AM","Amendment Rejected (52-43, 3/5 majority required)"
235,Motion to Waive All Applicable Budgetary Discipline Re: Tester Amdt. No. 3350,"December 28, 2012,  11:02 AM","Motion Rejected (51-44, 3/5 majority required)"
236,Coburn Amdt. No. 3368,"December 28, 2012,  11:27 AM","Amendment Rejected (44-51, 3/5 majority required)"
237,"Coburn Amdt. No. 3370, Div II","December 28, 2012,  11:56 AM","Amendment Rejected (35-60, 3/5 majority required)"
238,Coburn Amdt. No. 3371,"December 28, 2012,  12:14 PM","Amendment Rejected (40-55, 3/5 majority required)"
239,Coburn Amdt. No. 3382,"December 28, 2012,  02:11 PM","Amendment Rejected (48-47, 3/5 majority required)"
240,Paul Amdt. No. 3376,"December 28, 2012,  04:18 PM","Amendment Rejected (42-52, 3/5 majority required)"
241,Paul Amdt. No. 3410,"December 28, 2012,  04:57 PM","Amendment Rejected (3-91, 3/5 majority required)"
242,McCain Amdt. No. 3355,"December 28, 2012,  05:20 PM","Amendment Rejected (46-49, 3/5 majority required)"
243,"Motion to Waive All Applicable Budgetary Discipline Re: Merkley Amdt. No. 3367, as Modified Further","December 28, 2012,  05:47 PM","Motion Rejected (55-40, 3/5 majority required)"
244,Coats Amdt. No. 3391,"December 28, 2012,  06:11 PM","Amendment Rejected (41-54, 3/5 majority required)"
245,H.R. 1 as Amended,"December 28, 2012,  06:32 PM",Bill Passed (62-32)
246,"Confirmation William Joseph Baer, of Maryland, to be an Assistant Attorney General","December 30, 2012,  02:10 PM",Nomination Confirmed (64-26)
247,"Confirmation Carol J. Galante, of California, to be an Assistant Seceretary of Housing and Urban Development","December 30, 2012,  02:39 PM","Nomination Confirmed (69-24, 3/5 majority required)"
248,"H.R. 8, As Amended","January 1, 2013,  01:39 AM","Bill Passed (89-8, 3/5 majority required)"
