,title,vote_date,vote_result
0,S. Res. 15,"January 24, 2013,  07:54 PM","Resolution Agreed to (78-16, 3/5 majority required)"
1,S. Res. 15,"January 24, 2013,  07:54 PM","Resolution Agreed to (78-16, 3/5 majority required)"
2,S. Res. 16,"January 24, 2013,  08:20 PM","Resolution Agreed to (86-9, 2/3 majority required)"
3,Lee Amdt. No. 4,"January 28, 2013,  05:39 PM","Amendment Rejected (35-62, 3/5 majority required)"
4,H.R. 152,"January 28, 2013,  06:09 PM","Bill Passed (62-36, 3/5 majority required)"
5,"Confirmation John Forbes Kerry, of Massachusetts, to be Secretary of State","January 29, 2013,  04:05 PM",Nomination Confirmed (94-3)
6,Motion to Table Portman Amdt. No. 6,"January 31, 2013,  12:19 PM",Motion to Table Agreed to (54-44)
7,Motion to Table Portman Amdt. No. 7,"January 31, 2013,  02:18 PM",Motion to Table Agreed to (52-46)
8,Motion to Table Toomey Amdt. No. 8,"January 31, 2013,  02:44 PM",Motion to Table Agreed to (53-45)
9,Motion to Table Paul Amdt. No. 9,"January 31, 2013,  03:03 PM",Motion to Table Agreed to (79-19)
10,Motion to Table Vitter Motion to Commit H.R. 325 to the Committee on Finance,"January 31, 2013,  03:21 PM",Motion to Table Agreed to (53-45)
11,H.R. 325,"January 31, 2013,  03:37 PM",Bill Passed (64-34)
12,Grassley Amdt. No. 14,"February 7, 2013,  04:01 PM",Amendment Rejected (34-65)
13,Coburn Amdt. No. 13,"February 11, 2013,  05:30 PM",Amendment Rejected (31-59)
14,Leahy Amdt. No. 21 as Modified,"February 12, 2013,  11:31 AM",Amendment Agreed to (93-5)
15,Portman Amdt. No. 10,"February 12, 2013,  11:59 AM",Amendment Agreed to (100-0)
16,Coburn Amdt. No. 15,"February 12, 2013,  12:19 PM",Amendment Rejected (46-53)
17,Coburn Amdt. No. 16,"February 12, 2013,  02:19 PM",Amendment Rejected (43-57)
18,S. 47 As Amended,"February 12, 2013,  02:39 PM",Bill Passed (78-22)
19,"Confirmation William J. Kayatta, Jr., of Maine, to be United States Circuit Judge for the First Circuit","February 13, 2013,  02:26 PM",Nomination Confirmed (88-12)
20,"Motion to Invoke Cloture on the Nomination of Charles Timothy Hagel, of Nebraska, to be Secretary of Defense","February 14, 2013,  04:17 PM","Cloture Motion Rejected (58-40, 3/5 majority required)"
21,"Confirmation Robert E. Bacharach, of Oklahoma, to be U.S. Circuit Judge for the Tenth District","February 25, 2013,  05:32 PM",Nomination Confirmed (93-0)
22,"Upon Reconsideration Motion to Invoke Cloture on the Nomination of Charles T. Hagel, of Nebraska, to be Secretary of Defense","February 26, 2013,  12:01 PM","Cloture Motion Agreed to (71-27, 3/5 majority required)"
23,"Confirmation Charles Timothy Hagel, of Nebraska, to be Secretary of Defense","February 26, 2013,  04:31 PM",Nomination Confirmed (58-41)
24,"Confirmation Jacob J. Lew, of New York, to be Secretary of the Treasury","February 27, 2013,  05:38 PM",Nomination Confirmed (71-26)
25,Motion to Invoke Cloture on the Motion to Proceed to S.16,"February 28, 2013,  02:31 PM","Cloture on the Motion to Proceed Rejected (38-62, 3/5 majority required)"
26,Motion to Invoke Cloture on the Motion to Proceed to S.388,"February 28, 2013,  02:57 PM","Cloture on the Motion to Proceed Rejected (51-49, 3/5 majority required)"
27,"Confirmation Katherine Polk Failla, of New York, to be U.S. District Judge","March 4, 2013,  05:31 PM",Nomination Confirmed (91-0)
28,Paul Amdt. No. 25,"March 5, 2013,  12:23 PM",Amendment Rejected (44-53)
29,"Motion to Invoke Cloture on the Nomination of Caitlin Joan Halligan, of New York, to be U.S. Circuit Judge","March 6, 2013,  10:44 AM","Cloture Motion Rejected (51-41, 3/5 majority required)"
30,"Motion to Invoke Cloture on the Nomination of John Owen Brennan, of Virginia, to be Director of the CIA","March 7, 2013,  03:03 PM","Cloture Motion Agreed to (81-16, 3/5 majority required)"
31,"Confirmation John Owen Brennan, of Virginia, to be Director of the Central Intelligence Agency","March 7, 2013,  03:29 PM",Nomination Confirmed (63-34)
32,"Confirmation Richard Gary Taranto, of Maryland, to be U.S. Circuit Judge for the Federal Circuit","March 11, 2013,  05:31 PM",Nomination Confirmed (91-0)
33,Cruz Amdt. No. 30,"March 13, 2013,  02:02 PM",Amendment Rejected (45-52)
34,Motion to Table McCain Amdt. No. 33,"March 13, 2013,  05:34 PM",Motion to Table Failed (48-50)
35,Harkin Amdt. No. 53,"March 14, 2013,  11:31 AM","Amendment Rejected (54-45, 3/5 majority required)"
36,Coburn Amdt. No. 66,"March 14, 2013,  12:01 PM","Amendment Rejected (45-54, 3/5 majority required)"
37,Motion to Invoke Cloture on the Mikulski Amdt. No. 26,"March 18, 2013,  06:10 PM","Cloture Motion Agreed to (63-35, 3/5 majority required)"
38,Coburn Amdt. No. 69,"March 20, 2013,  02:20 PM","Amendment Rejected (48-51, 3/5 majority required)"
39,Coburn Amdt. No. 93,"March 20, 2013,  02:49 PM","Amendment Rejected (45-54, 3/5 majority required)"
40,Toomey Amdt. No. 115 As Modified,"March 20, 2013,  03:21 PM","Amendment Rejected (40-59, 3/5 majority required)"
41,"Mikulski Amdt. No. 26 As Modified, As Amended","March 20, 2013,  03:42 PM",Amendment Agreed to (70-29)
42,Motion to Invoke Cloture on H.R. 933,"March 20, 2013,  04:04 PM","Cloture Motion Agreed to (63-36, 3/5 majority required)"
43,H.R. 933 As Amended,"March 20, 2013,  04:29 PM",Bill Passed (73-26)
44,Sessions Motion to Recommit S.Con.Res. 8 to the Committee on the Budget,"March 21, 2013,  08:11 PM",Motion to Recommit Rejected (46-53)
45,Murray Amdt. No. 433,"March 21, 2013,  08:36 PM",Amendment Rejected (40-59)
46,Hatch Amdt. No. 297,"March 21, 2013,  08:52 PM",Amendment Agreed to (79-20)
47,Stabenow Amdt. No. 432,"March 21, 2013,  09:11 PM",Amendment Agreed to (96-3)
48,Grassley Amdt. No. 156,"March 21, 2013,  09:28 PM",Amendment Rejected (45-54)
49,Ayotte Amdt. No. 158,"March 22, 2013,  11:04 AM",Amendment Rejected (45-54)
50,Cruz Amdt. No. 202,"March 22, 2013,  11:31 AM",Amendment Rejected (45-54)
51,Murray Amdt. No. 439,"March 22, 2013,  11:49 AM",Amendment Agreed to (99-0)
52,Crapo Amdt. No. 222,"March 22, 2013,  12:05 PM",Amendment Rejected (45-54)
53,Shaheen Amdt. No. 438,"March 22, 2013,  12:19 PM",Amendment Agreed to (56-43)
54,Fischer Amdt. No. 630,"March 22, 2013,  03:54 PM",Amendment Rejected (44-55)
55,Menendez Amdt. No. 651,"March 22, 2013,  04:21 PM",Amendment Rejected (49-50)
56,Coburn Amdt. No. 409,"March 22, 2013,  04:39 PM",Amendment Agreed to (68-31)
57,Whitehouse Amdt. No. 646,"March 22, 2013,  04:57 PM",Amendment Rejected (41-58)
58,Motion to Waive CBA Re: Blunt Amdt. No. 261,"March 22, 2013,  05:13 PM","Motion Rejected (53-46, 3/5 majority required)"
59,Boxer Amdt. No. 622,"March 22, 2013,  05:30 PM",Amendment Rejected (33-66)
60,Hoeven Amdt. No. 494,"March 22, 2013,  05:47 PM",Amendment Agreed to (62-37)
61,Enzi Amdt. No. 656,"March 22, 2013,  06:47 PM",Amendment Agreed to (75-24)
62,Alexander Amdt. No. 515,"March 22, 2013,  07:31 PM",Amendment Rejected (39-60)
63,Motion to Waive CBA Re: Rubio Amdt. No. 292,"March 22, 2013,  07:49 PM","Motion Rejected (48-51, 3/5 majority required)"
64,Isakson Amdt. No. 138,"March 22, 2013,  08:10 PM",Amendment Agreed to (68-31)
65,Warner Amdt. No. 693,"March 22, 2013,  08:33 PM",Amendment Agreed to (80-19)
66,Thune Amdt. No. 307,"March 22, 2013,  08:52 PM",Amendment Rejected (46-53)
67,Motion to Waive CBA Re: Burr Amdt. No. 697,"March 22, 2013,  09:14 PM","Motion Rejected (45-54, 3/5 majority required)"
68,Paul Amdt. No. 263,"March 22, 2013,  09:32 PM",Amendment Rejected (18-81)
69,Vitter Amdt. No. 689,"March 22, 2013,  09:54 PM",Amendment Agreed to (99-0)
70,Toomey Amdt. No. 535,"March 22, 2013,  10:13 PM",Amendment Rejected (45-54)
71,Coats Amdt. No. 514,"March 22, 2013,  10:32 PM",Amendment Rejected (46-53)
72,Lee Amdt. No. 373,"March 22, 2013,  10:50 PM",Amendment Rejected (46-53)
73,Johnson (WI) Amdt. No. 213,"March 22, 2013,  11:15 PM",Amendment Rejected (46-53)
74,Scott Amdt. No. 597,"March 22, 2013,  11:32 PM",Amendment Rejected (43-56)
75,Inhofe Amdt. No. 359,"March 22, 2013,  11:56 PM",Amendment Rejected (47-52)
76,Sessions Amdt. No. 614,"March 23, 2013,  12:15 AM",Amendment Rejected (43-56)
77,Portman Amdt. No. 152,"March 23, 2013,  12:44 AM",Amendment Rejected (43-56)
78,Shelby Amdt. No. 340,"March 23, 2013,  01:12 AM",Amendment Rejected (47-52)
79,Ayotte Amdt. No. 136,"March 23, 2013,  01:45 AM",Amendment Agreed to (94-5)
80,Crapo Amdt. No. 318,"March 23, 2013,  02:03 AM",Amendment Rejected (47-52)
81,Paul Amdt. No. 382,"March 23, 2013,  03:12 AM",Amendment Rejected (26-72)
82,Vitter Amdt. No. 526,"March 23, 2013,  03:22 AM",Amendment Rejected (44-54)
83,Vitter Amdt. No. 338,"March 23, 2013,  03:29 AM",Amendment Rejected (46-53)
84,Cruz Amdt. No. 471,"March 23, 2013,  03:37 AM",Amendment Rejected (25-74)
85,Cruz Amdt. No. 702,"March 23, 2013,  03:45 AM",Amendment Rejected (38-61)
86,Motion to Waive CBA Re: Lee Amdt. No. 673,"March 23, 2013,  03:51 AM","Motion Rejected (50-49, 3/5 majority required)"
87,Coburn Amdt. No. 416,"March 23, 2013,  04:01 AM",Amendment Rejected (43-56)
88,Coburn Amdt. No. 709,"March 23, 2013,  04:10 AM",Amendment Agreed to (62-37)
89,Portman Amdt. No. 154,"March 23, 2013,  04:19 AM",Amendment Agreed to (51-48)
90,Inhofe Amdt. No. 139,"March 23, 2013,  04:30 AM",Amendment Agreed to (53-46)
91,S. Con. Res. 8,"March 23, 2013,  04:38 AM",Resolution Agreed to (50-49)
92,"Confirmation Patty Shwartz, of New Jersey, to be U.S. Circuit Judge for the Third Circuit","April 9, 2013,  12:00 PM",Nomination Confirmed (64-34)
93,"Confirmation Sarah Jewell, of Washington, to be Secretary of the Interior","April 10, 2013,  05:01 PM",Nomination Confirmed (87-11)
94,Motion to Invoke Cloture on the Motion to Proceed to S.649,"April 11, 2013,  11:03 AM","Cloture on the Motion to Proceed Agreed to (68-31, 3/5 majority required)"
95,"Nomination: Beverly Reid O'Connell of California, to be U.S. District Judge for the Central District of California","April 15, 2013,  05:39 PM",Nomination Confirmed (92-0)
96,Manchin Amdt. No. 715,"April 17, 2013,  04:04 PM","Amendment Rejected (54-46, 3/5 majority required)"
97,Grassley Amdt. No. 725,"April 17, 2013,  04:31 PM","Amendment Rejected (52-48, 3/5 majority required)"
98,Leahy Amdt. No. 713,"April 17, 2013,  04:47 PM","Amendment Rejected (58-42, 3/5 majority required)"
99,Cornyn Amdt. No. 719,"April 17, 2013,  05:06 PM","Amendment Rejected (57-43, 3/5 majority required)"
100,Feinstein Amdt. No. 711,"April 17, 2013,  05:23 PM","Amendment Rejected (40-60, 3/5 majority required)"
101,Burr Amdt. No. 720,"April 17, 2013,  05:43 PM","Amendment Rejected (56-44, 3/5 majority required)"
102,Lautenberg Amdt. No. 714,"April 17, 2013,  06:05 PM","Amendment Rejected (46-54, 3/5 majority required)"
103,Barrasso Amdt. No. 717,"April 18, 2013,  12:02 PM","Amendment Agreed to (67-30, 3/5 majority required)"
104,Harkin Amdt. No. 730,"April 18, 2013,  12:29 PM","Amendment Agreed to (95-2, 3/5 majority required)"
105,"Confirmation Derrick Kahala Watson, of Hawaii, to be U.S. District Judge","April 18, 2013,  02:14 PM",Nomination Confirmed (94-0)
106,Motion to Invoke Cloture on the Motion to Proceed to S. 743,"April 22, 2013,  05:31 PM","Cloture on the Motion to Proceed Agreed to (74-20, 3/5 majority required)"
107,"Confirmation Jane Kelly, of Iowa, to be U.S. Circuit Judge for the Eighth Circuit","April 24, 2013,  12:05 PM",Nomination Confirmed (96-0)
108,"Confirmation Sylvia Mathews Burwell, of West Virginia, to be Director of the Office of Management and Budget","April 24, 2013,  12:29 PM",Nomination Confirmed (96-0)
109,Motion to Proceed to S. 743,"April 24, 2013,  12:49 PM",Motion to Proceed Agreed to (74-23)
110,Motion to Invoke Cloture on S.743,"April 25, 2013,  05:36 PM","Cloture Motion Agreed to (63-30, 3/5 majority required)"
111,Enzi Amdt. No. 741,"May 6, 2013,  05:31 PM",Amendment Agreed to (70-24)
112,"S. 743, as amended","May 6, 2013,  06:12 PM",Bill Passed (69-27)
113,"Confirmation David Medine, of Maryland, to be Chairman and Member of the Privacy and Civil Liberties Oversight Board","May 7, 2013,  12:02 PM",Nomination Confirmed (53-45)
114,Coburn Amdt. No. 805,"May 8, 2013,  02:00 PM","Amendment Rejected (56-43, 3/5 majority required)"
115,Whitehouse Amdt. No. 803,"May 8, 2013,  02:26 PM","Amendment Agreed to (67-32, 3/5 majority required)"
116,Brown Amdt. No. 813 As Modified,"May 8, 2013,  05:45 PM",Amendment Agreed to (95-0)
117,"Confirmation Nelson Stephen Roman, of New York, to be United States District Judge","May 9, 2013,  02:02 PM",Nomination Confirmed (97-0)
118,Barrasso Amdt. No. 868,"May 14, 2013,  05:05 PM","Amendment Rejected (52-44, 3/5 majority required)"
119,Sanders Amdt. No. 889,"May 14, 2013,  05:34 PM","Amendment Rejected (56-40, 3/5 majority required)"
120,Coburn Amdt. No. 815,"May 15, 2013,  10:35 AM",Amendment Rejected (43-53)
121,Coburn Amdt. No. 816,"May 15, 2013,  11:01 AM",Amendment Rejected (35-61)
122,Merkley Amdt. No. 866,"May 15, 2013,  11:24 AM",Amendment Agreed to (60-36)
123,"S.601, As Amended","May 15, 2013,  11:51 AM",Bill Passed (83-14)
124,"Confirmation William H. Orrick, III, of the District of Columbia, to be U.S. District Judge for the Northern District of California","May 15, 2013,  04:38 PM",Nomination Confirmed (56-41)
125,"Confirmation Marilyn B. Tavenner, of Virginia, to be Administrator of the Centers for Medicare and Medicaid Services","May 15, 2013,  05:03 PM",Nomination Confirmed (91-7)
126,"Confirmation Ernest J. Moniz, of Massachusetts, to be Secretary of Energy","May 16, 2013,  01:51 PM",Nomination Confirmed (97-0)
127,"Confirmation: Sheri Polster Chappell, of Florida, to be United States District Judge","May 20, 2013,  05:32 PM",Nomination Confirmed (90-0)
128,Cantwell Amdt. No. 919,"May 21, 2013,  12:02 PM",Amendment Agreed to (87-8)
129,Roberts Amdt. No. 948,"May 21, 2013,  04:07 PM",Amendment Rejected (40-58)
130,Gillibrand Amdt. No. 931,"May 21, 2013,  04:35 PM",Amendment Rejected (26-70)
131,Inhofe Amdt. No. 960,"May 22, 2013,  12:00 PM",Amendment Rejected (36-60)
132,S. Res. 65 as Amended,"May 22, 2013,  04:36 PM",Resolution Agreed to (99-0)
133,Shaheen Amdt. No. 925,"May 22, 2013,  05:04 PM",Amendment Rejected (45-54)
134,Sanders Amdt. No. 965,"May 23, 2013,  10:38 AM","Amendment Rejected (27-71, 3/5 majority required)"
135,"Confirmation Srikanth Srinivasan, of Virginia, to be U.S. Circuit Judge for D.C. Circuit","May 23, 2013,  01:59 PM",Nomination Confirmed (97-0)
136,Feinstein Amdt. No. 923,"May 23, 2013,  02:28 PM","Amendment Rejected (44-52, 3/5 majority required)"
137,Hagan Amdt. No. 1031,"May 23, 2013,  03:15 PM",Amendment Agreed to (94-0)
138,Durbin Amdt. No. 953,"May 23, 2013,  03:42 PM",Amendment Agreed to (59-33)
139,Leahy Amdt. No. 998,"June 10, 2013,  05:33 PM",Amendment Agreed to (48-38)
140,S. 954 As Amended,"June 10, 2013,  06:03 PM",Bill Passed (66-27)
141,Motion to Invoke Cloture on the Motion to Proceed to S. 744,"June 11, 2013,  02:15 PM","Cloture on the Motion to Proceed Agreed to (82-15, 3/5 majority required)"
142,Motion to Proceed to S. 744,"June 11, 2013,  04:01 PM",Motion to Proceed Agreed to (84-15)
143,Motion to Table Grassley Amdt. No. 1195,"June 13, 2013,  10:06 AM",Motion to Table Agreed to (57-43)
144,"Confirmation Jeffrey L. Schmehl, of Pennsylvania, to be United States District Judge","June 13, 2013,  12:04 PM",Nomination Confirmed (100-0)
145,"Confirmation Kenneth John Gonzales, of New Mexico, to be U.S. District Judge","June 17, 2013,  05:32 PM",Nomination Confirmed (89-0)
146,Thune Amdt. No. 1197,"June 18, 2013,  03:01 PM","Amendment Rejected (39-54, 3/5 majority required)"
147,Vitter Amdt. No. 1228,"June 18, 2013,  03:35 PM","Amendment Rejected (36-58, 3/5 majority required)"
148,Tester Amdt. No. 1198,"June 18, 2013,  03:56 PM","Amendment Agreed to (94-0, 3/5 majority required)"
149,Motion to Table Paul Amdt. No. 1200,"June 19, 2013,  03:45 PM",Motion to Table Agreed to (61-37)
150,Manchin Amdt. No. 1268,"June 19, 2013,  04:39 PM","Amendment Agreed to (72-26, 3/5 majority required)"
151,Lee Amdt. No. 1208 As Modified,"June 19, 2013,  05:08 PM","Amendment Rejected (39-59, 3/5 majority required)"
152,Heller Amdt. No. 1227,"June 19, 2013,  05:28 PM","Amendment Agreed to (89-9, 3/5 majority required)"
153,"Confirmation Michael Froman, of New York, to be U.S. Trade Representative","June 19, 2013,  05:54 PM",Nomination Confirmed (93-4)
154,Motion to Table Cornyn Amdt. No. 1251,"June 20, 2013,  12:02 PM",Motion to Table Agreed to (54-43)
155,Motion to Invoke Cloture on Leahy Amdt. No. 1183 As Modified,"June 24, 2013,  05:34 PM","Cloture Motion Agreed to (67-27, 3/5 majority required)"
156,"Confirmation Penny Pritzker, of Illinois, to be Secretary of Commerce","June 25, 2013,  02:45 PM",Nomination Confirmed (97-1)
157,"Motion to Waive All Applicable Budgetary Discipline Re: S. 744 and Amdt. No. 1183, As Modified","June 26, 2013,  11:36 AM","Motion Agreed to (68-30, 3/5 majority required)"
158,"Leahy Amdt. No. 1183, As Modified","June 26, 2013,  12:16 PM",Amendment Agreed to (69-29)
159,Motion to Invoke Cloture on the Committee-Reported Substitute Amendment to S.744,"June 26, 2013,  12:35 PM","Cloture Motion Agreed to (67-31, 3/5 majority required)"
160,"Confirmation Anthony Renard Foxx, of North Carolina, to be Secretary of Transportation","June 27, 2013,  11:36 AM",Nomination Confirmed (100-0)
161,"Committee-Reported Substitute Amendment, as Amended, to S. 744","June 27, 2013,  12:04 PM",Amendment Agreed to (68-32)
162,Motion to Invoke Cloture on S. 744,"June 27, 2013,  12:21 PM","Cloture Motion Agreed to (68-32, 3/5 majority required)"
163,S. 744 As Amended,"June 27, 2013,  04:11 PM",Bill Passed (68-32)
164,"Confirmation Gregory Alan Phillips, of Wyoming, to be U.S. Circuit Judge for the Tenth Circuit","July 8, 2013,  05:29 PM",Nomination Confirmed (88-0)
165,"Confirmation Jennifer A. Dorsey, of Nevada, to be U.S. District Judge for the District of Nevada","July 9, 2013,  12:01 PM",Nomination Confirmed (54-41)
166,Motion to Invoke Cloture on the Motion to Proceed to S. 1238,"July 10, 2013,  12:01 PM","Cloture Motion Rejected (51-49, 3/5 majority required)"
167,Motion to Instruct the Sergeant at Arms,"July 15, 2013,  05:39 PM",Motion for Attendance Agreed to (69-28)
168,"Motion to Invoke Cloture on the Nomination of Richard Cordray, of Ohio, to be Director of the Bureau of Consumer Financial Protection","July 16, 2013,  11:02 AM","Cloture Motion Agreed to (71-29, 3/5 majority required)"
169,"Confirmation Richard Cordray, of Ohio, to be Director of the Bureau of Consumer Financial Protection","July 16, 2013,  05:00 PM",Nomination Confirmed (66-34)
170,"Motion to Invoke Cloture on the Nomination of Fred P. Hochberg, of New York, to be President of the Export-Import Bank of the United States","July 17, 2013,  10:01 AM","Cloture Motion Agreed to (82-18, 3/5 majority required)"
171,"Confirmation Fred P. Hochberg, of New York, to be President of the Export-Import Bank of the United States","July 17, 2013,  03:37 PM",Nomination Confirmed (82-17)
172,"Motion to Invoke Cloture on the Nomination of Thomas Edward Perez, of Maryland, to be Secretary of Labor","July 17, 2013,  04:08 PM","Cloture Motion Agreed to (60-40, 3/5 majority required)"
173,"Confirmation Thomas Edward Perez, of Maryland, to be Secretary of Labor","July 18, 2013,  12:17 PM",Nomination Confirmed (54-46)
174,"Motion to Invoke Cloture on the Confirmation of Regina McCarthy, of Massachusetts, to be Administrator of the Environmental Protection Agency","July 18, 2013,  02:31 PM","Cloture Motion Agreed to (69-31, 3/5 majority required)"
175,"Confirmation Regina McCarthy, of Massachusetts, to be Administrator of the Environmental Protection Agency","July 18, 2013,  03:23 PM",Nomination Confirmed (59-40)
176,Motion to Invoke Cloture on the Motion to Proceed to S. 1243,"July 23, 2013,  12:01 PM","Cloture on the Motion to Proceed Agreed to (73-26, 3/5 majority required)"
177,Vitter Amdt. No. 1744,"July 23, 2013,  04:46 PM",Amendment Agreed to (99-1)
178,Reed Amdt. No. 1778,"July 24, 2013,  05:15 PM","Amendment Rejected (46-53, 3/5 majority required)"
179,Sanders Amdt. No. 1774,"July 24, 2013,  05:44 PM","Amendment Rejected (34-65, 3/5 majority required)"
180,H.R. 1911 As Amended,"July 24, 2013,  06:11 PM","Bill Passed (81-18, 3/5 majority required)"
181,"Derek Anthony West, of California, to be Associate Attorney General","July 25, 2013,  12:27 PM",Nomination Confirmed (98-1)
182,Motion to Table the Toomey Motion to Recommit to the Committee on Appropriations,"July 25, 2013,  03:17 PM",Motion to Table Motion to Recommit Agreed to (56-42)
183,"Confirmation James B. Comey, Jr., of Connecticut, to be Director of the Federal Bureau of Investigation","July 29, 2013,  05:31 PM",Nomination Confirmed (93-1)
184,"Motion to Invoke Cloture on the Nomination of Kent Yoshiho Hirozawa, of New York, to be a Member of the National Labor Relations Board","July 30, 2013,  10:15 AM","Cloture Motion Agreed to (64-34, 3/5 majority required)"
185,"Confirmation Kent Yoshiho Hirozawa, of New York, to be a Member of the National Labor Relations Board","July 30, 2013,  04:35 PM",Nomination Confirmed (54-44)
186,"Motion to Invoke Cloture on the Nomination of Nancy Jean Schiffer, of Maryland, to be a Member of the National Labor Relations Board","July 30, 2013,  05:03 PM","Cloture Motion Agreed to (65-33, 3/5 majority required)"
187,"Confirmation Nancy Jean Schiffer, of Maryland, to be a Member of the National Labor Relations Board","July 30, 2013,  05:20 PM",Nomination Confirmed (54-44)
188,"Motion to Invoke Cloture on the Nomination of Mark Gaston Pearce, of New York, to be a Member of the National Labor Relations Board","July 30, 2013,  05:35 PM","Cloture Motion Agreed to (69-29, 3/5 majority required)"
189,"Confirmation Mark Gaston Pearce, of New York, to be a Member of the National Labor Relations Board","July 30, 2013,  05:49 PM",Nomination Confirmed (59-38)
190,Motion to Table Paul Amdt. No. 1739,"July 31, 2013,  11:14 AM",Motion to Table Agreed to (86-13)
191,"Motion to Invoke Cloture on the Nomination of Byron Todd Jones, of Minnesota, to be Director, Bureau of Alcohol, Tobacco, Firearms, and Explosives","July 31, 2013,  02:01 PM","Cloture Motion Agreed to (60-40, 3/5 majority required)"
192,"Confirmation Byron Todd Jones, of Minnesota, to be Director, Bureau of Alcohol, Tobacco, Firearms, and Explosives","July 31, 2013,  07:04 PM",Nomination Confirmed (53-42)
193,"Confirmation Raymond T. Chen, of Maryland, to be U.S. Circuit Judge for the Federal Circuit","August 1, 2013,  12:02 PM",Nomination Confirmed (97-0)
194,Motion to Invoke Cloture on S. 1243,"August 1, 2013,  12:41 PM","Cloture Motion Rejected (54-43, 3/5 majority required)"
195,"Confirmation Samantha Power, of Massachusetts, to be Representative of the United States of America to the United Nations and Security Council of UN","August 1, 2013,  02:38 PM",Nomination Confirmed (87-10)
196,"Confirmation Valerie E. Caproni, of the District of Columbia, to be U.S. District Judge for the Southern District of New York","September 9, 2013,  05:34 PM",Nomination Confirmed (73-24)
197,"Confirmation Elaine D. Kaplan, of the District of Columbia, to be a Judge of the U.S. Court of Federal Claims","September 17, 2013,  12:03 PM",Nomination Confirmed (64-35)
198,H.R. 527 As Amended,"September 19, 2013,  02:15 PM",Bill Passed (97-2)
199,"Confirmation Todd M. Hughes, of the District of Columbia, to be U.S. Circuit Judge for the Federal Circuit","September 24, 2013,  11:47 AM",Nomination Confirmed (98-0)
200,Motion to Invoke Cloture on the Motion to Proceed to H.J.Res. 59,"September 25, 2013,  12:55 PM","Cloture Motion Agreed to (100-0, 3/5 majority required)"
201,Motion to Invoke Cloture on H.J. Res. 59,"September 27, 2013,  12:29 PM","Cloture Motion Agreed to (79-19, 3/5 majority required)"
202,Motion to Waive All Applicable Budget Points of Order re: H.J. Res. 59 and Amdt. No. 1974,"September 27, 2013,  12:58 PM","Motion Agreed to (68-30, 3/5 majority required)"
203,Reid Amdt. No. 1974,"September 27, 2013,  01:16 PM",Amendment Agreed to (54-44)
204,H.J.Res. 59 As Amended,"September 27, 2013,  01:31 PM",Joint Resolution Passed (54-44)
205,Motion to Table House Amdts. to Senate Amdt. to H.J.Res. 59,"September 30, 2013,  02:03 PM",Motion to Table Agreed to (54-46)
206,Motion to Table the House Amendment to the Senate Amendment to H.J. Res. 59,"September 30, 2013,  09:06 PM",Motion to Table Agreed to (54-46)
207,Motion to Table the House Message to Accompany H.J. Res. 59,"October 1, 2013,  09:33 AM",Motion to Table Agreed to (54-46)
208,"Confirmation Colin Stirling Bruce, of Illinois, to be United States District Judge for the Central District of Illinois","October 7, 2013,  05:30 PM",Nomination Confirmed (96-0)
209,Motion to Instruct the Sgt. at Arms,"October 8, 2013,  02:18 PM",Motion for Attendance Agreed to (84-14)
210,Motion to Instruct the Sgt. at Arms,"October 9, 2013,  12:13 PM",Motion for Attendance Agreed to (78-18)
211,Motion to Invoke Cloture on the Motion to Proceed to S. 1569,"October 12, 2013,  12:00 PM","Cloture on the Motion to Proceed Rejected (53-45, 3/5 majority required)"
212,"Confirmation Madeline Hughes Haikala, of Alabama, to be U.S. District Judge for the Northern District of Alabama","October 14, 2013,  06:15 PM",Nomination Confirmed (90-0)
213,Motion to Invoke Cloture on H.R. 2775 As Amended,"October 16, 2013,  07:33 PM","Cloture Motion Agreed to (83-16, 3/5 majority required)"
214,H.R. 2775 As Amended,"October 16, 2013,  07:56 PM",Bill Passed (81-18)
215,Motion to Proceed to S.J.Res. 26,"October 29, 2013,  02:15 PM",Motion to Proceed Rejected (45-54)
216,"Motion to Invoke Cloture on the Nomination of Richard F. Griffin, Jr., of the District of Columbia, to be General Counsel of the National Labor Relations Board","October 29, 2013,  02:39 PM","Cloture Motion Agreed to (62-37, 3/5 majority required)"
217,"Confirmation Richard F. Griffin, Jr. to be General Counsel of the National Labor Relations Board","October 29, 2013,  05:06 PM",Nomination Confirmed (55-44)
218,"Motion to Invoke Cloture on Nomination of Alan F. Estevez, of the District of Columbia, to be a Principal Deputy Under Secretary of Defense","October 30, 2013,  10:31 AM","Cloture Motion Agreed to (91-8, 3/5 majority required)"
219,"Motion to Invoke Cloture on the Nomination of Katherine Archuleta, of Colorado, to be Director of the Office of Personnel Management","October 30, 2013,  12:04 PM","Cloture Motion Agreed to (81-18, 3/5 majority required)"
220,"Confirmation Katherine Archuleta, of Colorado, to be Director of the Office of Personnel Management","October 30, 2013,  05:18 PM",Nomination Confirmed (62-35)
221,"Motion to Invoke Cloture on the Nomination of Melvin L. Watt, of North Carolina, to be Director of the Federal Housing Finance Agency","October 31, 2013,  12:07 PM","Cloture Motion Rejected (56-42, 3/5 majority required)"
222,"Motion to Invoke Cloture on the Nomination of Patricia Ann Millett, of Virginia, to be U.S. Circuit Judge for the District of Columbia Circuit","October 31, 2013,  12:38 PM","Cloture Motion Rejected (55-38, 3/5 majority required)"
223,"Confirmation Debra M. Brown, of Mississippi, to be U.S. District Judge for the Northern District of Mississippi","November 4, 2013,  05:31 PM",Nomination Confirmed (90-0)
224,Motion to Invoke Cloture on the Motion to Proceed to S. 815,"November 4, 2013,  05:58 PM","Cloture on the Motion to Proceed Agreed to (61-30, 3/5 majority required)"
225,Toomey Amdt. No. 2013,"November 7, 2013,  11:53 AM","Amendment Rejected (43-55, 3/5 majority required)"
226,"Motion to Invoke Cloture on S. 815, As Amended","November 7, 2013,  12:21 PM","Cloture Motion Agreed to (64-34, 3/5 majority required)"
227,S. 815 As Amended,"November 7, 2013,  01:51 PM",Bill Passed (64-32)
228,"Motion to Invoke Cloture on the Nomination of Cornelia T.L. Pillard, to be U.S. Circuit Judge for the D.C. Circuit","November 12, 2013,  05:31 PM","Cloture Motion Rejected (56-41, 3/5 majority required)"
229,Motion to Invoke Cloture on the Motion to Proceed to H.R. 3204,"November 12, 2013,  06:03 PM","Cloture Motion Agreed to (97-1, 3/5 majority required)"
230,"Motion to Invoke Cloture on the Nomination of Robert L. Wilkins, to be U.S. Circuit Judge for the D.C. Circuit","November 18, 2013,  05:31 PM","Cloture Motion Rejected (53-38, 3/5 majority required)"
231,Motion to Invoke Cloture on the Motion to Proceed to S. 1197,"November 18, 2013,  06:15 PM","Cloture on the Motion to Proceed Agreed to (91-0, 3/5 majority required)"
232,Ayotte Amdt. No. 2255,"November 19, 2013,  05:01 PM","Amendment Rejected (43-55, 3/5 majority required)"
233,Levin Amdt. No. 2175,"November 19, 2013,  05:31 PM","Amendment Rejected (52-46, 3/5 majority required)"
234,Motion to Proceed to the Motion to Reconsider the Motion to Invoke Cloture on the Nomination of Patricia A. Millett,"November 21, 2013,  11:08 AM",Motion to Proceed Agreed to (57-40)
235,McConnell Motion to Adjourn until 5 p.m.,"November 21, 2013,  11:29 AM",Motion to Adjourn Rejected (46-54)
236,Motion to Reconsider the Motion to Invoke Cloture on the Nomination of Patricia Ann Millett,"November 21, 2013,  11:46 AM",Motion to Reconsider Agreed to (57-43)
237,Shall the Decision of the Chair Stand as the Judgment of the Senate? (Reid Appeal),"November 21, 2013,  12:10 PM",Decision of Chair Not Sustained (48-52)
238,Shall the Decision of the Chair Stand as the Judgment of the Senate? (McConnell Appeal),"November 21, 2013,  12:35 PM",Decision of Chair Sustained (52-48)
239,Upon Reconsideration Motion to Invoke Cloture on the Nomination of Patricia Ann Millett,"November 21, 2013,  12:57 PM",Cloture Motion Agreed to (55-43)
240,Motion to Invoke Cloture on S. 1197,"November 21, 2013,  04:03 PM","Cloture Motion Rejected (51-44, 3/5 majority required)"
241,S. Con. Res. 28,"November 21, 2013,  04:31 PM",Concurrent Resolution Agreed to (51-42)
242,"Confirmation Patricia Ann Millett, of Virginia, to be U.S. Circuit Judge for the District of Columbia Circuit","December 10, 2013,  10:14 AM",Nomination Confirmed (56-38)
243,Motion to Proceed to the Motion to Reconsider the Motion to Invoke Cloture on the Nomination of Melvin Watt,"December 10, 2013,  10:45 AM",Motion to Proceed Agreed to (54-42)
244,Motion to Reconsider the Motion to Invoke Cloture on the Nomination of Melvin L. Watt to be Director of the Federal Housing Finance Agency,"December 10, 2013,  11:07 AM",Motion to Reconsider Agreed to (54-42)
245,Shall the Decision of the Chair Stand as the Judgment of the Senate? (McConnell Appeal),"December 10, 2013,  11:29 AM",Decision of Chair Sustained (51-45)
246,"Upon Reconsideration, Motion to Invoke Cloture on the Nomination of Melvin L. Watt, of North Carolina, to be Director of the Federal Housing Finance Agency","December 10, 2013,  11:50 AM",Cloture Motion Agreed to (57-40)
247,"Confirmation Melvin L. Watt, to be Director of the Federal Housing Finance Agency","December 10, 2013,  05:23 PM",Nomination Confirmed (57-41)
248,Motion to Proceed to the Motion to Reconsider the Motion to Invoke Cloture on the Nomination of Cornelia Pillard,"December 10, 2013,  05:51 PM",Motion to Proceed Agreed to (54-44)
249,Motion to Reconsider the Motion to Invoke Cloture on the Nomination of Cornelia Pillard to be U.S. Circuit Judge,"December 10, 2013,  06:10 PM",Motion to Reconsider Agreed to (54-44)
250,"Upon Reconsideration, Motion to Invoke Cloture on the Nomination of Cornelia Pillard to be U.S. Circuit Judge","December 10, 2013,  06:28 PM",Cloture Motion Agreed to (56-42)
251,"Confirmation Cornelia T.L. Pillard, of the District of Columbia, to be U.S. Circuit Judge for the District of Columbia Circuit","December 12, 2013,  12:52 AM",Nomination Confirmed (51-44)
252,Motion to Invoke Cloture on the Nomination of Chai Rachel Feldblum to be a Member of the Equal Employment Opportunity Commission,"December 12, 2013,  01:19 AM",Cloture Motion Agreed to (57-39)
253,"Confirmation Chai Rachel Feldblum, of D.C., to be a Member of the Equal Employment Opportunity Commission","December 12, 2013,  09:00 AM",Nomination Confirmed (54-41)
254,"Motion to Invoke Cloture on the Nomination of Elizabeth A. Wolford, of N.Y., to be U.S. District Judge","December 12, 2013,  09:29 AM",Cloture Motion Agreed to (55-41)
255,"Confirmation: Elizabeth A. Wolford, of New York, to be U.S. District Judge","December 12, 2013,  10:55 AM",Nomination Confirmed (70-29)
256,"Motion to Invoke Cloture on the Nomination of Landya B. McCafferty, of N.H., to be U.S. District Judge","December 12, 2013,  11:26 AM",Cloture Motion Agreed to (58-40)
257,"Confirmation Landya B. McCafferty, of N.H., to be U.S. District Judge","December 12, 2013,  12:49 PM",Nomination Confirmed (79-19)
258,"Motion to Invoke Cloture on the Nomination of Patricia M. Wald, to be a Member of the Privacy and Civil Liberties Oversight Board","December 12, 2013,  01:17 PM",Cloture Motion Agreed to (57-41)
259,"Confirmation Patricia M. Wald, of D.C. to be a Member of the Privacy and Civil Liberties Oversight Board","December 12, 2013,  05:35 PM",Nomination Confirmed (57-41)
260,"Motion to Invoke Cloture on the Nomination of Brian Morris, of Montana, to be U.S. District Judge for the District of Montana","December 12, 2013,  06:07 PM",Cloture Motion Agreed to (57-40)
261,"Confirmation Brian Morris, of Montana, to be U.S. District Judge for the District of Montana","December 12, 2013,  07:30 PM",Nomination Confirmed (75-20)
262,"Motion to Invoke Cloture on the Nomination of Susan P. Watters, of Montana, to be U.S. District Judge for the District of Montana","December 12, 2013,  07:57 PM",Cloture Motion Agreed to (58-39)
263,"Confirmation Susan P. Watters, of Montana, to be U.S. District Judge for the District of Montana","December 12, 2013,  09:16 PM",Nomination Confirmed (77-19)
264,"Motion to Invoke Cloture on the Nomination of Deborah Lee James, of Virginia, to be Secretary of the Air Force","December 12, 2013,  09:45 PM",Cloture Motion Agreed to (58-39)
265,"Confirmation Deborah Lee James, of Virginia, to be Secretary of the Air Force","December 13, 2013,  07:00 AM",Nomination Confirmed (79-6)
266,Motion to Invoke Cloture on the Nomination of Heather Higginbottom to be Deputy Secretary of State,"December 13, 2013,  07:32 AM",Cloture Motion Agreed to (51-34)
267,Confirmation Heather Anne Higginbottom to be Deputy Secretary of State for Management and Resources,"December 13, 2013,  12:02 PM",Nomination Confirmed (74-17)
268,"Motion to Invoke Cloture on the Nomination of Anne W. Patterson, of Virginia, to be an Assistant Secretary of State","December 13, 2013,  12:29 PM",Cloture Motion Agreed to (54-36)
269,"Confirmation Anne W. Patterson, of Virginia, to be an Assistant Secretary of State","December 16, 2013,  05:31 PM",Nomination Confirmed (78-16)
270,"Motion to Invoke Cloture on the Nomination of Jeh Charles Johnson, of New Jersey, to be Secretary of Homeland Security","December 16, 2013,  05:59 PM",Cloture Motion Agreed to (57-37)
271,"Confirmation Jeh Charles Johnson, of New Jersey, to be Secretary of Homeland Security","December 16, 2013,  06:20 PM",Nomination Confirmed (78-16)
272,Motion to Proceed to Executive Session,"December 16, 2013,  06:35 PM",Motion to Proceed Agreed to (53-38)
273,Motion to Proceed to Executive Session,"December 16, 2013,  06:52 PM",Motion to Proceed Agreed to (55-37)
274,Motion to Invoke Cloture on the Motion to Concur in the House Amendment to Senate Amendment to H.J.Res. 59,"December 17, 2013,  10:04 AM","Cloture Motion Agreed to (67-33, 3/5 majority required)"
275,Motion to Table the Motion to Concur in the House Amendment to the Senate Amendment to H.J.Res. 59,"December 17, 2013,  05:24 PM",Motion to Table Failed (46-54)
276,Motion to Concur in the House Amendment to the Senate Amendment to H.J.Res. 59,"December 18, 2013,  04:28 PM",Motion Agreed to (64-36)
277,Motion to Invoke Cloture on the Motion to Concur in the House Amendment to the Senate Amendment to H.R. 3304,"December 18, 2013,  04:56 PM","Cloture Motion Agreed to (71-29, 3/5 majority required)"
278,Motion to Table the Motion to Concur in the House Amendment to Senate Amendment with Amendment to H.R. 3304,"December 19, 2013,  03:29 PM",Motion to Table Failed (45-55)
279,Motion to Concur in the House Amendment to Senate Amendment to H.R. 3304,"December 19, 2013,  11:14 PM",Motion Agreed to (84-15)
280,"Motion to Invoke Cloture on the Nomination of Alejandro Nicholas Mayorkas, of the District of Columbia, to be Deputy Secretary of Homeland Security","December 19, 2013,  11:39 PM",Cloture Motion Agreed to (55-45)
281,"Confirmation Alejandro Nicholas Mayorkas, to be Deputy Secretary of Homeland Security","December 20, 2013,  09:44 AM",Nomination Confirmed (54-41)
282,"Motion to Invoke Cloture on the Nomination of John A. Koskinen, to be Commissioner of Internal Revenue","December 20, 2013,  10:22 AM",Cloture Motion Agreed to (56-39)
283,"Confirmation John A. Koskinen, to be Commissioner of Internal Revenue","December 20, 2013,  10:38 AM",Nomination Confirmed (59-36)
284,"Motion to Invoke Cloture on the Nomination of Brian J. Davis, to be U.S. District Judge","December 20, 2013,  10:52 AM",Cloture Motion Agreed to (56-36)
285,"Confirmation Brian J. Davis, of Florida, to be U.S. District Judge","December 20, 2013,  11:09 AM",Nomination Confirmed (68-26)
286,Motion to Invoke Cloture on the Nomination of Janet L. Yellen to be Chairman of the Board of Governors of the Federal Reserve System,"December 20, 2013,  11:25 AM",Cloture Motion Agreed to (59-34)
