,title,vote_date,vote_result
0,"Confirmation Beverly Baldwin Martin, of Georgia, to be U.S. Circuit Judge","January 20, 2010,  12:01 PM",Nomination Confirmed (97-0)
1,"Confirmation Beverly Baldwin Martin, of Georgia, to be U.S. Circuit Judge","January 20, 2010,  12:01 PM",Nomination Confirmed (97-0)
2,Thune Amdt. No. 3301,"January 21, 2010,  03:16 PM","Amendment Rejected (53-45, 3/5 majority required)"
3,"Confirmation Rosanna Malouf Peterson, of Washington, to be U.S. District Judge","January 25, 2010,  06:06 PM",Nomination Confirmed (89-0)
4,Baucus Amdt. No. 3300 as Modified,"January 26, 2010,  11:30 AM","Amendment Agreed to (97-0, 3/5 majority required)"
5,Conrad Amdt. No. 3302,"January 26, 2010,  12:00 PM","Amendment Rejected (53-46, 3/5 majority required)"
6,"Coburn Amdt. No. 3303, Division I","January 26, 2010,  07:22 PM","Amendment Agreed to (94-0, 3/5 majority required)"
7,"Coburn Amdt. No. 3303, Division II","January 26, 2010,  07:50 PM","Amendment Rejected (46-48, 3/5 majority required)"
8,"Coburn Amdt. No. 3303, Division III","January 26, 2010,  08:12 PM","Amendment Rejected (33-61, 3/5 majority required)"
9,"Coburn Amdt. No. 3303, Division IV","January 26, 2010,  08:31 PM","Amendment Rejected (37-57, 3/5 majority required)"
10,Brownback Amdt. No. 3309,"January 28, 2010,  10:44 AM","Amendment Rejected (51-49, 3/5 majority required)"
11,Sessions Amdt. No. 3308,"January 28, 2010,  11:15 AM","Amendment Rejected (56-44, 3/5 majority required)"
12,Reid Amdt. No. 3305,"January 28, 2010,  11:41 AM","Amendment Agreed to (60-40, 3/5 majority required)"
13,Reid Amdt. No. 3299 As Amended,"January 28, 2010,  12:03 PM","Amendment Agreed to (60-40, 3/5 majority required)"
14,H. J. Res. 45 As Amended,"January 28, 2010,  12:21 PM","Joint Resolution Passed (60-39, 3/5 majority required)"
15,"Motion to Invoke Cloture on the Nomination of Ben S. Bernanke, to be Chairman of the Board of Governors of the Federal Reserve","January 28, 2010,  03:21 PM","Cloture Motion Agreed to (77-23, 3/5 majority required)"
16,Confirmation Ben S. Bernanke To Be Chairman Of The Board of Governors of the Federal Reserve System,"January 28, 2010,  03:45 PM",Nomination Confirmed (70-30)
17,"Motion to Invoke Cloture on the Nomination of M. Patricia Smith, to be Solicitor for the Department of Labor","February 1, 2010,  05:35 PM","Cloture Motion Agreed to (60-32, 3/5 majority required)"
18,"Confirmation M. Patricia Smith, of New York, to be Solicitor for the Department of Labor.","February 4, 2010,  12:32 PM",Nomination Confirmed (60-37)
19,Motion to Invoke Cloture on the Nomination of Martha A. Johnson to be Administrator of General Services Administration,"February 4, 2010,  02:47 PM","Cloture Motion Agreed to (82-16, 3/5 majority required)"
20,"Nomination: Martha N. Johnson, of Maryland, to be Administrator of General Services","February 4, 2010,  03:14 PM",Nomination Confirmed (96-0)
21,"Confirmation Joseph A. Greenaway, Jr., of New Jersey, to be United States Circuit Judge for the Third Circuit","February 9, 2010,  04:04 PM",Nomination Confirmed (84-0)
22,"Cloture Motion on Craig Becker, of Illinois, to be a Member of the National Labor Relations Board","February 9, 2010,  04:29 PM","Cloture Motion Rejected (52-33, 3/5 majority required)"
23,Motion to Invoke Cloture on the Motion to Concur in the House Amendment to the Senate Amendment with Amendment No. 3310 to H.R. 2847,"February 22, 2010,  05:29 PM","Cloture Motion Agreed to (62-30, 3/5 majority required)"
24,"Motion to Waive Section 201(a) of S. Con. Res. 21, 110th Congress, Re: Reid Amdt. No. 3310","February 24, 2010,  10:00 AM","Motion Agreed to (62-34, 3/5 majority required)"
25,Motion to Concur in the House Amdt. to the Senate Amdt. to H.R. 2847 With an Amendment (No. 3310),"February 24, 2010,  10:25 AM",Motion Agreed to (70-28)
26,Motion to Invoke Cloture on the Motion to Concur in the House Amdt. to the Senate Amdt. to H.R. 1299,"February 25, 2010,  07:51 PM","Cloture Motion Agreed to (76-20, 3/5 majority required)"
27,DeMint Motion to Suspend Rule XXII,"February 25, 2010,  08:20 PM","Motion Rejected (38-58, 2/3 majority required)"
28,Motion to Concur in the House Amendment to Senate Amendment to H.R. 1299,"February 25, 2010,  08:35 PM",Motion Agreed to (78-18)
29,"Motion to Invoke Cloture on the Nomination of Barbara Milano Keenan, of VA, to be U.S. Circuit Judge","March 2, 2010,  12:15 PM","Cloture Motion Agreed to (99-0, 3/5 majority required)"
30,"Confirmation Barbara Milano Keenan, of Virginia, to be U.S. Circuit Judge for the Fourth Circuit.","March 2, 2010,  02:18 PM",Nomination Confirmed (99-0)
31,Motion to Waive CBA Bunning Amdt. No. 3355,"March 2, 2010,  08:31 PM","Motion Rejected (43-53, 3/5 majority required)"
32,H.R. 4691,"March 2, 2010,  08:56 PM",Bill Passed (78-19)
33,"Motion to Waive CBA Thune Amdt No. 3338, As Further Amended","March 3, 2010,  02:50 PM","Motion Rejected (38-61, 3/5 majority required)"
34,Motion to Table Grassley Amdt. No. 3352,"March 3, 2010,  03:22 PM",Motion to Table Agreed to (54-45)
35,Motion to Waive Sec. 403 of S.Con.Res. 13 re: Burr Amdt. No. 3390.,"March 3, 2010,  05:58 PM","Motion Rejected (38-59, 3/5 majority required)"
36,"Motion to Waive Sec. 403 of S.Con.Res. 13, 111th Congress, re: Sanders Amdt. No. 3353 As Modified","March 3, 2010,  06:28 PM","Motion Rejected (47-50, 3/5 majority required)"
37,Motion to Table Bunning Amdt. No. 3360.,"March 3, 2010,  06:53 PM",Motion to Table Agreed to (56-41)
38,Motion to Table Bunning Amdt. No. 3361.,"March 3, 2010,  07:14 PM",Motion to Table Agreed to (61-36)
39,Motion to Waive Budget Act Points of Order re: Baucus Amdt. No. 3336.,"March 3, 2010,  07:30 PM","Motion Agreed to (60-37, 3/5 majority required)"
40,"Motion to Waive Section 403, S. Con. Res. 13, 111th Congress, Brown (MA) Amdt. No. 3391","March 4, 2010,  02:45 PM","Motion Rejected (44-56, 3/5 majority required)"
41,Motion to Waive All Applicable Budgetary Discipline re: Burr Amdt. No. 3389,"March 4, 2010,  03:14 PM","Motion Rejected (22-78, 3/5 majority required)"
42,Motion to Waive All Applicable Budgetary Discipline Sessions Amdt. No. 3337,"March 4, 2010,  03:34 PM","Motion Rejected (59-41, 3/5 majority required)"
43,Confirmation William M. Conley to be United States District Judge for the Western District of Wisconsin,"March 4, 2010,  03:51 PM",Nomination Confirmed (99-0)
44,Coburn Amdt. No. 3358,"March 9, 2010,  11:09 AM",Amendment Agreed to (100-0)
45,"Motion to Waive Sect. 201(a), S.Con.Res. 21, 110th, Murray Amendment No. 3356 As Modified","March 9, 2010,  11:38 AM","Motion Rejected (55-45, 3/5 majority required)"
46,Motion to Invoke Cloture on Baucus Amdt. No. 3336,"March 9, 2010,  02:51 PM","Cloture Motion Agreed to (66-34, 3/5 majority required)"
47,Motion to Invoke Cloture on H.R. 4213,"March 10, 2010,  02:04 PM","Cloture Motion Agreed to (66-33, 3/5 majority required)"
48,H.R. 4213 As Amended,"March 10, 2010,  02:31 PM",Bill Passed (62-36)
49,Motion to Invoke Cloture on the Motion to Concur in the House Amendments to the Senate Amendment to the House Amendment to Senate Amendment to H.R. 2847,"March 15, 2010,  05:31 PM","Cloture Motion Agreed to (61-30, 3/5 majority required)"
50,Motion to Table DeMint Amdt. No. 3454,"March 16, 2010,  06:02 PM",Motion to Table Agreed to (68-29)
51,Feingold Amdt. No. 3470 as Modified,"March 16, 2010,  06:32 PM",Amendment Agreed to (87-11)
52,Motion to Waive All Applicable Budgetary Discipline Re: Vitter Amdt. No. 3458 as Modified,"March 16, 2010,  06:52 PM","Motion Rejected (41-57, 3/5 majority required)"
53,Lieberman Amdt. No. 3456,"March 16, 2010,  07:14 PM",Amendment Rejected (42-55)
54,Motion to Waive All Applicable Budgetary Discipline Re: H.R. 2847,"March 17, 2010,  09:53 AM","Motion Agreed to (63-34, 3/5 majority required)"
55,Motion to Concur in the House Amendments to Senate Amendment to House Amendment to Senate Amendment to H.R. 2847,"March 17, 2010,  10:17 AM",Motion Agreed to (68-29)
56,"Confirmation O. Rogeriee Thompson, of Rhode Island, to be United States Circuit Judge","March 17, 2010,  03:32 PM",Nomination Confirmed (98-0)
57,Motion to Waive All Applicable Budgetary Discipline Re: Sessions Amdt. No. 3453 as Modified,"March 18, 2010,  02:04 PM","Motion Rejected (56-40, 3/5 majority required)"
58,Motion to Waive All Applicable Budgetary Discipline - Pryor Amdt. No. 3548,"March 18, 2010,  02:31 PM","Motion Rejected (27-70, 3/5 majority required)"
59,Motion to Waive All Applicable Budgetary Discipline - Inhofe Amdt. No. 3549,"March 18, 2010,  04:17 PM","Motion Rejected (41-56, 3/5 majority required)"
60,McCain Amdt. No. 3475,"March 18, 2010,  04:45 PM",Amendment Rejected (26-70)
61,H.R. 1586 As Amended,"March 22, 2010,  05:32 PM",Bill Passed (93-0)
62,Motion to Adjourn,"March 23, 2010,  02:50 PM",Motion to Adjourn Agreed to (57-39)
63,Motion to Proceed to Consider H.R. 4872,"March 23, 2010,  03:17 PM",Motion to Proceed Agreed to (56-40)
64,Motion to Table Gregg Amdt. No. 3567 As Modified,"March 24, 2010,  05:32 PM",Motion to Table Agreed to (56-42)
65,Motion to Table McCain Amdt. No. 3570,"March 24, 2010,  05:57 PM",Motion to Table Agreed to (54-43)
66,Motion to Table the Crapo Motion to Commit H.R. 4872 to the Committee on Finance,"March 24, 2010,  06:17 PM",Motion to Table Agreed to (56-43)
67,Motion to Table Enzi Motion to Commit H.R. 4872 to the Committee on Finance,"March 24, 2010,  06:33 PM",Motion to Table Agreed to (58-41)
68,Motion to Table Barrasso Amdt. No. 3582,"March 24, 2010,  06:50 PM",Motion to Table Agreed to (57-41)
69,Motion to Waive Sec. 313 of the CBA Grassley Amdt. No. 3564,"March 24, 2010,  07:09 PM","Motion Rejected (43-56, 3/5 majority required)"
70,"Motion to Table Alexander Motion to Commit H.R. 4872 to the Committee on Health, Education, Labor, and Pensions","March 24, 2010,  07:27 PM",Motion to Table Agreed to (58-41)
71,Motion to Waive All Applicable Budgetary Discipline LeMieux Amdt. No. 3586,"March 24, 2010,  07:44 PM","Motion Rejected (40-59, 3/5 majority required)"
72,Motion to Table Hatch Motion to Commit H.R. 4872 to the Committee on Finance,"March 24, 2010,  08:03 PM",Motion to Table Agreed to (56-42)
73,Motion to Table Coburn Amdt. No. 3556,"March 24, 2010,  08:21 PM",Motion to Table Agreed to (57-42)
74,Motion to Table Hutchison Amdt. No. 3608,"March 24, 2010,  08:38 PM",Motion to Table Agreed to (58-41)
75,Motion to Table Collins Amdt. No. 3638,"March 24, 2010,  08:55 PM",Motion to Table Agreed to (58-41)
76,Motion to Table Thune Amdt. No. 3639,"March 24, 2010,  09:14 PM",Motion to Table Agreed to (55-43)
77,Motion to Waive All Applicable Budgetary Discipline Re: Thune Amdt. No. 3640,"March 24, 2010,  09:31 PM","Motion Rejected (43-55, 3/5 majority required)"
78,Motion to Table Cornyn Motion to Commit to the Committee on Finance,"March 24, 2010,  09:48 PM",Motion to Table Agreed to (52-46)
79,Motion to Table Roberts Amdt. No. 3579,"March 24, 2010,  10:05 PM",Motion to Table Agreed to (56-42)
80,Motion to Table Inhofe Amdt. No. 3588,"March 24, 2010,  10:22 PM",Motion to Table Agreed to (57-41)
81,Motion to Table Hatch Amdt. No. 3644,"March 24, 2010,  10:40 PM",Motion to Table Agreed to (54-44)
82,Motion to Waive All Applicable Budgetary Discipline Re: Gregg Amdt. No. 3651,"March 24, 2010,  10:57 PM","Motion Rejected (42-56, 3/5 majority required)"
83,Motion to Table Burr Amdt. No. 3652,"March 24, 2010,  11:19 PM",Motion to Table Agreed to (54-44)
84,Motion to Table Vitter Amdt. No. 3553,"March 24, 2010,  11:36 PM",Motion to Table Agreed to (58-39)
85,Motion to Waive All Applicable Budgetary Discipline Re: Roberts Amdt. No. 3577,"March 24, 2010,  11:56 AM","Motion Rejected (42-54, 3/5 majority required)"
86,Motion to Table Roberts Motion to Commit H.R. 4872 to the Committee on Finance,"March 25, 2010,  12:15 AM",Motion to Table Agreed to (59-37)
87,Motion to Table Bunning Amdt. No. 3681,"March 25, 2010,  12:38 AM",Motion to Table Agreed to (61-36)
88,Motion to Waive All Applicable Budgetary Discipline Re: Grassley Amdt. No. 3699,"March 25, 2010,  12:58 AM","Motion Rejected (40-56, 3/5 majority required)"
89,Motion to Waive All Applicable Budgetary Discipline Re: Bennett Amdt. No. 3568,"March 25, 2010,  01:16 AM","Motion Rejected (36-59, 3/5 majority required)"
90,Motion to Table Risch Amdt. No. 3645,"March 25, 2010,  01:37 AM",Motion to Table Agreed to (55-40)
91,Motion to Waive All Applicable Budgetary Discipline Re: Hutchison Amdt. No. 3635,"March 25, 2010,  01:58 AM","Motion Rejected (40-55, 3/5 majority required)"
92,Motion to Table Vitter Amdt. No. 3668,"March 25, 2010,  02:17 AM",Motion to Table Agreed to (56-39)
93,Motion to Waive All Applicable Budgetary Discipline Re: Ensign Amdt. No. 3593,"March 25, 2010,  09:55 AM","Motion Rejected (40-55, 3/5 majority required)"
94,Motion to Waive All Applicable Budgetary Discipline Re: Coburn Amdt. No. 3700,"March 25, 2010,  10:21 AM","Motion Rejected (45-53, 3/5 majority required)"
95,Motion to Table Sessions Amdt. No. 3701,"March 25, 2010,  10:40 AM",Motion to Table Agreed to (55-43)
96,Motion to Table Cornyn Amdt. No. 3698,"March 25, 2010,  10:57 AM",Motion to Table Agreed to (58-40)
97,Motion to Table Grassley Amdt. No. 3569,"March 25, 2010,  11:13 AM",Motion to Table Agreed to (53-45)
98,Motion to Table Brownback Amdt. No. 3697,"March 25, 2010,  11:31 AM",Motion to Table Agreed to (56-42)
99,Motion to Waive All Applicable Budgetary Discipline Re: Vitter Amdt. No. 3665,"March 25, 2010,  11:49 AM","Motion Rejected (39-56, 3/5 majority required)"
100,Motion to Table DeMint Motion to Commit to the Committee on Finance,"March 25, 2010,  12:07 PM",Motion to Table Agreed to (56-43)
101,Motion to Table Ensign Amdt. No. 3710,"March 25, 2010,  12:24 PM",Motion to Table Agreed to (58-40)
102,Motion to Waive All Applicable Budgetary Discipline Re: Murkowski Amdt. No. 3711,"March 25, 2010,  12:44 PM","Motion Rejected (42-57, 3/5 majority required)"
103,Motion to Table Hutchison Amdt. No. 3634,"March 25, 2010,  01:04 PM",Motion to Table Agreed to (55-43)
104,Motion to Table Cornyn Amdt. No. 3712,"March 25, 2010,  01:22 PM",Motion to Table Agreed to (57-41)
105,H.R. 4872 As Amended,"March 25, 2010,  02:00 PM",Bill Passed (56-43)
106,Motion to Table Motion to Proceed to Consider S. 3153,"March 25, 2010,  03:36 PM",Motion to Table Agreed to (59-40)
107,Motion to Instruct the Sergeant at Arms,"March 25, 2010,  06:04 PM",Motion Agreed to (58-35)
108,H.Con.Res. 257,"March 25, 2010,  08:02 PM",Concurrent Resolution Agreed to (49-39)
109,Motion to Invoke Cloture on the Motion to Proceed to H.R. 4851,"April 12, 2010,  05:31 PM","Cloture on the Motion to Proceed Agreed to (60-34, 3/5 majority required)"
110,"Motion to Waive All Applicable Budgetary Discipline - Baucus Amdt. No. 3721, As Modified","April 14, 2010,  12:30 PM","Motion Rejected (58-40, 3/5 majority required)"
111,Motion to Table Coburn Amdt. No. 3723 As Modified,"April 14, 2010,  04:25 PM",Motion to Table Agreed to (51-46)
112,"Upon Reconsideration Motion To Waive All Applicable Budgetary Discipline Baucus Amdt. No. 3721, As Modified","April 14, 2010,  05:48 PM","Motion Agreed to (60-40, 3/5 majority required)"
113,Motion To Table Coburn Amdt. No. 3726,"April 15, 2010,  12:11 PM",Motion to Table Agreed to (50-48)
114,Motion To Table Coburn Amdt. No. 3727,"April 15, 2010,  12:38 PM",Motion to Table Agreed to (53-45)
115,McCain Amdt. No. 3724 As Modified,"April 15, 2010,  05:00 PM",Amendment Agreed to (85-13)
116,"Motion to Invoke Cloture on Baucus Amdt. No. 3721, As Modified","April 15, 2010,  05:31 PM","Cloture Motion Agreed to (60-38, 3/5 majority required)"
117,H.R. 4851 As Amended,"April 15, 2010,  05:47 PM",Bill Passed (59-38)
118,"Motion to Invoke Cloture on the Nomination of Lael Brainard, to be an Under Secretary of the Treasury","April 19, 2010,  05:32 PM","Cloture Motion Agreed to (84-10, 3/5 majority required)"
119,"Confirmation Lael Brainard, of D.C., to be an Under Secretary of the Treasury","April 20, 2010,  12:03 PM",Nomination Confirmed (78-19)
120,"Confirmation Marisa J. Demeo, of D.C., to be an Associate Judge of the Superior Court of D.C.","April 20, 2010,  04:32 PM",Nomination Confirmed (66-32)
121,"Confirmation Christopher H. Schroeder, of North Carolina, to be an Assistant Attorney General","April 21, 2010,  02:18 PM",Nomination Confirmed (72-24)
122,"Confirmation Thomas I. Vanaskie, of Pennsylvania, to be United States Circuit Judge for the Third Circuit","April 21, 2010,  05:32 PM",Nomination Confirmed (77-20)
123,"Confirmation Denny Chin, of New York, to be U.S. Circuit Judge for the Second Circuit","April 22, 2010,  12:01 PM",Nomination Confirmed (98-0)
124,Motion to Invoke Cloture on the Motion to Proceed to Consider S. 3217,"April 26, 2010,  05:02 PM","Cloture Motion Rejected (57-41, 3/5 majority required)"
125,Motion to Instruct the Sergeant at Arms,"April 26, 2010,  06:52 PM",Motion Agreed to (50-31)
126,Upon Reconsideration Motion to Invoke Cloture on the Motion to Proceed to S. 3217,"April 27, 2010,  04:31 PM","Cloture on the Motion to Proceed Rejected (57-41, 3/5 majority required)"
127,Second Motion to Invoke Cloture on the Motion to Proceed to Consider S. 3217,"April 28, 2010,  12:20 PM","Cloture on the Motion to Proceed Rejected (56-42, 3/5 majority required)"
128,"Confirmation Gloria M. Navarro, of Nevada, to be U.S. District Judge","May 5, 2010,  02:49 PM",Nomination Confirmed (98-0)
129,"Confirmation Nancy D. Freudenthal, of Wyoming, to be U.S. District Judge","May 5, 2010,  03:18 PM",Nomination Confirmed (96-1)
130,Boxer Amdt. No. 3737,"May 5, 2010,  03:39 PM",Amendment Agreed to (96-1)
131,Shelby-Dodd Amdt. No. 3827,"May 5, 2010,  03:59 PM",Amendment Agreed to (93-5)
132,Tester Amdt. No. 3749,"May 6, 2010,  10:01 AM",Amendment Agreed to (98-0)
133,Shelby Amdt. No. 3826,"May 6, 2010,  03:04 PM",Amendment Rejected (38-61)
134,Motion to Instruct the Sgt. At Arms,"May 6, 2010,  06:34 PM",Motion Agreed to (61-33)
135,Ensign Amdt. No. 3898,"May 6, 2010,  08:25 PM",Amendment Rejected (35-59)
136,Brown (OH) Amdt. No. 3733,"May 6, 2010,  08:47 PM",Amendment Rejected (33-61)
137,Sanders Amdt. No. 3738 as Modified,"May 11, 2010,  11:40 AM",Amendment Agreed to (96-0)
138,Vitter Amdt. No. 3760,"May 11, 2010,  12:05 PM",Amendment Rejected (37-62)
139,Dodd Amdt. No. 3938,"May 11, 2010,  04:19 PM",Amendment Agreed to (63-36)
140,McCain Amdt. No. 3839,"May 11, 2010,  04:42 PM",Amendment Rejected (43-56)
141,Merkley Amdt. No. 3962,"May 12, 2010,  10:03 AM",Amendment Agreed to (63-36)
142,Corker Amdt. No. 3955,"May 12, 2010,  10:35 AM",Amendment Rejected (42-57)
143,Hutchison Amdt. No. 3759 as Modified,"May 12, 2010,  10:52 AM",Amendment Agreed to (91-8)
144,Chambliss Amdt. No. 3816,"May 12, 2010,  05:30 PM",Amendment Rejected (39-59)
145,Reed Amdt. No. 3943,"May 12, 2010,  06:04 PM",Amendment Agreed to (98-1)
146,Franken Amdt. No. 3991,"May 13, 2010,  12:36 PM",Amendment Agreed to (64-35)
147,LeMieux Amdt. No. 3774 as Modified,"May 13, 2010,  01:03 PM",Amendment Agreed to (61-38)
148,Sessions Amdt. No. 3832,"May 13, 2010,  02:52 PM",Amendment Rejected (42-58)
149,Durbin Amdt. No. 3989 as Modified,"May 13, 2010,  06:31 PM","Amendment Agreed to (64-33, 3/5 majority required)"
150,Thune Amdt. No. 3987,"May 13, 2010,  06:58 PM",Amendment Rejected (40-55)
151,Motion to Waive All Applicable Budgetary Discipline RE: Crapo Amdt. No. 4020,"May 17, 2010,  05:40 PM","Motion Rejected (47-46, 3/5 majority required)"
152,Cornyn Amdt. No. 3986,"May 17, 2010,  06:08 PM",Amendment Agreed to (94-0)
153,Gregg Amdt. No. 4051 As Modified,"May 18, 2010,  12:05 PM","Amendment Rejected (47-50, 3/5 majority required)"
154,Corker Amdt. No. 4034,"May 18, 2010,  03:03 PM",Amendment Rejected (43-55)
155,Carper Amdt. No. 4071,"May 18, 2010,  03:27 PM",Amendment Agreed to (80-18)
156,Motion to Table Dorgan Amdt. No. 4114,"May 18, 2010,  07:19 PM",Motion to Table Agreed to (57-38)
157,Grassley Amdt. No. 4072,"May 18, 2010,  07:45 PM",Amendment Agreed to (75-21)
158,Motion to Invoke Cloture On Dodd Amdt. No. 3739,"May 19, 2010,  03:37 PM","Cloture Motion Rejected (57-42, 3/5 majority required)"
159,Whitehouse Amdt. No. 3746 As Modified Further,"May 19, 2010,  07:21 PM","Amendment Rejected (35-60, 3/5 majority required)"
160,Upon Reconsideration Motion to Invoke Cloture on Amdt. No. 3739,"May 20, 2010,  02:31 PM","Cloture Motion Agreed to (60-40, 3/5 majority required)"
161,Motion to Waive All Applicable Budgetary Discipline RE: Dodd Amdt. No. 3739,"May 20, 2010,  08:02 PM","Motion Agreed to (60-39, 3/5 majority required)"
162,H.R. 4173 As Amended,"May 20, 2010,  08:25 PM",Bill Passed (59-39)
163,Brownback Motion to Instruct Conferees Re: H.R. 4173,"May 24, 2010,  05:31 PM",Motion Agreed to (60-30)
164,Hutchison Motion to Instruct Conferees Re: H.R. 4173,"May 24, 2010,  06:01 PM",Motion Agreed to (87-4)
165,Motion to Waive All Applicable Budgetary Discipline re: McCain Amdt. No. 4214,"May 27, 2010,  10:06 AM","Motion Rejected (51-46, 3/5 majority required)"
166,"Motion to Waive Sect. 403, S. Con. Res. 13, 111th Congress, Kyl Amdt. No. 4228 As Modified","May 27, 2010,  10:35 AM","Motion Rejected (54-44, 3/5 majority required)"
167,"Motion to Waive Sec. 403 of S. Con. Res. 13, 111th Congress, Cornyn Amdt. No. 4202 As Modified Further","May 27, 2010,  10:54 AM","Motion Rejected (54-43, 3/5 majority required)"
168,Feingold Amdt. No. 4204,"May 27, 2010,  11:25 AM",Amendment Rejected (18-80)
169,Motion To Table Coburn Amdt. No. 4231 As Modified,"May 27, 2010,  11:46 AM",Motion to Table Agreed to (53-45)
170,Motion To Table Coburn Amdt. No. 4232,"May 27, 2010,  12:05 PM",Motion to Table Agreed to (50-47)
171,Motion to Invoke Cloture on the Committee Reported Substitute Amendment to H.R. 4899,"May 27, 2010,  12:23 PM","Cloture Motion Agreed to (69-29, 3/5 majority required)"
172,DeMint Motion to Suspend Rule XXII,"May 27, 2010,  07:36 PM","Motion Rejected (45-52, 2/3 majority required)"
173,Collins Amdt. No. 4253,"May 27, 2010,  08:06 PM",Amendment Agreed to (60-37)
174,Inouye Amdt. No. 4299,"May 27, 2010,  08:29 PM",Amendment Agreed to (60-35)
175,Burr Amdt. No. 4273,"May 27, 2010,  08:45 PM",Amendment Rejected (37-58)
176,"H.R. 4899, As Amended","May 27, 2010,  09:03 PM",Bill Passed (67-28)
177,"Confirmation Audrey Goldstein Fleissig, of Missouri, to be United States District Judge for the Eastern District of Missouri","June 7, 2010,  05:33 PM",Nomination Confirmed (90-0)
178,"Confirmation Lucy Haeran Koh, of California, to be United States District Judge for the Northern District of California","June 7, 2010,  06:00 PM",Nomination Confirmed (90-0)
179,Motion to Waive All Applicable Budgetary Discipline Re: Cardin Amdt. No. 4304,"June 9, 2010,  04:04 PM","Motion Rejected (57-42, 3/5 majority required)"
180,Motion to Table Roberts Amdt. No. 4325,"June 9, 2010,  04:32 PM",Motion to Table Agreed to (55-44)
181,"Motion to Waive Applicable Budgetary Discipline Sessions Amdt. No. 4303, as Modified","June 9, 2010,  04:54 PM","Motion Rejected (57-41, 3/5 majority required)"
182,Baucus Amdt. No. 4326,"June 9, 2010,  05:34 PM",Amendment Agreed to (58-41)
183,Motion to Table Cornyn Amdt. No. 4302 As Modified,"June 9, 2010,  06:01 PM",Motion to Table Failed (38-61)
184,Motion to Proceed to S.J. Res. 26,"June 10, 2010,  03:52 PM",Motion to Proceed Rejected (47-53)
185,"Confirmation Tanya Walton Pratt, of Indiana, to be United States District Judge for the Southern District of Indiana","June 15, 2010,  11:50 AM",Nomination Confirmed (95-0)
186,"Confirmation Brian Anthony Jackson, of Louisiana, to be U.S. District Judge","June 15, 2010,  12:20 PM",Nomination Confirmed (96-0)
187,Sanders Amdt. No. 4318,"June 15, 2010,  05:15 PM","Amendment Rejected (35-61, 3/5 majority required)"
188,Vitter Amdt. No. 4312,"June 15, 2010,  05:44 PM","Amendment Rejected (48-49, 3/5 majority required)"
189,Franken Amdt. No. 4311 As Modified,"June 15, 2010,  06:03 PM","Amendment Agreed to (63-33, 3/5 majority required)"
190,Motion to Waive All Budgetary Discipline on the Motion to Concur in House Amdt. to Senate Amdt. with Amdt. No. 4301,"June 16, 2010,  10:45 AM","Motion Rejected (45-52, 3/5 majority required)"
191,Reid Amdt. No. 4344,"June 16, 2010,  02:47 PM","Amendment Agreed to (60-37, 3/5 majority required)"
192,Isakson Amdt. No. 4351,"June 16, 2010,  03:18 PM","Amendment Rejected (45-52, 3/5 majority required)"
193,Motion to Waive All Applicable Budgetary Discipline Re: Thune Amdt. No. 4376 As Modified,"June 17, 2010,  11:53 AM","Motion Rejected (41-57, 3/5 majority required)"
194,"Motion to Invoke Cloture on the Motion to Concur in the House Amendment to the Senate Amendment to H.R. 4213, with the Baucus Amdt. No. 4369","June 17, 2010,  07:30 PM","Cloture Motion Rejected (56-40, 3/5 majority required)"
195,"Confirmation Mark A. Goldsmith, of Michigan, to be United States District Judge for the Eastern District of Michigan","June 21, 2010,  06:00 PM",Nomination Confirmed (89-0)
196,"Confirmation Marc T. Treadwell, of Georgia, to be United States District Judge for the Middle District of Georgia","June 21, 2010,  06:26 PM",Nomination Confirmed (89-0)
197,Motion to Table DeMint Motion to Refer House Message on H.R. 4213 to the Committee on Finance,"June 23, 2010,  06:02 PM",Motion to Table Agreed to (57-40)
198,Motion to Table the Baucus Motion to Concur in the House Amdt. to Senate Amdt. with an Amdt. No. 4369 to H.R. 4213,"June 23, 2010,  06:28 PM",Motion to Table Agreed to (56-40)
199,Conference Report to Accompany H.R. 2194,"June 24, 2010,  02:54 PM",Conference Report Agreed to (99-0)
200,"Motion to Invoke Cloture on the Motion to Concur in the House Amendment to the Senate Amendment to H.R. 4213, with the Baucus Amendment No. 4386","June 24, 2010,  05:14 PM","Cloture Motion Rejected (57-41, 3/5 majority required)"
201,Upon Reconsideration Motion to Invoke Cloture on the Motion to Concur in the House Amdt. to Senate Amdt. to H.R. 4213 with Amdt. 4425,"July 20, 2010,  02:31 PM","Cloture Motion Agreed to (60-40, 3/5 majority required)"
202,"Brown (MA) Motion to Suspend Rule 22, Paragraph 2 Re: Brown Amdt. No. 4492","July 21, 2010,  04:49 PM","Motion Rejected (42-56, 2/3 majority required)"
203,Coburn Motion to Suspend Rule 22 Re: Motion to Refer the House Message on H.R. 4213 to the Committee on Finance,"July 21, 2010,  05:16 PM","Motion Rejected (49-49, 2/3 majority required)"
204,Coburn Motion to Suspend Rule 22 Re: Coburn Amdt. No. 4493,"July 21, 2010,  05:39 PM","Motion Rejected (54-44, 2/3 majority required)"
205,DeMint Motion to Suspend Rule 22 Re: Motion to Refer House Message on H.R. 4213 to the Committee on Finance,"July 21, 2010,  06:01 PM","Motion Rejected (39-59, 2/3 majority required)"
206,DeMint Motion to Suspend Rule 22 Re: DeMint Amdt. No. 4464,"July 21, 2010,  06:21 PM","Motion Rejected (43-55, 2/3 majority required)"
207,"Motion to Concur in the House Amdt. to the Senate Amdt. to H.R. 4213 with Amdt. No. 4425, As Amended","July 21, 2010,  06:40 PM",Motion Agreed to (59-39)
208,H. J. Res. 83,"July 22, 2010,  12:02 PM",Joint Resolution Passed (99-1)
209,S. Res. 591,"July 22, 2010,  12:27 PM",Resolution Agreed to (100-0)
210,Motion to Invoke Cloture on LeMieux Amdt. No. 4500,"July 22, 2010,  09:46 PM","Cloture Motion Agreed to (60-37, 3/5 majority required)"
211,Motion to Invoke Cloture on the Motion to Concur in the House Amendment to the Senate Amendment to H.R. 4899,"July 22, 2010,  10:11 PM","Cloture Motion Rejected (46-51, 3/5 majority required)"
212,Motion to Invoke Cloture on the Motion to Proceed to S. 3628,"July 27, 2010,  03:22 PM","Cloture Motion Rejected (57-41, 3/5 majority required)"
213,Motion to Invoke Cloture on the Reid-Baucus-Landrieu Amdt. No. 4519,"July 29, 2010,  11:40 AM","Cloture Motion Rejected (58-42, 3/5 majority required)"
214,Motion to Instruct the Sgt. At Arms,"July 29, 2010,  04:53 PM",Motion Agreed to (70-23)
215,"Motion to Table the Motion to Concur in the House Amendment to the Senate Amendment to H.R. 1586, with Amendment 4567","August 2, 2010,  05:47 PM",Motion to Table Agreed to (95-0)
216,Motion to Invoke Cloture on the Motion to Concur in the House Amendment to the Senate Amendment to H.R. 1586 with Amendment No. 4575.,"August 4, 2010,  10:41 AM","Cloture Motion Agreed to (61-38, 3/5 majority required)"
217,Motion to Waive All Applicable Budgetary Discipline RE: Motion to Concur in the House Amendment to the Senate Amendment to H.R. 1586 with Amendment No. 4575.,"August 4, 2010,  11:09 AM","Motion Agreed to (61-38, 3/5 majority required)"
218,DeMint Motion to Suspend Rule XXII Regarding Motion to Refer the House Message on H.R. 1586 to Committee on Finance (Individual Income Tax Rates),"August 5, 2010,  11:23 AM","Motion Rejected (42-58, 2/3 majority required)"
219,DeMint Motion to Suspend Rule XXII Regarding Motion to Refer the House Message on H.R. 1586 to Committee on Finance (Income Tax Rates on Small Business),"August 5, 2010,  11:50 AM","Motion Rejected (42-58, 2/3 majority required)"
220,Motion to Concur in the House Amendment to the Senate Amendment to H.R. 1586 with Amendment No. 4575.,"August 5, 2010,  12:07 PM",Motion Agreed to (61-39)
221,"Confirmation Elena Kagan of Massachusetts, to be an Associate Justice of the Supreme Court of the U.S.","August 5, 2010,  03:30 PM",Nomination Confirmed (63-37)
222,"Confirmation Jane Branstetter Stranch, of Tennessee, to be U.S. Circuit Judge for the Sixth Circuit","September 13, 2010,  05:29 PM",Nomination Confirmed (71-21)
223,"Motion to Invoke Cloture on the Johanns Amdt. No. 4596, as modified, to H.R. 5297","September 14, 2010,  11:01 AM","Cloture Motion Rejected (46-52, 3/5 majority required)"
224,"Motion to Invoke Cloture on the Nelson (FL) Amdt. No. 4595, as modified, to H.R. 5297","September 14, 2010,  11:29 AM","Cloture Motion Rejected (56-42, 3/5 majority required)"
225,Motion to Invoke Cloture on the Baucus Amdt. No. 4594 to H.R. 5297,"September 14, 2010,  11:46 AM","Cloture Motion Agreed to (61-37, 3/5 majority required)"
226,Grassley Motion to Suspend Rule XXII,"September 16, 2010,  10:49 AM","Motion Rejected (41-58, 2/3 majority required)"
227,Hatch Motion to Suspend Rule XXII,"September 16, 2010,  11:20 AM","Motion Rejected (51-48, 2/3 majority required)"
228,Motion to Invoke Cloture on H.R. 5297,"September 16, 2010,  12:01 PM","Cloture Motion Agreed to (61-38, 3/5 majority required)"
229,"Passage of H.R. 5297, As Amended","September 16, 2010,  12:30 PM",Bill Passed (61-38)
230,Motion to Invoke Cloture on the Motion to Proceed to S. 3454,"September 21, 2010,  02:39 PM","Cloture Motion Rejected (56-43, 3/5 majority required)"
231,Motion to Proceed to the Consideration of S. J. Res. 30,"September 23, 2010,  12:30 PM",Motion to Proceed Rejected (43-56)
232,"Upon Reconsideration, Motion to Invoke Cloture on the Motion to Proceed to S. 3628","September 23, 2010,  02:20 PM","Cloture Motion Rejected (59-39, 3/5 majority required)"
233,Motion to Instruct the Sergeant at Arms,"September 27, 2010,  07:05 PM",Motion Agreed to (48-25)
234,Motion to Invoke Cloture on the Motion to Proceed to S. 3816,"September 28, 2010,  11:31 AM","Cloture Motion Rejected (53-45, 3/5 majority required)"
235,Motion to Invoke Cloture on the Motion to Proceed to H.R. 3081,"September 28, 2010,  12:19 PM","Cloture Motion Agreed to (84-14, 3/5 majority required)"
236,Motion to Proceed to Consider S.J.Res. 39,"September 29, 2010,  12:23 PM",Motion to Proceed Rejected (40-59)
237,Thune Amdt. No. 4676,"September 29, 2010,  07:02 PM","Amendment Rejected (48-51, 3/5 majority required)"
238,DeMint Amdt. No. 4677,"September 29, 2010,  07:35 PM","Amendment Rejected (39-60, 3/5 majority required)"
239,H.R. 3081 As Amended,"September 29, 2010,  07:51 PM",Bill Passed (69-30)
240,H. Con. Res. 321,"September 29, 2010,  08:11 PM",Resolution Agreed to (54-39)
241,Motion to Invoke Cloture on the Motion to Proceed to S. 3772,"November 17, 2010,  11:06 AM","Cloture Motion Rejected (58-41, 3/5 majority required)"
242,Motion to Invoke Cloture on the Motion to Proceed to S. 510,"November 17, 2010,  11:32 AM","Cloture Motion Agreed to (74-25, 3/5 majority required)"
243,Motion to Proceed to S. 510,"November 18, 2010,  05:59 PM",Motion to Proceed Agreed to (57-27)
244,Motion to Invoke Cloture on the Harkin Amdt. No. 4715,"November 29, 2010,  06:37 PM","Cloture Motion Agreed to (69-26, 3/5 majority required)"
245,Motion to Suspend Rule XXII Re: Johanns Amdt. No. 4702,"November 29, 2010,  07:05 PM","Motion Rejected (61-35, 2/3 majority required)"
246,"Motion to Suspend Rule XXII Re: Baucus Amdt. No. 4713, As Modified","November 29, 2010,  07:27 PM","Motion Rejected (44-53, 2/3 majority required)"
247,Motion to Suspend Rule XXII Re: Coburn Amdt. No. 4697,"November 30, 2010,  09:17 AM","Motion Rejected (39-56, 2/3 majority required)"
248,Motion to Suspend Rule XXII Re: Coburn Amdt. No. 4696,"November 30, 2010,  09:47 AM","Motion Rejected (36-62, 2/3 majority required)"
249,S. 510 as Amended,"November 30, 2010,  10:09 AM",Bill Passed (73-25)
250,Motion to Invoke Cloture on Motion to Concur in the House Amdt. to Senate Amdt. With Amdt. No. 4727 to H.R. 4853,"December 4, 2010,  10:30 AM","Cloture Motion Rejected (53-36, 3/5 majority required)"
251,Motion to Invoke Cloture on Amdt. No. 4728,"December 4, 2010,  10:57 AM","Cloture Motion Rejected (53-37, 3/5 majority required)"
252,Motion to Disaggregate the Articles of Impeachment Against Judge Thomas G. Porteous,"December 8, 2010,  09:55 AM",Motion Rejected (0-94)
253,"Article I, Articles of Impeachment v. Judge G. Thomas Porteous ","December 8, 2010,  10:13 AM","Guilty (96-0, 2/3 majority required)"
254,"Article II, Articles of Impeachment v. Judge G. Thomas Porteous","December 8, 2010,  10:26 AM","Guilty (69-27, 2/3 majority required)"
255,"Article III, Articles of Impeachment v. Judge G. Thomas Porteous","December 8, 2010,  10:40 AM","Guilty (88-8, 2/3 majority required)"
256,"Article IV, Articles of Impeachment v. Judge G. Thomas Porteous","December 8, 2010,  10:55 AM","Guilty (90-6, 2/3 majority required)"
257,"Motion to Forever Disqualify G. Thomas Porteous, Jr. to Hold and Enjoy Any Office of Honor, Trust, or Profit Under the United States","December 8, 2010,  11:10 AM",Motion Agreed to (94-2)
258,Motion to Invoke Cloture on the Motion to Proceed to S. 3991,"December 8, 2010,  04:17 PM","Cloture on the Motion to Proceed Rejected (55-43, 3/5 majority required)"
259,Motion to Invoke Cloture on the Motion to Proceed to S. 3985,"December 8, 2010,  04:48 PM","Cloture on the Motion to Proceed Rejected (53-45, 3/5 majority required)"
260,Motion to Table the Motion to Proceed to S. 3992,"December 9, 2010,  11:22 AM",Motion to Table Agreed to (59-40)
261,Motion to Invoke Cloture on the Motion to Proceed to H.R. 847,"December 9, 2010,  11:50 AM","Cloture on the Motion to Proceed Rejected (57-42, 3/5 majority required)"
262,"Upon Reconsideration, Motion to Invoke Cloture on the Motion to Proceed to S. 3454","December 9, 2010,  03:33 PM","Cloture on the Motion to Proceed Rejected (57-40, 3/5 majority required)"
263,Motion to Table the Motion to Refer the House Message on H.R. 4853 to the Committee on Finance,"December 9, 2010,  07:31 PM",Motion to Table Agreed to (65-11)
264,Motion to Invoke Cloture on the Motion to Concur in the House Amdt. to Senate Amdt. with Amdt. No. 4753,"December 13, 2010,  03:01 PM","Cloture Motion Agreed to (83-15, 3/5 majority required)"
265,Motion to Suspend Rule XXII Re: Coburn Amdt. No. 4765,"December 15, 2010,  12:00 PM","Motion Rejected (47-52, 2/3 majority required)"
266,Motion to Suspend Rule XXII Re: DeMint Amdt. 4804,"December 15, 2010,  12:24 PM","Motion Rejected (37-63, 2/3 majority required)"
267,Motion to Suspend Rule XXII Re: Sanders Amdt. 4809,"December 15, 2010,  12:42 PM","Motion Rejected (43-57, 2/3 majority required)"
268,Motion to Concur in the House Amdt. to the Senate Amdt. with Amdt. No. 4753 to H.R. 4853,"December 15, 2010,  01:02 PM",Motion Agreed to (81-19)
269,Motion to Proceed to Executive Session to Consider Treaty Doc. 111-5 Between the U.S.A. and the Russian Federation (START),"December 15, 2010,  02:13 PM",Motion to Proceed Agreed to (66-32)
270,Motion to Invoke Cloture on the Motion to Concur in the House Amendment to the Senate Amendment No. 3 to H.R. 5281,"December 18, 2010,  11:09 AM","Cloture Motion Rejected (55-41, 3/5 majority required)"
271,Motion to Invoke Cloture on the Motion to Concur in the House Amendment to the Senate Amendment to H.R. 2965,"December 18, 2010,  11:36 AM","Cloture Motion Agreed to (63-33, 3/5 majority required)"
272,"Confirmation Ellen Lipton Hollander, of Maryland, to be United States District Judge","December 18, 2010,  11:57 AM",Nomination Confirmed (95-0)
273,Motion to Concur in the House Amendment to the Senate Amendment to H.R. 2965,"December 18, 2010,  03:02 PM",Motion Agreed to (65-31)
274,McCain Amdt. No. 4814 to Treaty Doc. 111-5,"December 18, 2010,  03:36 PM",Amendment Rejected (37-59)
275,Risch Amdt. No. 4839,"December 19, 2010,  03:01 PM",Amendment Rejected (32-60)
276,"Confirmation Raymond Joseph Lohier, Jr., of New York, to be U.S. Circuit Judge","December 19, 2010,  03:33 PM",Nomination Confirmed (92-0)
277,Inhofe Amdt. No. 4833,"December 20, 2010,  06:10 PM",Amendment Rejected (33-64)
278,Thune Amdt. No. 4841,"December 20, 2010,  06:36 PM",Amendment Rejected (33-64)
279,LeMieux Amdt. No. 4847,"December 20, 2010,  06:54 PM",Amendment Rejected (35-62)
280,Motion to Invoke Cloture on the House Amendment to the Senate Amendment to H.R. 3082 With Amdt. No. 4885,"December 21, 2010,  10:16 AM","Cloture Motion Agreed to (82-14, 3/5 majority required)"
281,Motion to Concur in the House Amdt. to Senate Amdt. With Amdt. No. 4885 to H.R. 3082,"December 21, 2010,  02:01 PM",Motion Agreed to (79-16)
282,"Confirmation Benita Y. Pearson, of Ohio to be U.S. District Judge","December 21, 2010,  02:38 PM",Nomination Confirmed (56-39)
283,"Confirmation William Joseph Martinez, of Colorado, to be United States District Judge for the District of Colorado","December 21, 2010,  02:55 PM",Nomination Confirmed (58-37)
284,Motion to Invoke Cloture on Treaty Doc. 111-5 (The START Treaty),"December 21, 2010,  03:13 PM","Cloture Motion Agreed to (67-28, 3/5 majority required)"
285,Ensign Amdt. No. 4855,"December 21, 2010,  06:00 PM",Amendment Rejected (32-63)
286,Motion to Table Risch Amdt. No. 4878,"December 21, 2010,  06:26 PM",Motion to Table Agreed to (61-32)
287,Wicker Amdt. No. 4895,"December 21, 2010,  08:08 PM",Amendment Rejected (34-59)
288,Kyl Amdt. No. 4860,"December 21, 2010,  08:31 PM",Amendment Rejected (31-62)
289,Kyl Amdt. No. 4893,"December 21, 2010,  08:51 PM",Amendment Rejected (30-63)
290,Resolution of Advice and Consent to Ratification As Amended (Treaty Doc. 111-5),"December 22, 2010,  02:33 PM","Resolution of Ratification Agreed to (71-26, 2/3 majority required)"
291,"Confirmation Mary Helen Murgia, of Arizona to be U.S. Circuit Judge","December 22, 2010,  03:02 PM",Nomination Confirmed (89-0)
