,title,vote_date,vote_result
0,Motion to Table Wellstone Amdt 2538,"February 1, 2000,  02:21 PM",Motion to Table Agreed to (53-44)
1,Motion to Table Wellstone Amdt 2538,"February 1, 2000,  02:21 PM",Motion to Table Agreed to (53-44)
2,Schumer Amendment No. 2763,"February 2, 2000,  12:20 PM",Amendment Agreed to (80-17)
3,Motion to Table Feingold Amendment No. 2748 As Modified,"February 2, 2000,  12:52 PM",Motion to Table Agreed to (54-43)
4,Levin Amendment No. 2658,"February 2, 2000,  01:16 PM",Amendment Rejected (29-68)
5,H.R. 833 As Amended,"February 2, 2000,  01:35 PM",Bill Passed (83-14)
6,Confirmation: Alan Greenspan to be Chairman of Federal Reserve Board ,"February 3, 2000,  10:46 AM",Nomination Confirmed (89-4)
7,Motion to Invoke Cloture on Murkowski Amendment No. 2808,"February 8, 2000,  02:18 PM","Cloture Motion Agreed to (94-3, 3/5 majority required)"
8,S.1287 As Amended,"February 10, 2000,  11:02 AM",Bill Passed (64-34)
9,Motion to Proceed to Exec. Session to Consider Nomination of Thomas L. Ambro,"February 10, 2000,  12:49 PM",Motion Agreed to (79-19)
10,"Conf. of Thomas L. Ambro, of Delaware,  U.S. Circuit Judge for the Third Circuit","February 10, 2000,  02:03 PM",Nomination Confirmed (96-2)
11,"Conf. of Joel A. Pisano, of New Jersey, U. S. District Judge for Dist. of N.J.","February 10, 2000,  02:26 PM",Nomination Confirmed (95-2)
12,H.R. 1883 As Amended,"February 24, 2000,  11:37 AM",Bill Passed (98-0)
13,"Nomination of Kermit Bye of North Dakota to be US Circuit Judge, Eighth Circuit","February 24, 2000,  12:16 PM",Nomination Confirmed (98-0)
14,"Confirmation: George B. Daniels to be U.S. District Judge, Southern District NY","February 24, 2000,  12:45 PM",Nomination Confirmed (98-0)
15,Motion to Waive CBA re: Dodd Amdt No 2857,"February 29, 2000,  02:01 PM","Motion Rejected (44-54, 3/5 majority required)"
16,Collins Amdt No. 2854,"February 29, 2000,  05:09 PM",Amendment Agreed to (98-0)
17,Motion to Table the Robb Amendment No. 2861,"March 1, 2000,  10:07 AM",Motion to Table Agreed to (57-42)
18,Abraham Amdt No. 2825,"March 1, 2000,  02:04 PM",Amendment Agreed to (96-2)
19,Motion to Table Bingaman Amendment No. 2863,"March 1, 2000,  02:33 PM",Motion to Table Agreed to (58-40)
20,Wellstone Amendment No. 2865,"March 1, 2000,  05:11 PM",Amendment Agreed to (89-9)
21,Murray Amendment No. 2821,"March 1, 2000,  05:40 PM",Amendment Rejected (42-56)
22,Mack Amendment No. 2827,"March 2, 2000,  10:01 AM",Amendment Agreed to (54-43)
23,Graham Amendment No. 2870,"March 2, 2000,  02:18 PM",Amendment Rejected (25-73)
24,Roth Amendment No. 2869,"March 2, 2000,  02:52 PM",Amendment Agreed to (59-40)
25,Kennedy Amendment No. 2872,"March 2, 2000,  03:15 PM",Amendment Rejected (39-60)
26,Coverdell Amendment No. 2874 As Modified,"March 2, 2000,  07:01 PM",Amendment Agreed to (96-1)
27,Boxer Amendment No. 2873,"March 2, 2000,  07:23 PM",Amendment Rejected (49-49)
28,Boxer Amendment No. 2873 (Reconsidered),"March 2, 2000,  07:42 PM",Amendment Rejected (49-49)
29,Motion to Waive CBA Re: Bingaman Amendment No. 2875,"March 2, 2000,  07:56 PM",Amendment Rejected (41-57)
30,Wellstone Amendment No. 2878,"March 2, 2000,  08:12 PM",Amendment Rejected (29-69)
31,Feinstein Amendment No. 2876,"March 2, 2000,  08:28 PM",Amendment Rejected (30-68)
32,Durbin Amendment No. 2879,"March 2, 2000,  08:47 PM",Amendment Agreed to (91-7)
33,"S. 1134, as amended","March 2, 2000,  09:03 PM",Bill Passed (61-37)
34,"Confirmation of Julio M. Fuentes, to be U.S Circuit Judge, Third Circuit","March 7, 2000,  05:01 PM",Nomination Confirmed (93-0)
35,Conference Report to Accompany H.R. 1000,"March 8, 2000,  05:05 PM",Conference Report Agreed to (82-17)
36,Cloture Motion RE: Nom. of Marsha L. Berzon to be U.S. Circuit Judge,"March 8, 2000,  05:35 PM","Cloture Motion Agreed to (86-13, 3/5 majority required)"
37,Cloture Motion RE: Nom. of Richard Paez to be U.S. Circuit Judge,"March 8, 2000,  05:51 PM","Cloture Motion Agreed to (85-14, 3/5 majority required)"
38,"Marsha L. Berzon to U.S. Circuit Judge, Ninth Circuit","March 9, 2000,  02:24 PM",Nomination Confirmed (64-34)
39,To indefinitely postpone the nomination of Richard A. Paez,"March 9, 2000,  02:48 PM",Motion to Postpone Rejected (31-67)
40,"Confirmation of Richard Paez to be U.S. Circuit Judge, Ninth Circuit","March 9, 2000,  03:09 PM",Nomination Confirmed (59-39)
41,Motion to table Kerrey Amendment No. 2885.,"March 21, 2000,  04:01 PM",Motion to Table Agreed to (55-44)
42,H.R. 5 as amended.,"March 22, 2000,  10:03 AM",Bill Passed (100-0)
43,Wellstone Amendment No. 2888,"March 23, 2000,  11:03 AM",Amendment Agreed to (99-1)
44,H.R. 2559 as amended,"March 23, 2000,  11:36 AM",Bill Passed (95-5)
45,McConnell Amendment No. 2889,"March 28, 2000,  02:19 PM",Amendment Rejected (36-64)
46,Motion to Table Hollings Amendment No. 2890,"March 28, 2000,  02:52 PM",Motion to Table Agreed to (67-33)
47,Motion To Invoke Cloture On S.J. Res. 14,"March 29, 2000,  10:07 AM","Motion Agreed to (100-0, 3/5 majority required)"
48,S.J.Res. 14,"March 29, 2000,  04:40 PM","Joint Resolution Defeated (63-37, 2/3 majority required)"
49,Johnson Amendment No. 2903,"March 30, 2000,  05:47 PM",Amendment Agreed to (99-0)
50,S. 2097 As Amended,"March 30, 2000,  06:12 PM",Bill Passed (97-0)
51,Motion To Invoke Cloture On Motion To Proceed To S. 2285,"March 30, 2000,  06:27 PM","Cloture on the Motion to Proceed Agreed to (86-11, 3/5 majority required)"
52,Motion To Waive The Congressional Budget Act Re: Robb Amdt. No. 2915,"April 5, 2000,  10:46 AM","Motion Rejected (51-49, 3/5 majority required)"
53,Hutchison Amendment No. 2914,"April 5, 2000,  11:14 AM",Amendment Agreed to (99-1)
54,Motion To Table Bingaman Amendment No. 2926,"April 5, 2000,  05:30 PM",Motion to Table Agreed to (54-46)
55,Motion to Table Conrad Amdt. No. 2935,"April 5, 2000,  06:00 PM",Motion to Table Agreed to (52-48)
56,Motion to Waive CBA re: Allard Amdt. No. 2906,"April 5, 2000,  06:21 PM","Motion Rejected (16-84, 3/5 majority required)"
57,Byrd Amendment No. 2943,"April 6, 2000,  10:33 AM",Amendment Agreed to (65-35)
58,Motion To Table Roth Amendment No. 2955,"April 6, 2000,  11:08 AM",Motion to Table Agreed to (51-49)
59,Motion to table Reid Amdt No. 2985,"April 6, 2000,  12:00 AM",Motion to Table Agreed to (99-0)
60,Gramm Amendment No. 2973,"April 6, 2000,  02:29 PM",Amendment Agreed to (99-0)
61,McCain Amendment No. 2988,"April 6, 2000,  02:50 PM",Amendment Agreed to (99-0)
62,Motion To Table Robb Amendment No. 2965,"April 6, 2000,  08:15 PM",Motion to Table Agreed to (54-45)
63,Motion To Table Bond Amendment No. 2913,"April 6, 2000,  08:59 PM",Motion to Table Failed (19-81)
64,Reed Amendment No. 2964,"April 6, 2000,  09:19 PM",Amendment Agreed to (53-47)
65,Motion to Waive the CBA RE: Conrad Amendment No. 3016,"April 7, 2000,  09:15 AM","Motion Rejected (44-56, 3/5 majority required)"
66,Craig Amendment No. 3074,"April 7, 2000,  09:45 AM",Amendment Agreed to (100-0)
67,Motion to Waive the CBA RE: Graham Amendment No. 2966,"April 7, 2000,  10:06 AM","Motion Rejected (46-54, 3/5 majority required)"
68,Voinovich Amendment No. 2907,"April 7, 2000,  10:23 AM",Amendment Rejected (44-56)
69,Kennedy Amendment No. 2939,"April 7, 2000,  10:41 AM",Amendment Agreed to (51-49)
70,Motion to Waive the CBA with respect to Ashcroft Amendment No. 3032,"April 7, 2000,  11:03 AM","Motion Rejected (30-70, 3/5 majority required)"
71,Lautenberg Amendment No. 2957,"April 7, 2000,  11:22 AM",Amendment Agreed to (45-55)
72,Motion to Table Voinovich Amendment No. 3075,"April 7, 2000,  11:50 AM",Motion to Table Failed (47-53)
73,Domenici Amendment No. 3076,"April 7, 2000,  12:16 PM",Amendment Rejected (45-55)
74,Craig Amendment No. 3077,"April 7, 2000,  12:46 PM",Amendment Agreed to (54-46)
75,Nickles Amendment No. 3078,"April 7, 2000,  01:08 PM",Amendment Agreed to (51-49)
76,Kennedy Amendment No. 3079,"April 7, 2000,  01:29 PM",Amendment Agreed to (51-48)
77,Motion to Table Kennedy Amendment No. 2962,"April 7, 2000,  01:58 PM",Motion to Table Failed (49-49)
78,Kennedy Amdt. No. 2962,"April 7, 2000,  02:13 PM",Amendment Rejected (49-49)
79,H. CON. RES. 290,"April 7, 2000,  02:55 PM",Concurrent Resolution Agreed to (51-45)
80,Motion To Invoke Cloture RE: S.2285,"April 11, 2000,  02:29 PM","Cloture Motion Rejected (43-56, 3/5 majority required)"
81,Final Passage S. 2323,"April 12, 2000,  02:31 PM",Bill Passed (95-0)
82,Motion To Invoke Cloture On Roth Amendment No. 3090,"April 13, 2000,  02:01 PM","Cloture Motion Rejected (53-45, 3/5 majority required)"
83,Motion To Invoke Cloture On H.R. 6,"April 13, 2000,  02:27 PM","Cloture Motion Rejected (53-45, 3/5 majority required)"
84,House Concurrent Resolution 303,"April 13, 2000,  02:44 PM",Concurrent Resolution Agreed to (55-43)
85,H. Con. Res. 290 Conference Report,"April 13, 2000,  06:26 PM",Conference Report Agreed to (50-48)
86,Motion to invoke cloture on the motion to proceed to S. J. Res. 3,"April 25, 2000,  02:17 PM","Cloture Motion Agreed to (82-12, 3/5 majority required)"
87,Motion to Invoke Cloture on Amendment No. 3090 to H.R. 6,"April 27, 2000,  12:01 PM","Cloture Motion Rejected (51-44, 3/5 majority required)"
88,"Shall The Bill S. 1287 Pass, Over The Objections Of The President","May 2, 2000,  03:15 PM","Veto Sustained (64-35, 2/3 majority required)"
89,Gorton Amdt. No. 3110,"May 3, 2000,  06:04 PM",Amendment Agreed to (98-0)
90,Daschle Amendment No. 3111,"May 3, 2000,  06:30 PM",Amendment Rejected (45-54)
91,Kannedy Amendment No. 3118,"May 4, 2000,  05:02 PM",Amendment Rejected (43-54)
92,Abraham Amendment No. 3117,"May 4, 2000,  05:31 PM",Amendment Agreed to (54-42)
93,Murray Amendment No. 3122,"May 4, 2000,  05:50 PM",Amendment Rejected (44-53)
94,Lott Amendment No. 3126,"May 9, 2000,  02:15 PM",Amendment Agreed to (97-0)
95,Lieberman Amendment No. 3127,"May 9, 2000,  04:49 PM",Amendment Rejected (13-84)
96,Motion To Proceed To Conference Report To Accompany H.R. 434,"May 10, 2000,  09:37 AM",Motion Agreed to (90-6)
97,Motion To Invoke Cloture On Conference Report To Accompany H.R. 434,"May 11, 2000,  10:01 AM","Cloture Motion Agreed to (76-18, 3/5 majority required)"
98,Conference Report To Accompany H.R. 434,"May 11, 2000,  11:22 AM",Conference Report Agreed to (77-19)
99,Motion To Instruct The Seargent At Arms,"May 16, 2000,  05:05 PM",Motion for Attendance Agreed to (94-2)
100,Motion To Table Point Of Order Re: Daschle Amendment No. 3148,"May 16, 2000,  05:56 PM",Motion to Table Failed (42-54)
101,Motion To Proceed To Executive Session To Consider Calendar No. 504,"May 16, 2000,  06:25 PM",Motion to Proceed Rejected (41-54)
102,Shall The Decision of the Chair Stand As The Senate's Judgment Re: SA3150,"May 17, 2000,  02:55 PM",Decision of Chair Not Sustained (45-54)
103,Lott Amendment No. 3150,"May 17, 2000,  03:29 PM",Amendment Agreed to (69-30)
104,Daschle Amendment No. 3148,"May 17, 2000,  03:50 PM",Amendment Agreed to (50-49)
105,Levin Amendment No. 3154,"May 18, 2000,  02:35 PM",Amendment Agreed to (53-47)
106,"H.R. 4425, As Amended","May 18, 2000,  03:05 PM",Bill Passed (96-4)
107,"Bradley A. Smith, Of Ohio, To Be A Member Of The Federal Election Commission","May 24, 2000,  03:11 PM",Nomination Confirmed (64-35)
108,"Danny Lee McDonald, Of OK, To Be A Member Of The Federal Election Commission","May 24, 2000,  03:37 PM",Nomination Confirmed (98-1)
109,"Timothy B. Dyk, of D.C., To be United States Circuit Judge","May 24, 2000,  12:00 AM",Nomination Confirmed (74-25)
110,"Gerard E. Lynch, Of N.Y., To be United States District Judge","May 24, 2000,  04:14 PM",Nomination Confirmed (63-36)
111,"James J. Brady, Of Louisiana, To be United States District Judge","May 24, 2000,  04:31 PM",Nomination Confirmed (83-16)
112,"Mary A. McLaughlin, of Pennsylvania, to be U.S. District Judge","May 24, 2000,  04:54 PM",Nomination Confirmed (86-14)
113,Mikulski Amendment No. 3166,"May 25, 2000,  10:43 AM",Amendment Agreed to (100-0)
114,Shall S. 2603 Be Engrossed And Advanced To Third Reading?,"May 25, 2000,  11:19 AM",Motion Agreed to (98-2)
115,H.R. 2559 Conference Report,"May 25, 2000,  03:37 PM",Conference Report Agreed to (91-4)
116,McCain Amendment No. 3179,"June 6, 2000,  04:58 PM",Amendment Agreed to (93-0)
117,"Warner Amendment No. 3173, As Further Modified","June 7, 2000,  12:18 PM",Amendment Agreed to (96-1)
118,Motion To Waive C.B.A. RE: Johnson Amendment No. 3191,"June 7, 2000,  01:00 PM","Motion Rejected (52-46, 3/5 majority required)"
119,Warner Amendment No. 3184,"June 7, 2000,  01:23 PM",Amendment Agreed to (51-47)
120,McCain Amendment No. 3197,"June 7, 2000,  05:07 PM",Amendment Rejected (35-63)
121,Motion To Table Daschle Amendment No. 3273,"June 8, 2000,  05:41 PM",Motion to Table Agreed to (51-48)
122,Is The Point Of Order Well Taken? RE: McCain Amendment No. 3214,"June 8, 2000,  06:13 PM",Point of Order Not Sustained (42-57)
123,Grassley Amendment No. 3279,"June 9, 2000,  09:41 AM",Amendment Agreed to (88-0)
124,Boxer Amendment No. 3308,"June 13, 2000,  02:20 PM",Amendment Agreed to (84-14)
125,Motion to Table Boxer Amdt. 3311,"June 13, 2000,  06:10 PM",Motion to Table Agreed to (65-32)
126,"Motion To Table Wellstone Amdt. No. 3366, As Modified","June 13, 2000,  06:41 PM",Motion to Table Agreed to (83-15)
127,H.R. 4576 As Amended,"June 13, 2000,  06:58 PM",Bill Passed (95-3)
128,"Gen. John A Gordon, USAF, To Be Under Secretary For Nuclear Energy, Dpt. Energy ","June 14, 2000,  11:32 AM",Nomination Confirmed (97-0)
129,Harkin Amdt. No. 3428,"June 14, 2000,  05:41 PM",Amendment Agreed to (97-0)
130,Is The Amdt. Germane?  RE: Voinovich Amdt. No. 3434,"June 15, 2000,  11:01 AM",Amendment Not Germane (46-52)
131,Allard Amdt. No. 3430,"June 15, 2000,  02:57 PM",Amendment Agreed to (95-3)
132,"H.R. 4475, As Amended","June 15, 2000,  03:34 PM",Bill Passed (99-0)
133,Conference Report To Accompany S. 761,"June 16, 2000,  09:36 AM",Conference Report Agreed to (87-0)
134,Motion To Table Murray Amendment No. 3252,"June 20, 2000,  04:07 PM",Motion to Table Agreed to (50-49)
135,Hatch Amendment No. 3474,"June 20, 2000,  04:37 PM",Amendment Agreed to (50-49)
136,Kennedy Amendment No. 3473,"June 20, 2000,  05:03 PM",Amendment Agreed to (57-42)
137,Motion To Table Dodd Amendment No. 3475,"June 20, 2000,  05:31 PM",Motion to Table Agreed to (59-41)
138,Motion To Table Wellstone Amendment No. 3518,"June 21, 2000,  02:16 PM",Motion to Table Agreed to (89-11)
139,Gorton Amendment No. 3517,"June 21, 2000,  06:19 PM",Amendment Rejected (19-79)
140,Dodd Amdt. No. 3524,"June 21, 2000,  06:48 PM",Amendment Rejected (47-51)
141,Shall The Bill S. 2522 Be Read A Third Time?,"June 22, 2000,  02:53 PM",Motion Agreed to (95-4)
142,Motion To Instruct The Sergeant At Arms,"June 22, 2000,  05:15 PM",Motion Agreed to (94-3)
143,Enzi Amendment No. 3593,"June 22, 2000,  08:01 PM",Amendment Agreed to (57-41)
144,"Robb Amendment No. 3598, As Modified","June 22, 2000,  08:27 PM",Amendment Rejected (44-53)
145,Cochran Amdt. No. 3625,"June 27, 2000,  09:49 AM",Amendment Agreed to (96-0)
146,Motion To Waive CBA Wellstone Amdt. No. 3631,"June 27, 2000,  05:00 PM","Motion Rejected (47-52, 3/5 majority required)"
147,Motion To Waive CBA Bingaman Amdt. No. 3649,"June 27, 2000,  05:33 PM","Motion Rejected (49-50, 3/5 majority required)"
148,Motion to Waive CBA RE: Murray Amendment No. 3604,"June 27, 2000,  05:54 PM","Motion Rejected (44-55, 3/5 majority required)"
149,McCain Amdt. No. 3610 As Amended,"June 27, 2000,  07:03 PM",Amendment Agreed to (95-3)
150,Santorum Amdt No. 3635,"June 27, 2000,  07:33 PM",Amendment Agreed to (75-24)
151,Hutchison Amdt No. 3619,"June 28, 2000,  09:46 AM",Amendment Agreed to (99-0)
152,Daschle Amdt. No.  3658,"June 28, 2000,  10:19 AM",Amendment Agreed to (98-1)
153,Motion To Waive CBA RE: Amdt No. 3661,"June 28, 2000,  11:55 AM","Motion Rejected (51-48, 3/5 majority required)"
154,Motion To Waive CBA RE: Dodd Amdt. No.3672,"June 28, 2000,  04:02 PM","Motion Rejected (48-51, 3/5 majority required)"
155,Motion To Waive CBA RE: Kerry Amdt. No. 3659,"June 28, 2000,  04:35 PM","Motion Rejected (48-51, 3/5 majority required)"
156,Motion To Waive CBA RE: Reed Amdt No. 3638,"June 28, 2000,  04:58 PM","Motion Rejected (47-52, 3/5 majority required)"
157,Motion to Waive re: Kennedy Amdt. No. 3678,"June 28, 2000,  05:19 PM","Motion Rejected (49-50, 3/5 majority required)"
158,Motion To Table Landrieu Amdt. No. 3645,"June 28, 2000,  07:50 PM",Motion to Table Agreed to (75-23)
159,Motion To Table Jeffords Amdt. No. 3655,"June 28, 2000,  08:20 PM",Motion to Table Agreed to (51-47)
160,H.R. 4762,"June 29, 2000,  09:45 AM",Bill Passed (92-6)
161,Frist Amdt. No. 3654 As Modified,"June 29, 2000,  10:14 AM",Amendment Agreed to (98-0)
162,Conrad Amdt. No. 3690,"June 29, 2000,  02:40 PM",Amendment Agreed to (60-37)
163,Ashcroft Amdt. 3689,"June 29, 2000,  03:04 PM",Amendment Agreed to (54-43)
164,Daschle Amdt. No. 3688,"June 29, 2000,  04:28 PM",Amendment Rejected (44-54)
165,Jeffords Amdt. No. 3691,"June 29, 2000,  04:55 PM",Amendment Agreed to (58-40)
166,Nickles Amdt. No. 3694,"June 29, 2000,  07:26 PM",Amendment Agreed to (51-47)
167,Dorgan Amdt. No. 3693,"June 29, 2000,  07:54 PM",Amendment Rejected (47-51)
168,Motion To Table Wellstone Amendment No. 3698,"June 30, 2000,  09:41 AM",Motion to Table Agreed to (56-39)
169,Motion To Table Helms Amdt. No. 3697,"June 30, 2000,  10:11 AM",Motion to Table Failed (41-54)
170,Motion To Waive CBA Harkin Amdt. No. 3699,"June 30, 2000,  10:34 AM","Motion Rejected (40-55, 3/5 majority required)"
171,"H.R. 4577, as amended","June 30, 2000,  10:53 AM",Bill Passed (52-43)
172,"Madelyn R Creedon, to be Deputy Administrator for Defense Programs, N.N.S.A.","July 10, 2000,  05:36 PM",Nomination Confirmed (54-30)
173,Motion To Invoke Cloture On The Motion To Proceed To H.R. 8,"July 11, 2000,  10:21 AM","Cloture Motion Agreed to (99-1, 3/5 majority required)"
174,Bennett Amendment No. 3185,"July 12, 2000,  11:42 AM",Amendment Agreed to (86-11)
175,Durbin Amendment No. 3810,"July 12, 2000,  06:37 PM",Amendment Rejected (38-62)
176,Inhofe Amendment No. 3812,"July 12, 2000,  07:10 PM",Amendment Rejected (27-73)
177,Motion To Table Feingold Amendment No. 3759,"July 13, 2000,  09:32 AM",Motion to Table Agreed to (81-18)
178,Motion To Table Durbin Amendment No. 3752,"July 13, 2000,  10:01 AM",Motion to Table Agreed to (52-48)
179,H.R. 4205 As Amended,"July 13, 2000,  10:21 AM",Bill Passed (97-3)
180,Moynihan Amendment No. 3821,"July 13, 2000,  12:29 PM",Amendment Rejected (46-53)
181,Hatch Amendment No. 3823,"July 13, 2000,  01:45 PM",Amendment Agreed to (98-1)
182,Schumer Amdt. No. 3822,"July 13, 2000,  02:16 PM",Amendment Rejected (46-52)
183,Motion To Waive C.B.A. Re: Abraham Amendment No. 3827,"July 13, 2000,  03:45 PM","Motion Rejected (40-59, 3/5 majority required)"
184,Motion To Waive The C.B.A. Re: Bingaman Amendment No. 3828,"July 13, 2000,  06:27 PM","Motion Rejected (47-53, 3/5 majority required)"
185,Roth Amendment No. 3829,"July 13, 2000,  06:55 PM",Amendment Agreed to (97-3)
186,Motion To Waive C.B.A. Re: Graham Amendment No. 3924,"July 13, 2000,  07:13 PM","Motion Rejected (46-53, 3/5 majority required)"
187,Motion To Waive C.B.A. Re: Baucus Amendment No. 3835,"July 13, 2000,  07:33 PM","Motion Rejected (44-55, 3/5 majority required)"
188,Grams Amendment No. 3836,"July 13, 2000,  07:56 PM",Amendment Agreed to (58-41)
189,Kerry Amdt. No. 3839,"July 14, 2000,  09:08 AM",Amendment Rejected (45-52)
190,Motion To Waive C.B.A. Re: Santorum Amendment No. 3838,"July 14, 2000,  09:33 AM","Motion Rejected (57-40, 3/5 majority required)"
191,Motion To Waive C.B.A. Re: Dodd Amendment No. 3837,"July 14, 2000,  09:49 AM","Motion Rejected (41-56, 3/5 majority required)"
192,Harkin Amendment No. 3840,"July 14, 2000,  10:02 AM",Amendment Rejected (42-54)
193,Bayh Amendment No. 3843,"July 14, 2000,  10:16 AM",Amendment Rejected (46-51)
194,Motion To Waive C.B.A. Re: Lott Amendment No. 3842,"July 14, 2000,  10:30 AM","Motion Rejected (14-84, 3/5 majority required)"
195,Feingold Amdt No. 3844,"July 14, 2000,  10:44 AM",Amendment Rejected (44-54)
196,Lott Motion To Committ H.R. 8,"July 14, 2000,  10:59 AM",Motion Agreed to (53-45)
197,H.R. 8,"July 14, 2000,  11:13 AM",Bill Passed (59-39)
198,Feingold Motion to Commit H.R. 4810 to the Committee on Finance,"July 17, 2000,  06:32 PM",Motion Rejected (45-49)
199,Roth Motion To Waive Byrd Rule On Sunset Strikes (S. Amdt. 3864 and S. Amdt. 3865) In H.R. 4810,"July 17, 2000,  07:05 PM","Motion Rejected (48-47, 3/5 majority required)"
200,Moynihan Amendment No. 3863,"July 17, 2000,  07:27 PM",Amendment Rejected (46-50)
201,Feingold Amendment No. 3845,"July 17, 2000,  07:45 PM",Amendment Rejected (40-56)
202,Motion To Waive C.B.A. Re: Feingold Amendment No. 3846,"July 17, 2000,  08:02 PM","Motion Rejected (30-68, 3/5 majority required)"
203,Motion To Waive C.B.A. Re: Harkin Amendment No. 3847,"July 17, 2000,  08:20 PM","Motion Rejected (45-53, 3/5 majority required)"
204,Motion to Waive CBA re: Kennedy Amdt. No. 3848,"July 17, 2000,  08:40 PM","Motion Rejected (51-47, 3/5 majority required)"
205,Motion to Waive CBA re: Durbin Amdt No. 3852 as modified,"July 17, 2000,  08:58 PM","Motion Rejected (49-49, 3/5 majority required)"
206,Motion to Waive CBA re: Robb Amdt No. 3853,"July 17, 2000,  09:16 PM","Motion Rejected (49-50, 3/5 majority required)"
207,Bryan Amendment No. 3883,"July 18, 2000,  09:51 AM",Amendment Rejected (45-54)
208,Nickles Amdt No. 3884,"July 18, 2000,  10:20 AM",Amendment Rejected (49-50)
209,Bond Amdt No. 3886,"July 18, 2000,  10:51 AM",Amendment Agreed to (99-0)
210,Boxer Amdt No. 3912,"July 18, 2000,  11:11 AM",Amendment Rejected (41-58)
211,"H.R. 4578, As Amended","July 18, 2000,  11:28 AM",Bill Passed (97-2)
212,Burns Amdt No. 3874,"July 18, 2000,  11:49 AM",Amendment Agreed to (99-0)
213,Hollings Amdt. No. 3875,"July 18, 2000,  12:17 PM",Amendment Rejected (20-79)
214,Lott Amdt. No. 3881,"July 18, 2000,  12:39 PM",Amendment Agreed to (54-45)
215,H.R. 4810,"July 18, 2000,  02:35 PM",Bill Passed (61-38)
216,Motion To Invoke Cloture On Motion To Proceed To H.R. 4733,"July 27, 2000,  11:26 AM","Cloture Motion Agreed to (100-0, 3/5 majority required)"
217,Conference Report To Accompany H.R. 4576,"July 27, 2000,  03:16 PM",Conference Report Agreed to (91-9)
218,Motion to Invoke Cloture on Motion to Proceed to H.R. 4444,"July 27, 2000,  04:08 PM",Cloture on the Motion to Proceed Agreed to (86-12)
219,Daschle Amendment No. 4081,"September 7, 2000,  09:56 AM",Amendment Rejected (45-52)
220,Motion To Proceed To Consideration Of H.R. 4444,"September 7, 2000,  10:55 AM",Motion to Proceed Agreed to (92-5)
221,Wellstone Amendment No. 4114,"September 7, 2000,  12:17 PM",Amendment Rejected (30-67)
222,Byrd Amendment No. 4115,"September 7, 2000,  03:52 PM",Amendment Rejected (32-64)
223,Hollings Amendment No. 4122,"September 7, 2000,  05:17 PM",Amendment Rejected (13-81)
224,H.R. 4733 As Amended,"September 7, 2000,  08:14 PM",Bill Passed (93-1)
225,Wellstone Amdt. No. 4119,"September 12, 2000,  11:53 AM",Amendment Rejected (29-68)
226,Helms Amdt. No. 4125,"September 12, 2000,  03:33 PM",Amendment Rejected (32-63)
227,Byrd Amdt. No. 4131,"September 13, 2000,  11:12 AM",Amendment Rejected (33-62)
228,Smith Amdt. No. 4129 Division VI,"September 13, 2000,  11:41 AM",Amendment Rejected (29-66)
229,Motion To Table Thompson Amdt. No. 4132,"September 13, 2000,  01:58 PM",Amendment Rejected (65-32)
230,Helms Amdt. No. 4128,"September 13, 2000,  05:44 PM",Amendment Rejected (43-53)
231,Helms Amdt. No. 4123,"September 13, 2000,  06:26 PM",Amendment Rejected (23-73)
232,Feingold Amdt. No. 4138,"September 13, 2000,  06:47 PM",Amendment Rejected (18-78)
233,Wellstone Amdt. No. 4120,"September 13, 2000,  07:07 PM",Amendment Rejected (22-74)
234,Hollings Amdt. No. 4134,"September 14, 2000,  12:46 PM",Amendment Rejected (6-90)
235,Smith (NH) Amdt. No. 4129-Division 1 ,"September 14, 2000,  04:48 PM",Amendment Rejected (30-68)
236,Smith (NH) Amdt. No. 4129-Division IV,"September 14, 2000,  05:16 PM",Amendment Rejected (24-74)
237,Hollings Amdt. No. 4135,"September 14, 2000,  05:39 PM",Amendment Rejected (16-81)
238,H.R. 4444,"September 19, 2000,  02:21 PM",Bill Passed (83-15)
239,Motion To Invoke Cloture On S. 2045,"September 19, 2000,  02:45 PM","Cloture Motion Agreed to (97-1, 3/5 majority required)"
240,H.R. 4516 Conference Report,"September 20, 2000,  03:01 PM",Conference Report Rejected (28-69)
241,Warner Amendment No. 4165,"September 21, 2000,  05:28 PM",Amendment Rejected (24-71)
242,S. 2796  As Amended,"September 25, 2000,  04:51 PM",Bill Passed (85-1)
243,Motion To Invoke Cloture On Amdt. No. 4178,"September 26, 2000,  10:17 AM","Cloture Motion Agreed to (94-3, 3/5 majority required)"
244,Daschle Motion To Suspend Rule XXII RE: Amdt. No. 4184,"September 27, 2000,  04:40 PM","Motion Rejected (43-55, 2/3 majority required)"
245,Lott Amdt. No. 4178,"September 27, 2000,  05:09 PM",Amendment Agreed to (96-2)
246,H.J. Res. 109,"September 28, 2000,  04:15 PM",Joint Resolution Passed (96-0)
247,Motion To Invoke Cloture On The Lott Amdt. No. 4177 To S. 2045,"September 28, 2000,  04:48 PM","Cloture Motion Agreed to (92-3, 3/5 majority required)"
248,H.R. 4733 Conference Report,"October 2, 2000,  05:33 PM",Conference Report Agreed to (57-37)
249,S.2045 As Amended,"October 3, 2000,  10:01 AM",Bill Passed (96-1)
250,"Confirmation Of James A Teilborg, of Arizona To Be U.S. District Judge","October 3, 2000,  03:53 PM",Nomination Confirmed (95-0)
251,H. J. Res. 110,"October 5, 2000,  10:00 AM",Joint Resolution Passed (95-1)
252,Motion To Invoke Cloture On H.R. 4578 Conference Report,"October 5, 2000,  02:01 PM","Cloture Motion Agreed to (89-8, 3/5 majority required)"
253, H.R. 4578  Conference Report,"October 5, 2000,  03:37 PM",Conference Report Agreed to (83-13)
254,H.R. 4475 Conference Report,"October 6, 2000,  12:11 PM",Conference Report Agreed to (78-10)
255,Shall Decision of Chair Stand as Judgment of the Senate re: Conf.Rept. H.R.3244,"October 11, 2000,  04:32 PM",Decision of Chair Sustained (90-5)
256,H.R. 3244 Conference Report,"October 11, 2000,  05:00 PM",Conference Report Agreed to (95-0)
257,Motion To Table Boxer Amdt. No.4308,"October 12, 2000,  12:39 PM",Motion to Table Agreed to (63-32)
258,Motion To Table Boxer Amdt. No. 4309,"October 12, 2000,  01:04 PM",Motion to Table Agreed to (56-39)
259,H.R. 4635 As Amended,"October 12, 2000,  01:23 PM",Bill Passed (87-8)
260,H.R. 4516 Conference Report Upon Reconsideration,"October 12, 2000,  01:45 PM",Conference Report Agreed to (58-37)
261,Motion To Waive CBA RE: Conference Report ,"October 12, 2000,  07:20 PM","Motion Agreed to (84-9, 3/5 majority required)"
262,H.R. 4205 Conference Report,"October 12, 2000,  07:44 PM",Conference Report Agreed to (90-3)
263,H.J. Res. 111,"October 12, 2000,  08:02 PM",Joint Resolution Passed (90-1)
264,H.R. 4461 Conference Report,"October 18, 2000,  05:29 PM",Conference Report Agreed to (86-8)
265,Conference Report To Accompany H.R. 4635,"October 19, 2000,  03:55 PM",Conference Report Agreed to (85-8)
266,Motion To Proceed To H.R. 2415 Conference Report,"October 19, 2000,  04:30 PM",Motion to Proceed Agreed to (89-0)
267,H.R. 4811 Conference Report,"October 25, 2000,  05:05 PM",Conference Report Agreed to (65-27)
268,Motion To Table Feingold Amdt. No. 4326,"October 25, 2000,  05:40 PM",Motion to Table Agreed to (56-34)
269,S. 2508 As Amended,"October 25, 2000,  06:02 PM",Bill Passed (85-5)
270,H.J. Res. 115,"October 25, 2000,  06:20 PM",Joint Resolution Passed (87-2)
271,Gregg Amdt. No. 4343,"October 26, 2000,  05:02 PM",Amendment Rejected (25-69)
272,H.R. 782,"October 26, 2000,  05:39 PM",Bill Passed (94-0)
273,Motion To Proceed To consider H.R. 2614 Conference Report,"October 26, 2000,  06:05 PM",Motion to Proceed Agreed to (55-40)
274,H.J. Res. 116,"October 26, 2000,  06:32 PM",Bill Passed (94-1)
275,Motion To Proceed To Consider H.R. 2415 Conference Report,"October 27, 2000,  11:08 AM",Motion to Proceed Agreed to (87-1)
276,Conference Report H.R. 4942,"October 27, 2000,  03:02 PM",Conference Report Agreed to (48-43)
277,H.J. Res 117,"October 27, 2000,  03:29 PM",Joint Resolution Passed (86-3)
278,H. J. Res. 118,"October 28, 2000,  11:05 AM",Joint Resolution Passed (67-2)
279,H.J.RES.119,"October 29, 2000,  07:31 PM",Joint Resolution Passed (67-1)
280,H. J. Res. 120,"October 30, 2000,  07:04 PM",Joint Resolution Passed (70-1)
281,Motion To Invoke Cloture On The Conference Report To Accompany H.R. 2415,"November 1, 2000,  09:35 AM","Cloture Motion Rejected (53-30, 3/5 majority required)"
282,H. J. Res. 126,"December 5, 2000,  02:35 PM",Joint Resolution Passed (99-0)
283,"Motion To Invoke Cloture On Conf. Rept. To  H.R. 2415, Upon Reconsideration","December 5, 2000,  03:13 PM","Cloture Motion Agreed to (67-31, 3/5 majority required)"
284,H.R. 2415 Conference Report,"December 7, 2000,  03:46 PM",Conference Report Agreed to (70-28)
285,H. J. Res. 127,"December 7, 2000,  04:18 PM",Joint Resolution Passed (96-1)
