,title,vote_date,vote_result
0,Motion to Table Harkin Amdt No. 1,"January 5, 1995,  11:31 AM",Motion to Table Agreed to (76-19)
1,Motion to Table Harkin Amdt No. 1,"January 5, 1995,  11:31 AM",Motion to Table Agreed to (76-19)
2,Motion to Table Levin Amdt No. 3,"January 5, 1995,  07:14 PM",Motion to Table Agreed to (52-39)
3,Motion to Table Wellstone Amdt. No. 5,"January 6, 1995,  11:46 AM",Motion to Table Agreed to (74-17)
4,"motion to waive cba re: amdt no. 6, as modified","January 6, 1995,  02:30 PM","Motion Rejected (30-53, 3/5 majority required)"
5,MOTION TO TABLE SIMON AMDT NO. 7,"January 6, 1995,  03:20 PM",Motion to Table Agreed to (56-23)
6,McConnell amdt. no. 8,"January 10, 1995,  02:18 PM",Amendment Agreed to (55-44)
7,Motion to table wellstone amdt. no. 9,"January 10, 1995,  02:46 PM",Motion to Table Agreed to (55-44)
8,motion to table leahy amdt. no.11,"January 10, 1995,  03:13 PM",Motion to Table Agreed to (79-20)
9,motion to table Kerry amdt. no. 10,"January 10, 1995,  03:35 PM",Motion to Table Agreed to (64-35)
10,motion to table glenn amdt. no. 13,"January 10, 1995,  04:29 PM",Motion to Table Agreed to (54-45)
11,motion to table wellstone amdt. no. 14,"January 10, 1995,  06:16 PM",Motion to Table Agreed to (56-43)
12,nomination robert e. rubin secretary of the treasury,"January 10, 1995,  06:40 PM",Nomination Confirmed (99-0)
13,motion to table lautenberg amdt no. 15,"January 11, 1995,  05:22 PM",Motion to Table Agreed to (61-38)
14,final passage s.2,"January 11, 1995,  05:46 PM",Bill Passed (98-1)
15,motion to instruct sgt.-at-arms,"January 12, 1995,  07:16 PM",Motion for Attendance Agreed to (88-3)
16,motion to table committee amdt.,"January 12, 1995,  07:41 PM",Motion to Table Agreed to (53-38)
17,"motion to table committee amdt. page 12, line 6-line 9","January 12, 1995,  09:49 PM",Motion to Table Agreed to (54-35)
18,DORGAN AMDT NO.18,"January 13, 1995,  02:53 PM",Amendment Agreed to (88-0)
19,kempthorne amdt no. 19,"January 13, 1995,  03:14 PM",Amendment Agreed to (88-0)
20,"motion to table committee amdt on pg. 15, line 6","January 17, 1995,  02:15 PM",Motion to Table Agreed to (55-39)
21,"motion to table the committee amdt on pg. 15, line 23","January 17, 1995,  04:25 PM",Motion to Table Agreed to (52-42)
22,"motion to table committee amdt on pg. 25, lines 11-25","January 17, 1995,  06:34 PM",Motion to Table Failed (27-66)
23,"Dole amdt. no. 139, as modified","January 18, 1995,  04:24 PM",Amendment Agreed to (99-1)
24,bradley amdt. no. 141,"January 18, 1995,  07:34 PM",Amendment Agreed to (93-5)
25,boxer amdt. no. 142,"January 18, 1995,  07:54 PM",Amendment Agreed to (99-0)
26,Levin Amdt. No. 143,"January 19, 1995,  11:42 AM",Amendment Agreed to (99-0)
27,Cloture Motion Re: S. 1,"January 19, 1995,  12:16 PM","Cloture Motion Rejected (54-44, 3/5 majority required)"
28,Motion To Table Bumpers Amdt. No. 144,"January 19, 1995,  02:21 PM",Motion to Table Agreed to (73-25)
29,Motion To Table Lieberman Amdt. No. 151,"January 19, 1995,  05:39 PM",Motion to Table Agreed to (53-44)
30,Levin Amdt. No. 170,"January 19, 1995,  08:34 PM",Amendment Agreed to (96-0)
31,Motion To Table Wellstone Amdt No. 171,"January 19, 1995,  09:40 PM",Motion to Table Agreed to (55-42)
32,Motion To Table Gorton Amdt. No. 31,"January 19, 1995,  10:01 PM",Motion to Table Agreed to (54-43)
33,"Motion To Table Modified Comm. Amdt On Page 25, Line 11","January 19, 1995,  10:15 PM",Motion to Table Agreed to (55-42)
34,"Motion To Table Comm. Amdt. On Page 27, Line 9","January 19, 1995,  10:29 PM",Motion to Table Agreed to (55-42)
35,"Motion To Table Comm. Amdt. No. On Page 33, Line 11","January 19, 1995,  10:43 PM",Motion to Table Agreed to (55-42)
36,"Motion To Table Comm. Amdt On Page 34, Line 10","January 19, 1995,  10:57 PM",Motion to Table Agreed to (55-42)
37,Motion To Table Dorgan Amdt. No. 178,"January 24, 1995,  04:01 PM",Motion to Table Agreed to (63-34)
38,Motion To Table Dorgan Amdt. No. 179,"January 24, 1995,  04:24 PM",Motion to Table Agreed to (52-44)
39,Motion To Table Bingaman Amdt. No. 191,"January 24, 1995,  04:39 PM",Motion to Table Agreed to (58-39)
40,motion to table bingaman amdt. no. 192,"January 24, 1995,  04:54 PM",Motion to Table Agreed to (57-40)
41,motion to table hollings amdt. no. 182,"January 24, 1995,  05:57 PM",Motion to Table Agreed to (55-41)
42,s.res.69,"January 24, 1995,  06:22 PM",Resolution Agreed to (96-0)
43,motion to table amdt. no. 185,"January 25, 1995,  11:51 AM",Motion to Table Agreed to (54-45)
44,motion to table boxer amdt no 202,"January 25, 1995,  03:57 PM",Motion to Table Agreed to (55-44)
45,grassley amdt no 207 as further modified,"January 25, 1995,  07:06 PM",Amendment Agreed to (99-0)
46,s.res.72,"January 25, 1995,  07:27 PM",Resolution Agreed to (98-0)
47,motion to table boxer amdt. no. 201,"January 26, 1995,  10:18 AM",Motion to Table Agreed to (58-40)
48,motion to table lautenberg amdt. no. 199,"January 26, 1995,  10:43 AM",Motion to Table Agreed to (63-36)
49,byrd amdt. no. 213 (as modified),"January 26, 1995,  02:46 PM",Amendment Agreed to (100-0)
50,motion to table kempthorne amdt. no. 196,"January 26, 1995,  04:12 PM",Motion to Table Failed (44-56)
51,kempthorne amdt. no. 196,"January 26, 1995,  04:38 PM",Amendment Agreed to (83-16)
52,motion to table harkin amdt. 224,"January 26, 1995,  06:06 PM",Motion to Table Agreed to (62-38)
53,kassebaum amdt. no. 226,"January 26, 1995,  08:04 PM",Amendment Agreed to (99-0)
54,motion to table amdt. no. 227,"January 26, 1995,  08:26 PM",Motion to Table Agreed to (53-46)
55,"motion to table Bingaman amdt. no. 194, as mod","January 26, 1995,  08:44 PM",Motion to Table Agreed to (62-37)
56,"Graham amdt. no. 184, as mod.","January 26, 1995,  09:01 PM",Amendment Agreed to (93-6)
57,motion to table levin amdt. no. 175 (as modified),"January 27, 1995,  11:53 AM",Motion to Table Agreed to (54-43)
58,motion to table glenn amdt. no. 197,"January 27, 1995,  12:16 PM",Motion to Table Agreed to (53-43)
59,motion to table levin amdt. no. 174,"January 27, 1995,  12:30 PM",Motion to Table Agreed to (52-43)
60,motion to table levin amdt. no. 218,"January 27, 1995,  01:51 PM",Motion to Table Agreed to (58-39)
61,s.1,"January 27, 1995,  02:35 PM",Bill Passed (86-10)
62,motion to table daschle motion to commit with instructions,"February 8, 1995,  12:00 PM",Motion to Table Agreed to (56-44)
63,dole amdt. no. 238,"February 10, 1995,  11:35 AM",Amendment Agreed to (87-10)
64,s.res.73,"February 13, 1995,  05:02 PM",Resolution Agreed to (91-2)
65,motion to table Reid amdt. 236,"February 14, 1995,  09:33 AM",Motion to Table Agreed to (57-41)
66,motion to table boxer amdt. no. 240,"February 14, 1995,  03:39 PM",Motion to Table Agreed to (70-28)
67,motion to table feingold motion to refer h.j.res.1,"February 14, 1995,  05:32 PM",Motion to Table Agreed to (66-32)
68,motion to table hollings amdt. no. 241,"February 14, 1995,  07:14 PM",Motion to Table Agreed to (52-45)
69,motion to table bingaman amdt no. 248,"February 15, 1995,  10:37 AM",Motion to Table Agreed to (59-40)
70,motion to table wellstone motion to refer h.j.res.1,"February 15, 1995,  11:57 AM",Motion to Table Agreed to (59-40)
71,"motion to table johnston amdt no. 272, as modified","February 15, 1995,  04:45 PM",Motion to Table Agreed to (52-47)
72,motion to table biden amdt no. 278,"February 15, 1995,  07:52 PM",Motion to Table Agreed to (59-38)
73,motion to table feingold motion to refer,"February 15, 1995,  08:46 PM",Motion to Table Agreed to (61-33)
74,motion to invoke cloture on h.j.res.1,"February 16, 1995,  10:31 AM","Cloture Motion Rejected (57-42, 3/5 majority required)"
75,motion to table Byrd no. 256,"February 22, 1995,  05:28 PM",Motion to Table Agreed to (55-41)
76,motion to table rockefeller amdt no. 306,"February 22, 1995,  07:14 PM",Motion to Table Agreed to (62-33)
77,motion to table wellstone motion to refer to budget committee,"February 23, 1995,  03:01 PM",Motion to Table Agreed to (60-35)
78,motion to table wellstone motion to refer to budget re: student aid,"February 23, 1995,  03:23 PM",Motion to Table Agreed to (60-35)
79,motion to table byrd amdt. no. 301,"February 23, 1995,  03:38 PM",Motion to Table Agreed to (68-27)
80,motion to table feinstein amdt no.274,"February 28, 1995,  02:16 PM",Motion to Table Agreed to (60-39)
81,motion to table feingold amdt no. 291,"February 28, 1995,  02:36 PM",Motion to Table Agreed to (99-0)
82,motion to table graham amdt no.259,"February 28, 1995,  02:48 PM",Motion to Table Agreed to (59-40)
83,motion to table graham amdt no.298,"February 28, 1995,  03:00 PM",Motion to Table Agreed to (57-43)
84,motion to table kennedy amdt no. 238,"February 28, 1995,  03:13 PM",Motion to Table Agreed to (62-38)
85,motion to table bumpers motion to refer,"February 28, 1995,  03:24 PM",Motion to Table Motion to Recommit Agreed to (63-37)
86,motion to table nunn amdt no. 299,"February 28, 1995,  03:36 PM",Motion to Table Agreed to (61-39)
87,nunn amdt no. 300,"February 28, 1995,  03:47 PM",Amendment Agreed to (92-8)
88,motion to table levin amdt no. 273,"February 28, 1995,  03:58 PM",Motion to Table Agreed to (62-38)
89,motion to table levin amdt no. 310,"February 28, 1995,  04:09 PM",Motion to Table Agreed to (57-43)
90,MOTION TO TABLE LEVIN AMDT NO.311,"February 28, 1995,  04:20 PM",Motion to Table Agreed to (100-0)
91,MOTION TO TABLE PRYOR NO. 307,"February 28, 1995,  04:47 PM",Motion to Table Agreed to (63-37)
92,MOTION TO TABLE BYRD AMDT,"February 28, 1995,  04:42 PM",Motion to Table Agreed to (69-31)
93,motion to table byrd amdt no.254,"February 28, 1995,  04:54 PM",Motion to Table Agreed to (68-32)
94,motion to table byrd amdt no.255,"February 28, 1995,  05:07 PM",Motion to Table Agreed to (62-38)
95,motion to table byrd amdt no. 253,"February 28, 1995,  05:18 PM",Motion to Table Agreed to (63-37)
96,motion to table byrd amdt no.258,"February 28, 1995,  05:30 PM",Motion to Table Agreed to (75-25)
97,motion to table kerry motion to commit,"February 28, 1995,  05:43 PM",Motion to Table Motion to Recommit Agreed to (63-37)
98,"h.j.res.1, as amended","March 2, 1995,  02:19 PM","Joint Resolution Defeated (65-35, 2/3 majority required)"
99,motion to table wellstone amdt. no. 320,"March 7, 1995,  02:15 PM",Motion to Table Agreed to (51-47)
100,S.244 as amended,"March 7, 1995,  02:39 PM",Bill Passed (99-0)
101,mccain amdt. no. 322,"March 7, 1995,  05:25 PM",Amendment Rejected (22-77)
102,motion to table kassebaum amdt. no. 331,"March 9, 1995,  04:53 PM",Motion to Table Failed (42-57)
103,cloture motion on kassebuam amdt no. 331,"March 15, 1995,  10:42 AM","Cloture Motion Rejected (58-39, 3/5 majority required)"
104,"conference report, s.1","March 15, 1995,  11:08 AM",Conference Report Agreed to (91-9)
105,motion to table bumpers amdt. no. 333,"March 16, 1995,  12:21 PM",Motion to Table Agreed to (64-35)
106,motion to table hutchison amdt. no. 336,"March 16, 1995,  02:16 PM",Motion to Table Failed (38-60)
107,shall decision of chair stand re: hutchison amdt. no. 336,"March 16, 1995,  02:40 PM",Decision of Chair Not Sustained (42-57)
108,h.r.889 as amended,"March 16, 1995,  04:43 PM",Bill Passed (97-3)
109,motion to table bradley amdt. no. 403,"March 22, 1995,  02:01 PM",Motion to Table Agreed to (50-48)
110,motion to table feingold amdt. no. 362,"March 22, 1995,  02:23 PM",Motion to Table Agreed to (54-44)
111,motion to table hollings amdt. no. 404,"March 22, 1995,  02:41 PM",Motion to Table Agreed to (52-46)
112,motion to table daschle amdt no 348,"March 23, 1995,  12:19 PM",Motion to Table Agreed to (62-38)
113,"motion to table hatch amdt. no. 407, as modified","March 23, 1995,  03:26 PM",Motion to Table Agreed to (85-15)
114,motion to table byrd amdt no. 350,"March 23, 1995,  06:40 PM",Motion to Table Agreed to (49-48)
115,"s.4, as amended","March 23, 1995,  09:08 PM",Bill Passed (69-29)
116,harkin amdt. no. 411,"March 28, 1995,  02:15 PM",Amendment Agreed to (99-0)
117,s.219 as amended,"March 29, 1995,  10:50 AM",Bill Passed (100-0)
118,motion to table mikulski amdt. no. 421,"March 29, 1995,  01:16 PM",Motion to Table Agreed to (68-32)
119,byrd amdt no. 423,"March 29, 1995,  04:36 PM",Amendment Agreed to (99-0)
120,nomination - daniel robert glickman - secretary of agriculture,"March 30, 1995,  10:25 AM",Nomination Confirmed (94-0)
121,motion to table murray amdt. no. 429,"March 30, 1995,  04:02 PM",Motion to Table Agreed to (48-46)
122,motion to table kerrey amdt. no. 435,"March 30, 1995,  06:32 PM",Motion to Table Failed (45-49)
123,motion to table boxer amdt. no. 436,"March 30, 1995,  06:59 PM",Motion to Table Agreed to (48-46)
124,shelby amdt. no. 437,"March 30, 1995,  09:31 PM",Amendment Agreed to (78-16)
125,motion to table reid amdt. no. 438,"March 30, 1995,  09:56 PM",Motion to Table Agreed to (77-17)
126,cloture motion re: conference report on h.r. 831,"April 3, 1995,  12:16 PM","Cloture Motion Agreed to (83-0, 3/5 majority required)"
127,motion to invoke cloture re: hatfield amdt no 420,"April 6, 1995,  02:02 PM","Cloture Motion Rejected (56-44, 3/5 majority required)"
128,kennedy amdt no 448,"April 6, 1995,  03:04 PM",Amendment Agreed to (96-4)
129,motion to table hollings amdt no 574,"April 6, 1995,  05:55 PM",Motion to Table Failed (43-57)
130,motion to table bumpers amdt no 461,"April 6, 1995,  07:42 PM",Motion to Table Agreed to (61-37)
131,harkin amdt no. 579,"April 6, 1995,  09:48 PM",Amendment Rejected (46-53)
132,"h.r.1158, as amended","April 6, 1995,  10:14 PM",Bill Passed (99-0)
133,S. Res. 110,"April 25, 1995,  12:14 PM",Resolution Agreed to (97-0)
134,motion to table hollings amdt. no. 598,"April 26, 1995,  06:22 PM",Motion to Table Agreed to (94-3)
135,"motion to table amdt no 597, as modified","April 26, 1995,  06:43 PM",Motion to Table Failed (45-52)
136,brown amdt no. 599,"April 26, 1995,  08:20 PM",Amendment Agreed to (56-37)
137,motion to table thomas amdt no. 604,"May 2, 1995,  11:06 AM",Motion to Table Failed (39-61)
138,MOTION TO TABLE WELLSTONE AMDT NO. 605,"May 2, 1995,  11:30 AM",Motion to Table Agreed to (69-31)
139,SNOWE AMDT NO. 608,"May 2, 1995,  11:44 AM",Amendment Agreed to (60-40)
140,Motion to table Kyl amdt. no. 609,"May 2, 1995,  11:59 AM",Motion to Table Agreed to (65-35)
141,motion to table kyl amdt. no. 611,"May 2, 1995,  12:14 PM",Motion to Table Agreed to (56-44)
142,motion to table Simon amdt. no. 614,"May 2, 1995,  12:34 PM",Motion to Table Agreed to (51-49)
143,motion to table kennedy amdt. no. 607,"May 2, 1995,  12:50 PM",Motion to Table Agreed to (55-45)
144,McConnell amdt. no. 603,"May 2, 1995,  01:04 PM",Amendment Agreed to (53-47)
145,motion to table Dorgan amdt. no. 619,"May 3, 1995,  11:23 AM",Motion to Table Agreed to (51-49)
146,DOLE AMDT NO. 617,"May 3, 1995,  11:53 AM",Amendment Agreed to (51-49)
147,"motion to table thompson amdt no. 618, as modified","May 3, 1995,  05:51 PM",Motion to Table Agreed to (58-41)
148,motion to table abraham amdt no. 600,"May 4, 1995,  12:18 PM",Motion to Table Agreed to (51-48)
149,Kyl amdt. no. 681,"May 4, 1995,  12:43 PM",Amendment Agreed to (60-39)
150,motion to table amdt. no. 682,"May 4, 1995,  01:04 PM",Motion to Table Agreed to (56-43)
151,motion to invoke cloture on Gorton amdt. no. 596,"May 4, 1995,  01:23 PM","Cloture Motion Rejected (46-53, 3/5 majority required)"
152,Motion to invoke cloture re: gorton amdt no. 596,"May 4, 1995,  02:02 PM","Cloture Motion Rejected (47-52, 3/5 majority required)"
153,MOTION TO INVOKE CLOTURE RE: COVERDELL AMDT NO 690,"May 8, 1995,  04:21 PM","Cloture Motion Rejected (43-49, 3/5 majority required)"
154, ,"May 8, 1995,  04:46 PM",Resolution Agreed to (94-0)
155,nomination - John M. Deutch,"May 9, 1995,  10:31 AM",Nomination Confirmed (98-0)
156,cloture motion re: sp 690,"May 9, 1995,  10:53 AM","Cloture Motion Agreed to (60-38, 3/5 majority required)"
157,h.con.res.53,"May 9, 1995,  11:25 AM",Concurrent Resolution Agreed to (97-1)
158,S. Res. 118,"May 9, 1995,  05:13 PM",Resolution Agreed to (88-8)
159,motion to table harkin amdt no. 749,"May 10, 1995,  09:45 AM",Motion to Table Agreed to (78-20)
160,motion to table dorgan amdt no. 629,"May 10, 1995,  11:40 AM",Motion to Table Agreed to (54-44)
161,"H.R. 956, AS AMENDED","May 10, 1995,  12:05 PM",Bill Passed (61-37)
162,motion to table kyl amdt no. 769,"May 11, 1995,  02:31 PM",Motion to Table Agreed to (79-21)
163,"motion to table specter amdt no. 754, as modified","May 11, 1995,  06:02 PM",Motion to Table Agreed to (74-23)
164,"motion to table jeffords amdt no. 867, as modified","May 11, 1995,  07:05 PM",Motion to Table Failed (46-51)
165,cloture motion re: committee substitute,"May 12, 1995,  10:01 AM","Cloture Motion Rejected (50-47, 3/5 majority required)"
166,motion to table dorgan amdt no. 914,"May 12, 1995,  10:55 AM",Motion to Table Agreed to (79-17)
167,motion to table first committee amendment,"May 15, 1995,  02:32 PM",Motion to Table Agreed to (80-6)
168,MOTION TO TABLE MURRAY AMDT NO. 1079,"May 16, 1995,  10:35 AM",Motion to Table Agreed to (54-45)
169,s. 534 as amended,"May 16, 1995,  02:15 PM",Bill Passed (94-6)
170,"S.395, AS AMENDED","May 16, 1995,  05:50 PM",Bill Passed (74-25)
171,s.res.120,"May 17, 1995,  12:39 PM",Resolution Agreed to (96-3)
172,domenici amdt no. 1111,"May 19, 1995,  10:53 AM",Amendment Rejected (0-99)
173,rockefeller amdt no. 1112,"May 22, 1995,  03:10 PM",Amendment Rejected (46-52)
174,cohen amdt no. 1116,"May 22, 1995,  07:14 PM",Amendment Agreed to (99-0)
175,motion to waive CBA,"May 22, 1995,  07:34 PM","Motion Rejected (47-51, 3/5 majority required)"
176,motion to waive CBA,"May 23, 1995,  03:45 PM","Motion Rejected (47-53, 3/5 majority required)"
177,Roth amdt. no. 1121,"May 23, 1995,  04:07 PM",Amendment Rejected (50-50)
178,gramm amdt no. 1123,"May 23, 1995,  04:21 PM",Amendment Rejected (31-69)
179,motion to waive c.b.a. re: exon amdt no. 1124,"May 23, 1995,  04:40 PM","Motion Rejected (47-53, 3/5 majority required)"
180,thurmond amdt no. 1125,"May 23, 1995,  04:54 PM",Amendment Rejected (40-60)
181,harkin amdt no. 1126,"May 24, 1995,  10:16 AM",Amendment Rejected (28-71)
182,feingold amdt no. 1127,"May 24, 1995,  10:40 AM",Amendment Rejected (44-55)
183,motion to table bumpers amdt no. 1130,"May 24, 1995,  10:54 AM",Motion to Table Agreed to (52-47)
184,motion to table dodd amdt no. 1131,"May 24, 1995,  11:08 AM",Motion to Table Agreed to (51-48)
185,snowe amdt no. 1128,"May 24, 1995,  11:22 AM",Amendment Rejected (39-60)
186,hatfield amdt no. 1133,"May 24, 1995,  11:36 AM",Amendment Agreed to (85-14)
187,motion to waive,"May 24, 1995,  01:54 PM",Motion Rejected (46-54)
188,Mcconnell amdt. no. 1148,"May 24, 1995,  02:23 PM",Amendment Agreed to (51-49)
189,SARBANES AMDT NO. 1149,"May 24, 1995,  02:36 PM",Amendment Rejected (50-50)
190,motion to table roth amdt no. 1150,"May 24, 1995,  02:50 PM",Motion to Table Agreed to (56-44)
191,motion to waive c.b.a. re: exon amdt no. 1151,"May 24, 1995,  03:03 PM","Motion Rejected (31-69, 3/5 majority required)"
192,coverdell amdt no. 1152,"May 24, 1995,  03:18 PM",Amendment Agreed to (51-49)
193,mcconnell amdt no 1154,"May 24, 1995,  03:32 PM",Amendment Agreed to (100-0)
194,"kerry amdt no. 1153, as amended","May 24, 1995,  03:47 PM",Amendment Agreed to (56-44)
195,motion to table glenn amdt no. 1157,"May 24, 1995,  04:04 PM",Motion to Table Agreed to (58-42)
196,motion to table boxer amdt no. 1158,"May 24, 1995,  05:04 PM",Motion to Table Failed (1-99)
197,dole amdt no. 1159,"May 24, 1995,  05:26 PM",Amendment Agreed to (55-45)
198,motion to waive exon amdt no. 1160,"May 24, 1995,  05:44 PM","Motion Rejected (40-60, 3/5 majority required)"
199,motion to waive c.b.a. re: moynihan amdt no. 1161,"May 24, 1995,  06:00 PM","Motion Rejected (41-59, 3/5 majority required)"
200,motion to table Bingaman amdt.,"May 24, 1995,  06:15 PM",Motion to Table Agreed to (53-47)
201,motion to waive c.b.a. re: murray amdt no. 1163,"May 24, 1995,  06:32 PM","Motion Rejected (45-55, 3/5 majority required)"
202,mccain amdt no. 1167,"May 24, 1995,  06:52 PM",Amendment Agreed to (97-3)
203,Conference Report H.R. 1158,"May 25, 1995,  09:03 AM",Conference Report Agreed to (61-38)
204,lautenberg amdt no. 1168,"May 25, 1995,  09:32 AM",Amendment Rejected (31-68)
205,lautenberg amdt no. 1169,"May 25, 1995,  09:48 AM",Amendment Rejected (26-73)
206,leahy amdt no. 1170,"May 25, 1995,  10:01 AM",Amendment Agreed to (99-0)
207,motion to table harkin amdt no. 1172,"May 25, 1995,  10:17 AM",Motion to Table Agreed to (63-36)
208,motion to table harkin amdt no. 1174,"May 25, 1995,  10:33 AM",Motion to Table Agreed to (68-31)
209,motion to waive c.b.a. re: johnston amdt no. 1175,"May 25, 1995,  10:50 AM","Motion Rejected (42-57, 3/5 majority required)"
210,motion to waive c.b.a. re: reid amdt no. 1176,"May 25, 1995,  11:06 AM","Motion Rejected (46-53, 3/5 majority required)"
211,motion to waive,"May 25, 1995,  11:22 AM","Motion Rejected (43-56, 3/5 majority required)"
212,motion to table Baucus amdt.,"May 25, 1995,  11:38 AM",Motion to Table Failed (35-64)
213,motion to table baucus amdt no. 1181,"May 25, 1995,  11:57 AM",Motion to Table Agreed to (50-49)
214,grams amdt no. 1182,"May 25, 1995,  12:13 PM",Amendment Agreed to (54-45)
215,conrad amdt no. 1183,"May 25, 1995,  12:31 PM",Amendment Rejected (39-60)
216,MOTION TO TABLE SIMON AMDT NO. 1184,"May 25, 1995,  12:52 PM",Motion to Table Agreed to (56-43)
217,MOTION TO TABLE SIMON AMDT NO. 1187,"May 25, 1995,  01:20 PM",Motion to Table Agreed to (65-33)
218,motion to table SP 1188,"May 25, 1995,  01:39 PM",Motion to Table Agreed to (58-41)
219,motion to table Kennedy amdt. no. 1189,"May 25, 1995,  01:51 PM",Motion to Table Agreed to (54-45)
220,motion to table kennedy amdt no. 1190,"May 25, 1995,  02:02 PM",Motion to Table Agreed to (54-45)
221,motion to table harkin amdt no. 1185,"May 25, 1995,  02:14 PM",Motion to Table Agreed to (73-26)
222,moton to waive c.b.a. re: bradley amdt no. 1192,"May 25, 1995,  02:34 PM","Motion Rejected (44-56, 3/5 majority required)"
223,motion to table bradley amdt no. 1193,"May 25, 1995,  02:50 PM",Motion to Table Agreed to (62-38)
224,motion to table bradley amdt no. 1194,"May 25, 1995,  03:03 PM",Motion to Table Agreed to (53-47)
225,motion to recommit to budget,"May 25, 1995,  03:24 PM",Motion to Recommit Rejected (40-60)
226,wellstone amdt no. 1195,"May 25, 1995,  03:36 PM",Amendment Rejected (45-55)
227,wellstone amdt no. 1138,"May 25, 1995,  03:49 PM",Amendment Rejected (12-87)
228,Motion to table wellstone amdt. no.1136,"May 25, 1995,  04:12 PM",Motion to Table Agreed to (84-15)
229,motion to table the wellstone amdt. no. 1141,"May 25, 1995,  04:26 PM",Motion to Table Agreed to (81-18)
230,motion to table Bradley amdt. no. 1196,"May 25, 1995,  04:41 PM",Motion to Table Agreed to (86-13)
231,snowe amdt no. 1197,"May 25, 1995,  04:56 PM",Amendment Agreed to (67-32)
232,"h.con.res.67, as amended","May 25, 1995,  06:10 PM",Concurrent Resolution Agreed to (57-42)
233,motion to table amdt. no.1200,"May 26, 1995,  12:01 PM",Motion to Table Agreed to (52-28)
234,Feinstein amdt. no. 1202,"June 5, 1995,  06:04 PM",Amendment Agreed to (90-0)
235,specter amdt no. 1250,"June 6, 1995,  09:45 PM",Amendment Agreed to (81-15)
236,Lieberman amdt. no. 1215,"June 6, 1995,  10:08 PM",Amendment Agreed to (77-19)
237,motion to table biden amdt no. 1217,"June 7, 1995,  10:24 AM",Motion to Table Agreed to (67-28)
238, ,"June 7, 1995,  05:12 PM",Motion to Table Agreed to (65-34)
239,Motion to table Levin amdt. no. 1245,"June 7, 1995,  05:34 PM",Motion to Table Agreed to (62-37)
240,Kyl amdt. no. 1211,"June 7, 1995,  05:49 PM",Amendment Rejected (38-61)
241,Motion to table Biden amdt. no. 1224,"June 7, 1995,  06:02 PM",Motion to Table Agreed to (53-46)
242,"s. 735, as amended","June 7, 1995,  06:25 PM",Bill Passed (91-8)
243,Motion to table Mccain amdt. no. 1261,"June 8, 1995,  02:09 PM",Motion to Table Agreed to (68-31)
244,Motion to table Mccain amst. no. 1262,"June 8, 1995,  05:40 PM",Motion to Table Agreed to (58-36)
245,Cohen amdt. no. 1263,"June 8, 1995,  07:30 PM",Amendment Rejected (30-64)
246,motion to instruct sgt-at-arms,"June 9, 1995,  10:16 AM",Motion for Attendance Agreed to (80-8)
247,Santorum amdt. no. 1267,"June 9, 1995,  11:03 AM",Amendment Agreed to (83-4)
248,"dole amdt no. 1255, as modified","June 9, 1995,  11:58 AM",Amendment Agreed to (77-8)
249,feinstein amendment No. 1269,"June 12, 1995,  06:30 PM",Amendment Agreed to (91-0)
250,"Motion to table thurmond amendment No. 1265, as modified","June 13, 1995,  12:30 PM",Motion to Table Agreed to (57-43)
251,McCain Amendment No. 1276,"June 13, 1995,  04:05 PM",Amendment Rejected (18-82)
252,Motion to Table Bumpers Amendment No. 1348,"June 13, 1995,  04:50 PM",Motion to Table Agreed to (52-48)
253,Dorgan Amendment No.1278 as Modified,"June 13, 1995,  06:08 PM",Amendment Agreed to (51-48)
254,motion to table motion to reconsider vote no. 253,"June 13, 1995,  06:55 PM",Motion to Table Motion to Reconsider Rejected (48-52)
255,Dorgan amdt. no. 1278 upon reconsideration,"June 13, 1995,  07:18 PM",Amendment Rejected (47-52)
256,Motion to Table Conrad Amendment No. 1275,"June 13, 1995,  08:12 PM",Motion to Table Failed (26-73)
257,Simon Amendment No.1349,"June 13, 1995,  08:44 PM",Amendment Agreed to (100-0)
258,feinstein amdt no 1270,"June 14, 1995,  09:55 AM",Amendment Rejected (44-56)
259,cloture motion re: s. 652,"June 14, 1995,  10:23 AM","Cloture Motion Agreed to (89-11, 3/5 majority required)"
260,Motion to Table Kerrey Amendment No.1344,"June 14, 1995,  11:23 AM",Motion to Table Agreed to (55-45)
261,motion to table kerrey amdt no. 1307,"June 14, 1995,  02:31 PM",Motion to Table Agreed to (79-21)
262,"motion to table boxer amdt no 1340, as modified","June 14, 1995,  02:55 PM",Motion to Table Agreed to (60-38)
263,exon amdt no. 1362,"June 14, 1995,  05:00 PM",Amendment Agreed to (84-16)
264,mccain amdt no. 1285,"June 15, 1995,  12:16 PM",Amendment Agreed to (98-1)
265,Motion to Table Simon Amendment No. 1283 as modified,"June 15, 1995,  12:40 PM",Motion to Table Agreed to (64-34)
266,Motion to table Lieberman amendment No. 1298,"June 15, 1995,  12:59 PM",Motion to Table Agreed to (67-31)
267,Dole amendment No. 1341,"June 15, 1995,  04:42 PM",Amendment Agreed to (59-39)
268,"passage s. 652, as amended","June 15, 1995,  05:06 PM",Bill Passed (81-18)
269,reid amdt no. 1427,"June 20, 1995,  12:16 PM",Amendment Agreed to (51-49)
270,motion to table lautenberg amdt no. 1428,"June 20, 1995,  12:45 PM",Motion to Table Agreed to (64-36)
271,Smith Amendment No. 1437,"June 20, 1995,  05:36 PM",Amendment Rejected (44-53)
272,mccain amdt no. 1438,"June 20, 1995,  06:18 PM",Amendment Agreed to (75-21)
273,cloture motion re: dr. henry w. foster to be surgeon general,"June 21, 1995,  12:21 PM","Cloture Motion Rejected (57-43, 3/5 majority required)"
274,Motion to table Snowe amendment No. 1442,"June 21, 1995,  02:08 PM",Motion to Table Failed (36-64)
275,motion to table chafee amdt no. 1443,"June 21, 1995,  03:47 PM",Motion to Table Agreed to (60-39)
276,motion to table Roth amdt. no. 1444,"June 21, 1995,  07:49 PM",Motion to Table Failed (36-64)
277,Byrd amdt. no. 1446,"June 21, 1995,  08:11 PM",Amendment Agreed to (64-36)
278,dorgan amdt no. 1445,"June 21, 1995,  08:31 PM",Amendment Rejected (48-52)
279,motion to table motion to reconsider vote no. 278,"June 21, 1995,  08:46 PM",Motion to Table Motion to Reconsider Agreed to (51-41)
280,"Motion to invoke cloture Re: Henry W. Foster, Jr. nomination","June 22, 1995,  02:12 PM","Cloture Motion Rejected (57-43, 3/5 majority required)"
281,Motion to table motion to commit to Judiciary,"June 22, 1995,  08:31 PM",Motion to Table Motion to Reconsider Agreed to (69-19)
282,Shelby amendment No. 1468,"June 23, 1995,  10:55 AM",Amendment Rejected (30-56)
283,MOTION TO TABLE BRYAN AMDT NO. 1469,"June 26, 1995,  05:44 PM",Motion to Table Agreed to (52-41)
284,SARBANES AMDT NO. 1472,"June 26, 1995,  06:11 PM",Amendment Rejected (29-65)
285,Boxer Amendment No. 1473,"June 26, 1995,  06:30 PM",Amendment Agreed to (93-1)
286,bryan amdt no. 1474,"June 27, 1995,  10:23 AM",Amendment Rejected (39-60)
287,boxer amdt no. 1475,"June 27, 1995,  10:49 AM",Amendment Rejected (41-58)
288,sarbanes amdt no 1477,"June 27, 1995,  03:01 PM",Amendment Rejected (43-56)
289,motion to table sarbanes amdt no. 1478,"June 27, 1995,  05:12 PM",Motion to Table Agreed to (50-48)
290,Graham amdt. no. 1479,"June 27, 1995,  07:59 PM",Amendment Rejected (32-61)
291,motion to table specter amdt no. 1483,"June 28, 1995,  08:46 AM",Motion to Table Agreed to (57-38)
292,motion to table specter amdt no. 1484,"June 28, 1995,  09:16 AM",Motion to Table Agreed to (52-47)
293,Specter amdt. no. 1485,"June 28, 1995,  09:35 AM",Amendment Agreed to (57-42)
294,motion to table boxer amdt no. 1480,"June 28, 1995,  09:58 AM",Motion to Table Agreed to (56-42)
295,"h.r.1058, as amended","June 28, 1995,  10:45 AM",Bill Passed (69-30)
296,H.CON.RES.67 CONFERENCE REPORT,"June 29, 1995,  05:51 PM",Conference Report Agreed to (54-46)
297,Abraham Amendment No. 1490,"July 10, 1995,  05:21 PM",Amendment Agreed to (96-0)
298,Nunn Amendment No. 1491 as Modified,"July 10, 1995,  05:43 PM",Amendment Agreed to (60-36)
299,dole amdt no. 1493,"July 11, 1995,  05:32 PM",Amendment Agreed to (99-0)
300,Johnston Amendment No. 1497,"July 11, 1995,  06:50 PM",Amendment Agreed to (53-45)
301,Johnston Amendment No. 1504,"July 12, 1995,  06:01 PM",Amendment Agreed to (69-31)
302,Daschle Amendment No. 1505,"July 12, 1995,  06:24 PM",Amendment Rejected (49-51)
303,Motion to Table Kohl Amendment No. 1506,"July 12, 1995,  08:20 PM",Motion to Table Agreed to (50-48)
304,hatch amdt no 1531,"July 13, 1995,  05:05 PM",Amendment Agreed to (99-0)
305,Boxer amdt. no. 1532,"July 13, 1995,  05:30 PM",Amendment Agreed to (99-0)
306,Motion to Table Lautenberg Amendment No. 1535,"July 13, 1995,  09:01 PM",Motion to Table Agreed to (50-48)
307,motion to table kennedy amdt no. 1543,"July 14, 1995,  12:23 PM",Motion to Table Agreed to (58-39)
308,HUTCHISON AMDT NO. 1539 AS MODIFIED,"July 14, 1995,  02:50 PM",Amendment Agreed to (80-0)
309,Motion to Invoke Cloture Re: Dole Amendment No. 1487,"July 17, 1995,  06:03 PM","Cloture Motion Rejected (48-46, 3/5 majority required)"
310,glenn amdt no. 1581,"July 18, 1995,  02:16 PM",Amendment Rejected (48-52)
311,second cloture motion re: dole amdt no. 1487,"July 18, 1995,  02:37 PM","Cloture Motion Rejected (53-47, 3/5 majority required)"
312,byrd amdt no. 1802,"July 20, 1995,  10:43 AM",Amendment Agreed to (60-39)
313,motion to table feingold amdt no. 1803,"July 20, 1995,  02:31 PM",Motion to Table Failed (41-57)
314,Dole amdt. no. 1807,"July 20, 1995,  04:03 PM",Amendment Agreed to (91-8)
315,Third Cloture Motion RE: Dole Amendment No. 1487,"July 20, 1995,  06:38 PM","Cloture Motion Rejected (58-40, 3/5 majority required)"
316,Motion to Table Hollings Amendment No. 1808,"July 20, 1995,  07:00 PM",Motion to Table Agreed to (54-45)
317,Gramm amdt. no. 1825,"July 20, 1995,  10:03 PM",Amendment Rejected (36-61)
318,"Murray amdt. no. 1826, as modified","July 20, 1995,  10:28 PM",Amendment Agreed to (84-13)
319,MOTION TO TABLE DIVISION I OF THE WELLSTONE AMDT NO. 1833,"July 21, 1995,  11:11 AM",Motion to Table Agreed to (57-40)
320,MOTION TO TABLE DIVISION II OF THE WELLSTONE AMDT NO. 1833,"July 21, 1995,  11:42 AM",Motion to Table Agreed to (65-32)
321,H.R. 1944,"July 21, 1995,  11:57 AM",Bill Passed (90-7)
322,MOTION TO TABLE BINGAMAN AMDT NO. 1834,"July 21, 1995,  12:20 PM",Motion to Table Agreed to (77-18)
323,"H.R.1817, AS AMENDED","July 21, 1995,  12:40 PM",Bill Passed (84-10)
324,levin amdt no. 1843,"July 24, 1995,  06:03 PM",Amendment Agreed to (98-0)
325,craig amdt no. 1842 as further amended,"July 24, 1995,  07:03 PM",Amendment Agreed to (59-39)
326,"simpson amdt no. 1839, as amended","July 24, 1995,  07:33 PM",Amendment Agreed to (59-37)
327,Lautenberg Amendment No. 1846,"July 25, 1995,  12:01 PM",Amendment Agreed to (72-26)
328,S.1060 as amended,"July 25, 1995,  12:36 PM",Bill Passed (98-0)
329,Cohen Amendment No. 1851,"July 26, 1995,  02:02 PM",Amendment Agreed to (57-41)
330,Nunn Amendment No. 1848 as amended,"July 26, 1995,  02:26 PM",Amendment Agreed to (75-23)
331,"s.21, as amended","July 26, 1995,  02:41 PM",Bill Passed (69-29)
332,Helms Amendment No. 1853,"July 26, 1995,  04:41 PM",Amendment Agreed to (98-0)
333,helms amdt no 1854,"July 27, 1995,  10:14 AM",Amendment Agreed to (54-45)
334,helms amdt no. 1855,"July 27, 1995,  10:40 AM",Amendment Rejected (32-67)
335,Helms Amendment No. 1856,"July 27, 1995,  10:54 AM",Amendment Agreed to (99-0)
336,Helms amdt. no. 1857,"July 27, 1995,  11:49 AM",Amendment Rejected (15-84)
337,Kassebaum Amendment No. 1858,"July 27, 1995,  12:10 PM",Amendment Agreed to (76-23)
338,"s. 641, as amended","July 27, 1995,  12:27 PM",Bill Passed (97-3)
339,Murkowski Amendment No. 1874,"July 28, 1995,  09:14 AM",Amendment Rejected (39-60)
340,Lott amdt. no. 1875,"July 28, 1995,  09:52 AM",Amendment Agreed to (54-46)
341,Byrd Amendment No. 1878,"July 28, 1995,  10:54 AM",Amendment Agreed to (75-23)
342,S.res.158,"July 28, 1995,  11:32 AM",Resolution Agreed to (98-0)
343,Helms Amendment No. 2026 as Modified,"July 31, 1995,  06:47 PM",Amendment Agreed to (94-2)
344,"motion to table kennedy amdt no. 1977, as modified","July 31, 1995,  07:13 PM",Motion to Table Agreed to (49-48)
345,Motion to Invoke Cloture on S.908,"August 1, 1995,  10:01 AM","Cloture Motion Rejected (55-45, 3/5 majority required)"
346,Second motion to invoke cloture on S. 908,"August 1, 1995,  02:15 PM","Cloture Motion Rejected (55-45, 3/5 majority required)"
347,bumpers amdt no. 2055,"August 1, 1995,  05:00 PM",Amendment Agreed to (62-38)
348,DORGAN AMDT NO. 2057,"August 1, 1995,  06:07 PM",Amendment Agreed to (83-14)
349,motion to table grams amdt no. 2058,"August 1, 1995,  06:49 PM",Motion to Table Agreed to (60-38)
350,Nunn Amendment No. 2078 as Modified,"August 2, 1995,  12:22 PM",Amendment Agreed to (98-1)
351,Kyl Amendment No. 2077 as amended,"August 2, 1995,  12:46 PM",Amendment Agreed to (94-5)
352,Boxer amdt. no. 2079,"August 2, 1995,  05:57 PM",Amendment Rejected (48-52)
353,McConnell Amendment No. 2080,"August 2, 1995,  06:19 PM",Amendment Agreed to (62-38)
354,motion to table dorgan amdt no 2087,"August 3, 1995,  10:42 AM",Motion to Table Agreed to (51-48)
355,Motion to Table Levin Amendment No. 2088,"August 3, 1995,  05:21 PM",Motion to Table Agreed to (51-49)
356,mccain amdt. no. 2090,"August 3, 1995,  08:10 PM",Amendment Rejected (30-70)
357,Bumpers Amendment No. 2094,"August 3, 1995,  09:20 PM",Amendment Rejected (41-58)
358,Cohen Amendment No. 2089,"August 3, 1995,  10:29 PM",Amendment Agreed to (69-26)
359,Motion to Table Exon Amendment No. 2112,"August 4, 1995,  12:45 PM",Motion to Table Agreed to (56-44)
360,MOTION TO TABLE REID AMDT NO. 2113,"August 4, 1995,  01:08 PM",Motion to Table Agreed to (57-43)
361,Motion to Waive C.B.A. Re: Bumpers Amendment No. 2115,"August 4, 1995,  02:33 PM","Motion Rejected (37-63, 3/5 majority required)"
362,Motion to Table McCain Amendment No. 2116,"August 4, 1995,  03:34 PM",Motion to Table Agreed to (80-20)
363,BOXER AMDT NO. 2117,"August 4, 1995,  03:56 PM",Amendment Agreed to (97-3)
364,Morion to Table Kohl Amendment No. 2119,"August 4, 1995,  05:47 PM",Motion to Table Agreed to (51-46)
365,Motion to Table Harkin Amendment No. 2121,"August 4, 1995,  08:40 PM",Motion to Table Agreed to (70-26)
366,Motion to Table Levin Amendment No. 2122,"August 4, 1995,  09:09 PM",Motion to Table Agreed to (53-43)
367,Motion to Table Glenn Amendment No. 2123,"August 4, 1995,  09:30 PM",Motion to Table Agreed to (52-44)
368,Leahy Amendment No. 2124,"August 4, 1995,  10:07 PM",Amendment Agreed to (67-27)
369,"Committee Amendment, Page 76,Lines 10 through 17, to H.R.2020","August 5, 1995,  12:17 PM",Amendment Agreed to (52-41)
370,"Nickles Amendment No. 2153 to Committee Amendment on P.2,L14","August 5, 1995,  02:29 PM",Amendment Agreed to (50-44)
371,mikulski amdt no. 2227,"August 5, 1995,  03:02 PM",Amendment Rejected (45-49)
372,"Motion to Table the Committee Amdt. on Page 128, Lines 16-21","August 8, 1995,  07:14 PM",Motion to Table Failed (46-51)
373,motion to tableCraig amdt. no. 2294,"August 8, 1995,  08:13 PM",Motion to Table Failed (46-53)
374,domenici amdt no. 2296,"August 9, 1995,  09:37 AM",Amendment Rejected (36-61)
375,motion to table Simon amdt. no. 2306,"August 9, 1995,  01:17 PM",Motion to Table Agreed to (50-47)
376,motion to table helms amdt no. 2309 as modified,"August 9, 1995,  03:49 PM",Motion to Table Agreed to (50-48)
377,motion to table bingaman amdt o. 2310,"August 9, 1995,  04:17 PM",Motion to Table Agreed to (68-30)
378,h.r.1977 as amended,"August 9, 1995,  05:13 PM",Bill Passed (92-6)
379,motion to table specter amdt no. 2328,"August 9, 1995,  07:09 PM",Motion to Table Agreed to (68-30)
380,Motion to Table Harkin Amendment No. 2329,"August 9, 1995,  07:58 PM",Motion to Table Agreed to (63-33)
381,Motion to Table Roth Amendment No. 2340,"August 10, 1995,  09:19 AM",Motion to Table Agreed to (59-40)
382,Motion to Table Pressler Amendment No.2345 as Modified,"August 10, 1995,  09:56 AM",Motion to Table Agreed to (56-43)
383,H.R.2002 As Amended,"August 10, 1995,  10:33 AM",Bill Passed (98-1)
384,Dorgan Amendment No. 2377,"August 10, 1995,  05:41 PM",Amendment Rejected (45-54)
385,motion to table Bingaman amdt. no. 2390,"August 10, 1995,  06:08 PM",Motion to Table Agreed to (73-26)
386,Motion to Table Bingaman Amendment No.2392,"August 10, 1995,  06:34 PM",Motion to Table Agreed to (62-37)
387,Motion to Table Bingaman Amendment No.2394,"August 10, 1995,  06:48 PM",Motion to Table Agreed to (62-37)
388,motion to table bumpers amdt no. 2395 as modified,"August 10, 1995,  07:16 PM",Motion to Table Agreed to (53-46)
389,Motion to Table Wellstone Amendment No. 2404,"August 10, 1995,  09:30 PM",Motion to Table Agreed to (56-42)
390,Motion to Table Bingaman Amendment No. 2403,"August 10, 1995,  09:55 PM",Motion to Table Agreed to (59-39)
391,motion to table harkin amdt no. 2401,"August 10, 1995,  10:10 PM",Motion to Table Agreed to (57-41)
392,Motion to Table Harkin Amendment No.2402,"August 10, 1995,  10:27 PM",Motion to Table Agreed to (57-41)
393,Motion to Table Bumpers Amendment No.2398,"August 11, 1995,  09:28 AM",Motion to Table Agreed to (67-31)
394,Motion to Table Harkin Amendment No.2400,"August 11, 1995,  10:12 AM",Motion to Table Agreed to (64-35)
395,Motion to Table Kerry Motion to Recommit,"August 11, 1995,  10:27 AM",Motion to Table Agreed to (60-38)
396,Nomination-Lawrence H. Summers Deputy Secretary of Treasury,"August 11, 1995,  10:52 AM",Nomination Confirmed (74-21)
397,"S. 1087, as amended","September 5, 1995,  05:30 PM",Bill Passed (62-35)
398,Nunn amdt. no. 2425,"September 6, 1995,  09:34 AM",Amendment Agreed to (85-13)
399,"H.R. 1530, as amended","September 6, 1995,  10:04 AM",Bill Passed (64-34)
400,"Daschle Amendment No. 2282, As Modified","September 7, 1995,  04:00 PM",Amendment Rejected (45-54)
401,Brown amdt. no. 2465,"September 8, 1995,  09:42 AM",Amendment Agreed to (92-6)
402,Santorum amdt. no. 2477,"September 8, 1995,  10:04 AM",Amendment Agreed to (91-6)
403,Moynihan Amendment No. 2466,"September 8, 1995,  12:04 PM",Amendment Rejected (41-56)
404,Brown Amendment No. 2508,"September 8, 1995,  12:55 PM",Amendment Agreed to (87-5)
405,Boxer Amendment No. 2482 as Modified,"September 8, 1995,  01:23 PM",Amendment Agreed to (91-0)
406,Motion to Table Dodd Amendment No. 2560,"September 11, 1995,  05:21 PM",Motion to Table Agreed to (50-48)
407,Kassebaum Amendment No. 2522,"September 11, 1995,  05:52 PM",Amendment Agreed to (76-22)
408,Helms Amendment No. 2523,"September 11, 1995,  06:11 PM",Amendment Rejected (32-66)
409,Conrad Amendment No. 2529,"September 12, 1995,  09:21 AM",Amendment Rejected (44-54)
410,Feinstein Amendment No. 2469,"September 12, 1995,  09:53 AM",Amendment Rejected (40-59)
411,motion to table breaux amdt no. 2488,"September 12, 1995,  02:19 PM",Motion to Table Agreed to (50-49)
412,ashcroft amdt no 2562,"September 12, 1995,  03:45 PM",Amendment Rejected (36-64)
413,Moseley-Braun amdt. no. 2471,"September 13, 1995,  09:13 AM",Amendment Rejected (42-58)
414,moseley-braun amdt. no. 2472,"September 13, 1995,  09:45 AM",Amendment Rejected (40-60)
415,graham amdt no. 2565,"September 13, 1995,  10:26 AM",Amendment Rejected (34-66)
416,domenici amdt no. 2575 as modified,"September 13, 1995,  11:07 AM",Amendment Agreed to (66-34)
417,Daschle amdt. no. 2671,"September 13, 1995,  11:36 AM",Amendment Rejected (38-62)
418,Mikulski Amendment No. 2668,"September 13, 1995,  12:09 PM",Amendment Agreed to (55-45)
419,FAIRCLOTH AMDT NO. 2603,"September 13, 1995,  04:01 PM",Amendment Rejected (24-76)
420,BOXER AMDT NO. 2592,"September 13, 1995,  04:25 PM",Amendment Agreed to (100-0)
421,COHEN AMDT NO. 2586 DIVISION II,"September 13, 1995,  05:50 PM",Amendment Agreed to (59-41)
422,Faircloth Amendment No. 2609,"September 14, 1995,  10:48 AM",Amendment Rejected (17-83)
423,Jeffords Amendment No. 2581,"September 14, 1995,  11:33 AM",Amendment Rejected (37-63)
424,Exon Amendment No. 2525 as Modified,"September 14, 1995,  12:17 PM",Amendment Agreed to (94-6)
425,Shelby Amendment No. 2526,"September 14, 1995,  08:50 PM",Amendment Agreed to (93-5)
426,Mikulski Amendment No. 2669,"September 14, 1995,  09:16 PM",Amendment Rejected (34-64)
427,Feinstein Amendment No. 2478,"September 14, 1995,  09:36 PM",Amendment Rejected (37-61)
428,Feinstein Amendment No. 2513,"September 14, 1995,  09:53 PM",Amendment Rejected (20-78)
429,bingaman amdt no. 2484 as modified,"September 15, 1995,  10:00 AM",Amendment Rejected (41-58)
430,simon amdt no 2468 as modified,"September 15, 1995,  10:26 AM",Amendment Rejected (37-63)
431,wellstone amdt no. 2505,"September 15, 1995,  10:41 AM",Amendment Rejected (49-51)
432,kohl amdt no 2550,"September 15, 1995,  11:04 AM",Amendment Rejected (47-53)
433,Simon Amendment No. 2509,"September 15, 1995,  11:37 AM",Amendment Rejected (35-64)
434,Graham Amendment No. 2568,"September 15, 1995,  12:08 PM",Amendment Rejected (23-76)
435,Motion to Table Gramm Amendment No. 2617 As Modified,"September 15, 1995,  12:41 PM",Motion to Table Agreed to (51-47)
436,Motion to Table Gramm Amendment No. 2615,"September 15, 1995,  01:11 PM",Motion to Table Failed (49-49)
437,Motion to Strike Bradley Amendment No. 2496,"September 15, 1995,  01:57 PM",Motion Agreed to (50-44)
438,Daschle Amendment No. 2682,"September 15, 1995,  02:17 PM",Amendment Rejected (44-48)
439,MOTION TO TABLE KERREY AMDT NO. 2686,"September 18, 1995,  06:22 PM",Motion to Table Failed (37-53)
440,Motion to Table Bryan Amendment No. 2691,"September 19, 1995,  09:50 AM",Motion to Table Agreed to (58-42)
441,GRAMM AMDT NO. 2615,"September 19, 1995,  02:16 PM",Amendment Agreed to (50-49)
442,dole amdt no 2683 as modified,"September 19, 1995,  02:43 PM",Amendment Agreed to (87-12)
443,H.R. 4 As Amended,"September 19, 1995,  04:04 PM",Bill Passed (87-12)
444,"Motion to Table Committee Amendment on page 83, line 4","September 19, 1995,  04:37 PM",Motion to Table Failed (38-61)
445,motion to table kerry amdt no. 2695,"September 19, 1995,  06:58 PM",Motion to Table Failed (18-78)
446,MOTION TO TABLE STEVENS AMDT NO 2696,"September 19, 1995,  08:38 PM",Motion to Table Failed (42-51)
447,Motion to Table Feingold Amendment No. 2697,"September 20, 1995,  12:05 PM",Motion to Table Agreed to (64-34)
448,Conrad Amendment No. 2698 As Modified,"September 20, 1995,  12:37 PM",Amendment Rejected (34-64)
449,Motion to Table Bumpers Amendment No. 2699,"September 20, 1995,  12:57 PM",Motion to Table Failed (36-62)
450,H.R. 1976 As Amended,"September 20, 1995,  01:13 PM",Bill Passed (95-3)
451,Motion to Table D'amato Amendment No. 2709,"September 20, 1995,  02:17 PM",Motion to Table Agreed to (60-36)
452,Motion to Table Brown Amendment No. 2708,"September 20, 1995,  04:10 PM",Motion to Table Failed (37-61)
453,Smith Amendment No. 2723,"September 20, 1995,  07:03 PM",Amendment Rejected (39-58)
454,brown amdt no. 2708,"September 21, 1995,  11:06 AM",Amendment Agreed to (55-45)
455,Motion to Table Harkin Amendment No. 2725,"September 21, 1995,  12:53 PM",Motion to Table Agreed to (76-24)
456,Helms Amendment No. 2730,"September 21, 1995,  06:30 PM",Amendment Rejected (43-57)
457,Motion to Table Helms Amendment No. 2707,"September 21, 1995,  07:10 PM",Motion to Table Failed (43-57)
458,H.R. 1868 as Amended,"September 21, 1995,  07:39 PM",Bill Passed (91-9)
459,"h.r.1817, conference report","September 22, 1995,  10:20 AM",Conference Report Agreed to (86-14)
460,Motion to Table Dorgan Amendment No. 2770,"September 22, 1995,  12:17 PM",Motion to Table Agreed to (54-43)
461,H.R. 1854 Conference Report,"September 22, 1995,  12:40 PM",Conference Report Agreed to (94-4)
462,"Byrd amdt. no. 2768, as amended","September 22, 1995,  01:05 PM",Amendment Agreed to (88-10)
463,bumpers amdt no. 2776,"September 26, 1995,  02:20 PM",Amendment Rejected (35-64)
464,mikulski amdt. 2781,"September 26, 1995,  05:17 PM",Amendment Rejected (47-52)
465,Motion to waive the CBA,"September 27, 1995,  09:20 AM","Motion Rejected (47-53, 3/5 majority required)"
466,Motion to waive the CBA re: amdt. no. 2785,"September 27, 1995,  09:51 AM","Motion Rejected (51-49, 3/5 majority required)"
467,baucus amdt. no. 2786,"September 27, 1995,  10:11 AM",Amendment Rejected (39-61)
468,motion to table sarbanes amdt no. 2782,"September 27, 1995,  10:42 AM",Motion to Table Agreed to (52-48)
469,motion to waive the budget act re: lautenberg amdt no. 2788,"September 27, 1995,  01:01 PM","Motion Rejected (45-54, 3/5 majority required)"
470,"h.r.2099,as amended","September 27, 1995,  02:26 PM",Bill Passed (55-45)
471,motion to proceed to consider h.r.2127 per 9-27-95 uc requiring 60,"September 28, 1995,  10:04 AM","Motion to Proceed Rejected (54-46, 3/5 majority required)"
472,motion to proceed to consider h.r.2127 per 9-27-95 uc requiring 60,"September 28, 1995,  11:22 AM","Motion to Proceed Rejected (54-46, 3/5 majority required)"
473,motion to recommit nomination of James L. Dennis to Judiciary Comm,"September 28, 1995,  03:04 PM",Motion to Recommit Rejected (46-54)
474,biden amdt no. 2815,"September 29, 1995,  10:00 AM",Amendment Agreed to (99-0)
475,"mccain amdt no 2816, as modified","September 29, 1995,  10:30 AM",Amendment Agreed to (98-0)
476,motion to table domenici amdt no. 2819,"September 29, 1995,  03:02 PM",Motion to Table Failed (39-60)
477,Motion to Table Kerrey Amendment No. 2817 As Modified,"September 29, 1995,  04:25 PM",Motion to Table Failed (33-64)
478,Motion to Table Specter Amendment No. 2841,"September 29, 1995,  06:06 PM",Motion to Table Agreed to (52-44)
479,Gregg Amendment No. 2842,"September 29, 1995,  06:34 PM",Amendment Agreed to (94-2)
480,Kohl Amendment N. 2843,"September 29, 1995,  07:23 PM",Amendment Agreed to (49-41)
