,title,vote_date,vote_result
0,"Nomination Luis Felipe Restrepo, of Pennsylvania, to be U.S. Circuit Judge for the Third Circuit","January 11, 2016,  05:32 PM",Nomination Confirmed (82-6)
1,"Nomination Luis Felipe Restrepo, of Pennsylvania, to be U.S. Circuit Judge for the Third Circuit","January 11, 2016,  05:32 PM",Nomination Confirmed (82-6)
2,Motion to Invoke Cloture on the Motion to Proceed to S. 2232,"January 12, 2016,  02:31 PM","Cloture on the Motion to Proceed Rejected (53-44, 3/5 majority required)"
3,"Confirmation Wilhelmina Marie Wright, of Minnesota, to be U.S. District Judge","January 19, 2016,  05:29 PM",Nomination Confirmed (58-36)
4,Motion to Invoke Cloture on the Motion to Proceed to H.R. 4038 ,"January 20, 2016,  02:54 PM","Cloture Motion Rejected (55-43, 3/5 majority required)"
5,Motion to Invoke Cloture on the Veto Message to Accompany S.J. Res. 22,"January 21, 2016,  10:29 AM","Cloture Motion Rejected (52-40, 3/5 majority required)"
6,"Confirmation John Michael Vazquez, of New Jersey, to be U.S. District Judge for the District of New Jersey","January 27, 2016,  05:30 PM",Nomination Confirmed (84-2)
7,Crapo Amdt. No. 3021,"January 28, 2016,  11:59 PM",Amendment Agreed to (87-4)
8,Markey Amdt. No. 2982,"January 28, 2016,  12:28 PM",Amendment Agreed to (62-29)
9,Schatz Amdt. No. 2965,"January 28, 2016,  01:46 PM",Amendment Agreed to (55-37)
10,Lee Amdt. No. 3023,"February 2, 2016,  02:33 PM","Amendment Rejected (47-48, 3/5 majority required)"
11,Franken Amdt. No. 3115,"February 2, 2016,  02:59 PM","Amendment Rejected (43-52, 3/5 majority required)"
12,Barrasso Amdt. No. 3030,"February 2, 2016,  03:21 PM","Amendment Rejected (52-43, 3/5 majority required)"
13,Sullivan Amdt. No. 2996,"February 2, 2016,  03:41 PM","Amendment Rejected (49-46, 3/5 majority required)"
14,Schatz Amdt. No. 3176,"February 2, 2016,  04:01 PM","Amendment Rejected (45-50, 3/5 majority required)"
15,Whitehouse Amdt. No. 3125,"February 2, 2016,  04:23 PM","Amendment Rejected (43-52, 3/5 majority required)"
16,Motion to Invoke Cloture on Murkowski Amdt No. 2953,"February 4, 2016,  11:32 AM","Cloture Motion Rejected (46-50, 3/5 majority required)"
17,Motion to Invoke Cloture on S. 2012,"February 4, 2016,  12:05 PM","Cloture Motion Rejected (43-54, 3/5 majority required)"
18,"Confirmation Rebecca Goodgame Ebinger, of Iowa, to be U.S. District Judge for the Southern District of Iowa","February 8, 2016,  05:31 PM",Nomination Confirmed (83-0)
19,"Confirmation Scot Alan Marciel, of California, to be Ambassador to the Union of Burma","February 9, 2016,  02:18 PM",Nomination Confirmed (90-0)
20,H.R. 757 As Amended,"February 10, 2016,  05:11 PM",Bill Passed (96-0)
21,Motion to Invoke Cloture on the Conference Report to Accompany H.R. 644,"February 11, 2016,  10:35 AM","Cloture Motion Agreed to (73-22, 3/5 majority required)"
22,Conference Report to Accompany H.R. 644,"February 11, 2016,  12:04 PM",Conference Report Agreed to (75-20)
23,"Confirmation Leonard Terry Strand, of South Dakota, to be U.S. District Judge for the Northern District of Iowa","February 11, 2016,  01:43 PM",Nomination Confirmed (93-0)
24,Motion to Invoke Cloture on the Nomination of Robert McKinnon Califf to be Commissioner of Food and Drugs,"February 22, 2016,  05:41 PM",Cloture Motion Agreed to (80-6)
25,"Confirmation Robert McKinnon Califf, of South Carolina, to be Commissioner of Food and Drugs","February 24, 2016,  12:03 PM",Nomination Confirmed (89-4)
26,S. Res. 374,"February 25, 2016,  01:45 PM",Resolution Agreed to (93-0)
27,Motion to Invoke Cloture on the Motion to Proceed to S. 524,"February 29, 2016,  05:31 PM","Cloture on the Motion to Proceed Agreed to (89-0, 3/5 majority required)"
28,Feinstein Amdt. No. 3362,"March 2, 2016,  02:34 PM","Amendment Agreed to (94-0, 3/5 majority required)"
29,Motion to Waive All Applicable Budgetary Discipline Re: Wyden Amdt. No. 3395,"March 2, 2016,  03:05 PM","Motion Rejected (46-50, 3/5 majority required)"
30,Motion to Waive All Applicable Budgetary Discipline Re: Shaheen Amdt. No. 3345,"March 2, 2016,  03:26 PM","Motion Rejected (48-47, 3/5 majority required)"
31,Manchin Amdt. No. 3420,"March 3, 2016,  01:46 PM",Amendment Agreed to (90-0)
32,Motion to Invoke Cloture on Amdt. No. 3378 to S. 524,"March 7, 2016,  05:35 PM","Cloture Motion Agreed to (86-3, 3/5 majority required)"
33,Motion to Invoke Cloture on S. 524,"March 9, 2016,  12:02 PM","Cloture Motion Agreed to (93-3, 3/5 majority required)"
34,S. 524 As Amended,"March 10, 2016,  11:30 AM",Bill Passed (94-1)
35,Motion to Table the Motion to Discharge S.J. Res. 31,"March 10, 2016,  01:41 PM",Motion to Table Agreed to (71-24)
36,"Confirmation John B. King, of New York, to be Secretary of Education","March 14, 2016,  05:34 PM",Nomination Confirmed (49-40)
37,Motion to Invoke Cloture on the Motion to Concur in the House Amendment with an Amendment,"March 16, 2016,  11:50 AM","Cloture Motion Rejected (48-49, 3/5 majority required)"
38,S. Res. 377,"March 17, 2016,  01:43 PM",Resolution Agreed to (96-0)
39,S. 1890 As Amended,"April 4, 2016,  05:34 PM",Bill Passed (87-0)
40,Motion to Invoke Cloture on the Motion to Proceed to H.R. 636,"April 6, 2016,  11:01 AM","Cloture on the Motion to Proceed Agreed to (98-0, 3/5 majority required)"
41,Thune Amdt. No. 3512 As Modified,"April 7, 2016,  12:07 PM",Amendment Agreed to (85-10)
42,Heinrich Amdt. No. 3482 As Modified,"April 7, 2016,  12:38 PM",Amendment Agreed to (91-5)
43,Schumer Amdt. No. 3483,"April 7, 2016,  01:44 PM",Amendment Rejected (42-54)
44,"Confirmation Waverly D. Crenshaw, Jr., of Tennessee, to be U.S. District Judge for the Middle District of Tennessee","April 11, 2016,  05:31 PM",Nomination Confirmed (92-0)
45,Motion to Invoke Cloture on Amdt. No. 3679,"April 14, 2016,  10:31 AM","Cloture Motion Agreed to (94-4, 3/5 majority required)"
46,Motion to Invoke Cloture on H.R. 636,"April 18, 2016,  05:30 PM","Cloture Motion Agreed to (89-5, 3/5 majority required)"
47,H.R. 636 As Amended,"April 19, 2016,  12:12 PM",Bill Passed (95-3)
48,Murkowski Amdt. No. 3234 As Modified,"April 19, 2016,  04:17 PM","Amendment Agreed to (97-0, 3/5 majority required)"
49,Isakson Amdt. No. 3202,"April 19, 2016,  04:48 PM","Amendment Agreed to (66-31, 3/5 majority required)"
50,Lankford Amdt. No. 3210,"April 19, 2016,  05:12 PM","Amendment Rejected (34-63, 3/5 majority required)"
51,Boozman Amdt. No. 3311,"April 19, 2016,  05:31 PM","Amendment Rejected (42-55, 3/5 majority required)"
52,Udall Amdt. No. 3312,"April 19, 2016,  05:48 PM","Amendment Rejected (50-47, 3/5 majority required)"
53,Motion to Waive All Applicable Budgetary Discipline Re: Paul Amdt. No. 3787,"April 19, 2016,  06:07 PM","Motion Rejected (33-64, 3/5 majority required)"
54,"S. 2012, As Amended","April 20, 2016,  10:01 AM",Bill Passed (85-12)
55,Schatz Amdt. No. 3802,"April 20, 2016,  04:54 PM",Amendment Agreed to (70-26)
56,Ernst Amdt. No. 3803,"April 20, 2016,  05:26 PM",Amendment Rejected (25-71)
57,Hoeven Amdt. No. 3811,"April 21, 2016,  11:50 AM","Amendment Rejected (56-42, 3/5 majority required)"
58,Coats Amdt. No. 3814,"April 21, 2016,  12:18 PM","Amendment Rejected (48-49, 3/5 majority required)"
59,Franken Amdt. No. 3833,"April 21, 2016,  01:44 PM",Amendment Agreed to (76-19)
60,Murray Amdt. No. 3813,"April 25, 2016,  05:30 PM",Amendment Agreed to (55-38)
61,Merkley Amdt. No. 3812,"April 26, 2016,  11:04 AM",Amendment Agreed to (54-42)
62,Reid Amdt. No. 3805,"April 26, 2016,  11:33 AM",Amendment Agreed to (73-23)
63,Flake Amdt. No. 3820,"April 26, 2016,  11:56 AM",Amendment Rejected (12-84)
64,Motion to Invoke Cloture Re: Alexander Amdt. No. 3801,"April 27, 2016,  12:11 PM","Cloture Motion Rejected (50-46, 3/5 majority required)"
65," Motion to Invoke Cloture Re: Alexander Amdt. No. 3801, Upon Reconsideration","April 28, 2016,  01:47 PM","Cloture Motion Rejected (52-43, 3/5 majority required)"
66,Motion to Invoke Cloture on Amdt. No. 3801 to H.R. 2028,"May 9, 2016,  05:31 PM","Cloture Motion Rejected (50-42, 3/5 majority required)"
67,Motion to Invoke Cloture on Amdt. No. 3878 to Amdt. No. 3801 to H.R. 2028,"May 11, 2016,  10:36 AM","Cloture Motion Rejected (57-42, 3/5 majority required)"
68,Motion to Invoke Cloture on Amdt. No. 3801 to H.R. 2028,"May 11, 2016,  12:07 PM","Cloture Motion Agreed to (97-2, 3/5 majority required)"
69,Cardin Amdt. No. 3871,"May 11, 2016,  04:30 PM","Amendment Rejected (39-60, 3/5 majority required)"
70,Fischer Amdt. No. 3888,"May 11, 2016,  05:00 PM","Amendment Rejected (51-48, 3/5 majority required)"
71,H.R. 2028 As Amended,"May 12, 2016,  01:46 PM",Bill Passed (90-8)
72,"Confirmation Paula Xinis, of Maryland, to be U.S. District Judge","May 16, 2016,  05:30 PM",Nomination Confirmed (53-34)
73,Motion to Invoke Cloture on Nelson Amdt. No. 3898,"May 17, 2016,  02:29 PM","Cloture Motion Rejected (50-47, 3/5 majority required)"
74,Motion to Invoke Cloture on Cornyn Amdt. No. 3899,"May 17, 2016,  02:55 PM","Cloture Motion Rejected (52-45, 3/5 majority required)"
75,Motion to Invoke Cloture on Blunt Amdt. No. 3900,"May 17, 2016,  03:18 PM","Cloture Motion Agreed to (68-29, 3/5 majority required)"
76,Motion to Waive All Applicable Budgetary Discipline Re: Amdt. No. 3900 As Modified,"May 19, 2016,  11:17 AM","Motion Agreed to (70-28, 3/5 majority required)"
77,Blunt Amdt. No. 3900 As Modified and Amended,"May 19, 2016,  11:50 AM",Amendment Agreed to (68-30)
78,Motion to Invoke Cloture on Amdt. No. 3896 to H.R. 2577,"May 19, 2016,  12:13 PM","Cloture Motion Agreed to (88-10, 3/5 majority required)"
79,Motion to Waive All Applicable Budgetary Discipline Re: McCain Amdt. No. 4039,"May 19, 2016,  12:38 PM","Motion Agreed to (84-14, 3/5 majority required)"
80,Collins Amdt. No. 3970,"May 19, 2016,  01:50 PM",Amendment Agreed to (87-9)
81,Motion to Table Lee Amdt. No. 3897,"May 19, 2016,  02:21 PM",Motion to Table Agreed to (60-37)
82,H.R. 2577 As Amended,"May 19, 2016,  02:41 PM",Bill Passed (89-8)
83,S. 2613 As Amended,"May 23, 2016,  05:40 PM",Bill Passed (89-0)
84,H.J. Res. 88,"May 24, 2016,  04:47 PM",Joint Resolution Passed (56-41)
85,Motion to Proceed Re: S.J. Res. 28,"May 24, 2016,  05:16 PM",Motion to Proceed Agreed to (57-40)
86,S.J. Res. 28,"May 25, 2016,  11:01 AM",Joint Resolution Passed (55-43)
87,Motion to Invoke Cloture on the Motion to Proceed to S. 2943,"May 25, 2016,  11:30 AM","Cloture on the Motion to Proceed Agreed to (98-0, 3/5 majority required)"
88,"Confirmation Laura S. H. Holgate, of Virginia, to be Representative to the International Atomic Energy Agency","May 26, 2016,  01:46 PM",Nomination Confirmed (67-29)
89,Fischer Amdt. No. 4206,"June 6, 2016,  05:30 PM",Amendment Agreed to (91-0)
90,Durbin Amdt. No. 4369,"June 7, 2016,  03:59 PM",Amendment Agreed to (66-32)
91,Inhofe Amdt. No. 4204,"June 7, 2016,  04:36 PM",Amendment Agreed to (70-28)
92,"Motion to Invoke Cloture Re: Compound Motion to Disagree to the House Amdt. to Senate Amdt., Agree to Request to Conference, and Authorize Presiding Officer to Appoint Conferees to H.R. 2577","June 8, 2016,  07:37 PM","Cloture Motion Agreed to (93-2, 3/5 majority required)"
93,Nelson Motion to Instruct Conferees (Ebola/Zika Funding) Re: H.R. 2577,"June 8, 2016,  08:13 PM","Motion Rejected (46-49, 3/5 majority required)"
94,Sullivan Motion to Instruct Conferees Re: H.R. 2577,"June 8, 2016,  08:38 PM","Motion Rejected (56-38, 3/5 majority required)"
95,Motion to Invoke Cloture on Reed Amdt. No. 4549,"June 9, 2016,  11:16 AM","Cloture Motion Rejected (43-55, 3/5 majority required)"
96,Motion to Invoke Cloture on McCain Amdt. No. 4229,"June 9, 2016,  11:53 AM","Cloture Motion Rejected (56-42, 3/5 majority required)"
97,Motion to Invoke Cloture on S. 2943,"June 10, 2016,  09:02 AM","Cloture Motion Agreed to (68-23, 3/5 majority required)"
98,S. 2943 As Amended,"June 14, 2016,  11:04 AM",Bill Passed (85-13)
99,Motion to Invoke Cloture on the Motion to Proceed to H.R. 2578,"June 14, 2016,  02:41 PM","Cloture on the Motion to Proceed Agreed to (94-3, 3/5 majority required)"
100,"Motion to Invoke Cloture on the Motion to Disagree to the House Amendments, Agree to the Request for Conference, and the Presiding Officer Appoint Conferees to S. 524","June 16, 2016,  01:49 PM","Cloture Motion Agreed to (95-1, 3/5 majority required)"
101,Shaheen Motion to Instruct Conferees to S. 524,"June 16, 2016,  02:19 PM",Motion Agreed to (66-29)
102,Whitehouse Motion to Instruct Conferees to S. 524,"June 16, 2016,  02:39 PM",Motion Agreed to (70-24)
103,Motion to Invoke Cloture on Amdt. No. 4751,"June 20, 2016,  05:36 PM","Cloture Motion Rejected (53-47, 3/5 majority required)"
104,Motion to Invoke Cloture on the Motion to Commit H.R. 2578 with instructions (Amdt. No. 4750),"June 20, 2016,  06:03 PM","Cloture Motion Rejected (44-56, 3/5 majority required)"
105,Motion to Invoke Cloture on Amdt. No. 4749,"June 20, 2016,  06:21 PM","Cloture Motion Rejected (53-47, 3/5 majority required)"
106,Motion to Invoke Cloture on Amdt. No. 4720,"June 20, 2016,  06:37 PM","Cloture Motion Rejected (47-53, 3/5 majority required)"
107,Motion to Table the Motion to Commit with Instructions,"June 20, 2016,  06:53 PM",Motion to Table Agreed to (56-42)
108,Motion to Invoke Cloture on Amdt. No. 4787,"June 22, 2016,  10:31 AM","Cloture Motion Rejected (58-38, 3/5 majority required)"
109,Motion to Table the Motion to Commit H.R. 2578 with Instructions (Amdt. No. 4858),"June 23, 2016,  02:01 PM",Motion to Table Failed (46-52)
110,Motion to Table Johnson Amdt. No. 4859,"June 23, 2016,  02:27 PM",Motion to Table Agreed to (67-31)
111,"Confirmation Robert F. Rossiter, Jr., of Nebraska, to be U.S. District Judge for the District of Nebraska","June 27, 2016,  05:32 PM",Nomination Confirmed (90-0)
112,Motion to Invoke Cloture on the Conference Report to Accompany H.R. 2577,"June 28, 2016,  11:03 AM","Cloture Motion Rejected (52-48, 3/5 majority required)"
113,Motion to Invoke Cloture on the Motion to Concur in the House Amendment to S. 2328,"June 29, 2016,  10:31 AM","Cloture Motion Agreed to (68-32, 3/5 majority required)"
114,Motion to Table the Motion to Concur in the House Amendment with Amendment No. 4865 to S. 2328,"June 29, 2016,  06:12 PM",Motion to Table Failed (44-54)
115,Motion to Waive All Applicable Budgetary Discipline Re: the Motion to Concur in the House Amdt. to S. 2328,"June 29, 2016,  06:43 PM","Motion Agreed to (85-13, 3/5 majority required)"
116,Motion to Concur in the House Amendment to S. 2328,"June 29, 2016,  07:03 PM",Motion Agreed to (68-30)
117,Motion to Lay Before the Senate a Message From the House to Accompany S. 764,"June 29, 2016,  07:35 PM",Motion Agreed to (68-29)
118,"Confirmation Brian R. Martinotti, of New Jersey, to be United States District Judge","July 6, 2016,  02:48 PM",Nomination Confirmed (92-5)
119,Motion to Invoke Cloture on the Motion to Proceed to S. 3100,"July 6, 2016,  03:17 PM","Cloture on the Motion to Proceed Rejected (53-44, 3/5 majority required)"
120,Motion to Invoke Cloture on the Motion to Proceed to S. 2193,"July 6, 2016,  03:36 PM","Cloture on the Motion to Proceed Rejected (55-42, 3/5 majority required)"
121,Motion to Invoke Cloture on the Motion to Concur in the House Amendment with an Amendment to S. 764,"July 6, 2016,  04:00 PM","Cloture Motion Agreed to (65-32, 3/5 majority required)"
122,Motion to Table McConnell Amdt. No. 4936,"July 7, 2016,  10:21 PM",Motion to Table Failed (31-62)
123,Motion to Concur in the House Amendment to S. 764 with Further Amendment (Amdt. No. 4935),"July 7, 2016,  10:45 PM",Motion Agreed to (63-30)
124,Motion to Invoke Cloture on the Motion to Proceed to H.R. 5293,"July 7, 2016,  11:02 PM","Cloture on the Motion to Proceed Rejected (50-44, 3/5 majority required)"
125,"Motion to Invoke Cloture on the Motion to Disagree to the House Amdt., Agree to the Request for Conference, and Appoint Conferees to S. 2012","July 12, 2016,  03:32 PM","Cloture Motion Agreed to (84-3, 3/5 majority required)"
126,Motion to Invoke Cloture on the Conference Report to Accompany S. 524,"July 13, 2016,  11:02 AM","Cloture Motion Agreed to (90-2, 3/5 majority required)"
127,Motion to Concur in the House Amendments to the Senate Amendments Re: H.R. 636,"July 13, 2016,  01:54 PM",Motion Agreed to (89-4)
128,"Confirmation: Carla D. Hayden, of Maryland, to be Librarian of Congress","July 13, 2016,  02:29 PM",Nomination Confirmed (74-18)
129,Conference Report to Accompany S. 524,"July 13, 2016,  06:20 PM",Conference Report Agreed to (92-2)
130,"Motion to Invoke Cloture on the Motion to Disagree in the House Amendment, Agree to the Request for a Conference, and Appoint Conferees","July 14, 2016,  11:33 AM","Cloture Motion Agreed to (90-7, 3/5 majority required)"
131,Shaheen Motion to Instruct Conferees Re: S. 2943,"July 14, 2016,  12:07 PM",Motion Agreed to (84-12)
132,Sullivan Motion to Instruct Conferees Re: S. 2943,"July 14, 2016,  12:28 PM",Motion Agreed to (85-12)
133,Upon Reconsideration Motion to Invoke Cloture on the Motion to Proceed to H.R. 5293,"July 14, 2016,  12:46 PM","Cloture on the Motion to Proceed Rejected (55-42, 3/5 majority required)"
134,Upon Reconsideration Motion to Invoke Cloture on the Conference Report to Accompany H.R. 2577,"July 14, 2016,  01:59 PM","Cloture Motion Rejected (52-44, 3/5 majority required)"
135,Motion to Invoke Cloture on the Conference Report to Accompany H.R. 2577,"September 6, 2016,  05:32 PM","Cloture Motion Rejected (52-46, 3/5 majority required)"
136,Motion to Invoke Cloture on the Motion to Proceed to H.R. 5293,"September 6, 2016,  06:09 PM","Cloture on the Motion to Proceed Rejected (55-43, 3/5 majority required)"
137,"Confirmation Peter Michael McKinley, of Virginia, to be Ambassador to the Federative Republic of Brazil","September 8, 2016,  01:46 PM",Nomination Confirmed (92-0)
138,Motion to Invoke Cloture on Amdt. No. 4979,"September 12, 2016,  05:31 PM","Cloture Motion Agreed to (90-1, 3/5 majority required)"
139,Motion to Waive All Applicable Budgetary Discipline Re: Amdt. No. 4979,"September 14, 2016,  02:40 PM","Motion Agreed to (85-12, 3/5 majority required)"
140,Motion to Invoke Cloture on S. 2848,"September 14, 2016,  03:11 PM","Cloture Motion Agreed to (94-3, 3/5 majority required)"
141,S. 2848 As Amended,"September 15, 2016,  11:42 PM",Bill Passed (95-3)
142,"Confirmation Susan S. Gibson, of Virginia, to be Inspector General of the National Reconnaissance Office","September 15, 2016,  01:48 PM",Nomination Confirmed (93-0)
143,H.R. 5985,"September 19, 2016,  05:31 PM",Bill Passed (89-0)
144,Motion to Invoke Cloture on the Motion to Proceed to H.R. 5325,"September 20, 2016,  05:41 PM","Cloture on the Motion to Proceed Agreed to (89-7, 3/5 majority required)"
145,Motion to Table the Motion to Discharge S.J.Res. 39,"September 21, 2016,  02:45 PM",Motion to Table Agreed to (71-27)
146,Motion to Invoke Cloture on Amdt. No. 5082,"September 27, 2016,  02:16 PM","Cloture Motion Rejected (45-55, 3/5 majority required)"
147,Motion to Invoke Cloture on H.R. 5325,"September 27, 2016,  02:41 PM","Cloture Motion Rejected (40-59, 3/5 majority required)"
148,"Shall the Bill S. 2040 Pass, the Objections of the President of the United States to the Contrary Notwithstanding?","September 28, 2016,  12:02 PM","Veto Overridden (97-1, 2/3 majority required)"
149,Upon Reconsideration Motion to Invoke Cloture on Amdt. No. 5082,"September 28, 2016,  02:09 PM","Cloture Motion Agreed to (77-21, 3/5 majority required)"
150,"Motion to Invoke Cloture on H.R. 5325, Upon Reconsideration","September 28, 2016,  02:39 PM","Cloture Motion Agreed to (77-21, 3/5 majority required)"
151,H.R. 5325 As Amended,"September 28, 2016,  03:00 PM",Bill Passed (72-26)
152,H.R. 4511,"November 15, 2016,  05:31 PM",Bill Passed (97-0)
153,Motion to Invoke Cloture on the Motion to Proceed to S. 3110,"November 17, 2016,  12:05 PM","Cloture on the Motion to Proceed Rejected (51-47, 3/5 majority required)"
154,S. 2873 As Amended,"November 29, 2016,  11:31 PM",Bill Passed (97-0)
155,H.R. 6297,"December 1, 2016,  01:47 PM",Bill Passed (99-0)
156,Motion to Invoke Cloture on the Motion to Concur in the House Amendment to the Senate Amendment to H.R. 34,"December 5, 2016,  05:44 PM","Cloture Motion Agreed to (85-13, 3/5 majority required)"
157,Motion to Concur in the House Amendment to the Senate Amendment to H.R. 34,"December 7, 2016,  02:00 PM",Motion Agreed to (94-5)
158,Motion to Invoke Cloture on the Conference Report to Accompany S. 2943,"December 7, 2016,  02:29 PM","Cloture Motion Agreed to (92-7, 3/5 majority required)"
159,Conference Report to Accompany S. 2943,"December 8, 2016,  12:31 PM",Conference Report Agreed to (92-7)
160,Motion to Invoke Cloture on the Motion to Concur in the House Amendment to the Senate Amendment to H.R. 2028,"December 9, 2016,  10:00 PM","Cloture Motion Agreed to (61-38, 3/5 majority required)"
161,Motion to Concur in the House Amendment to the Senate Amendment to H.R. 2028,"December 9, 2016,  10:53 PM",Motion Agreed to (63-36)
162,Motion to Invoke Cloture on the Motion to Concur in the House Amendment to S. 612,"December 10, 2016,  12:35 AM","Cloture Motion Agreed to (69-30, 3/5 majority required)"
163,Motion to Concur in the House Amendment to S. 612,"December 10, 2016,  12:57 AM",Motion Agreed to (78-21)
