,title,vote_date,vote_result
0,Nomination - Baker,"January 25, 1989,  05:31 PM",Nomination Confirmed (99-0)
1,Nomination - Baker,"January 25, 1989,  05:31 PM",Nomination Confirmed (99-0)
2,Nomination - Dole,"January 25, 1989,  05:49 PM",Nomination Confirmed (99-0)
3,Nomination - Darman,"January 25, 1989,  06:02 PM",Nomination Confirmed (99-0)
4,Nomination - Hills,"January 31, 1989,  05:00 PM",Nomination Confirmed (100-0)
5,Nomination - Mosbacher,"January 31, 1989,  05:31 PM",Nomination Confirmed (100-0)
6,Nomination - Skinner,"January 31, 1989,  05:43 PM",Nomination Confirmed (100-0)
7,Nomination - Lujan,"February 2, 1989,  04:46 PM",Nomination Confirmed (100-0)
8,Nomination - Boskin,"February 2, 1989,  05:04 PM",Nomination Confirmed (100-0)
9,Nomination - Kemp,"February 2, 1989,  05:18 PM",Nomination Confirmed (100-0)
10,Nomination - Reilly,"February 2, 1989,  05:33 PM",Nomination Confirmed (100-0)
11,Pressler Amendment No. 2,"February 2, 1989,  08:01 PM",Amendment Agreed to (95-5)
12,H.J. Res. 129,"February 7, 1989,  03:01 PM",Joint Resolution Passed (94-6)
13,Nomination - Yeutter,"February 8, 1989,  03:06 PM",Nomination Confirmed (100-0)
14,Amendment No. 7,"February 28, 1989,  06:11 PM",Motion to Table Agreed to (50-47)
15,Amendment No. 8,"February 28, 1989,  06:31 PM",Motion to Table Agreed to (62-36)
16,Nomination - Sullivan,"March 1, 1989,  01:00 PM",Nomination Confirmed (98-1)
17,Nomination - Watkins,"March 1, 1989,  01:28 PM",Nomination Confirmed (99-0)
18,Nomination - Derwinski,"March 2, 1989,  06:53 PM",Nomination Confirmed (94-0)
19,Nomination - Pickering,"March 7, 1989,  04:24 PM",Nomination Confirmed (99-0)
20,Nomination - Tower,"March 9, 1989,  04:04 PM",Nomination Rejected (47-53)
21,Nomination - Bennett,"March 9, 1989,  05:03 PM",Nomination Confirmed (97-2)
22,Motion To Dismiss Articles I Through XV,"March 16, 1989,  04:59 PM",Motion Rejected (1-92)
23,Motion To Dismiss Article XVII,"March 16, 1989,  05:17 PM",Motion Rejected (0-93)
24,S. 20,"March 16, 1989,  05:39 PM",Bill Passed (97-0)
25,S. 607,"March 16, 1989,  05:56 PM",Bill Passed (97-0)
26,Nomination - Cheney,"March 17, 1989,  12:02 PM",Nomination Confirmed (92-0)
27,Amendment No. 15,"April 5, 1989,  06:32 PM",Motion to Table Agreed to (55-43)
28,S.248,"April 5, 1989,  06:53 PM",Bill Passed (82-16)
29,Graham Amendment No. 20,"April 11, 1989,  04:09 PM",Amendment Agreed to (61-39)
30,Hatch Amendment No. 21,"April 11, 1989,  04:31 PM",Amendment Rejected (41-58)
31,Armstrong Amendment No. 22,"April 12, 1989,  10:52 AM",Amendment Agreed to (86-11)
32,Lott Amendment No. 24,"April 12, 1989,  11:49 AM",Amendment Agreed to (98-0)
33,Boschwitz Amendment No. 27,"April 12, 1989,  01:30 PM",Amendment Agreed to (97-1)
34,Motion To Waive CBA re: Amendment No. 28,"April 12, 1989,  02:13 PM","Motion Rejected (56-42, 3/5 majority required)"
35,Nickles Amendment No. 30,"April 12, 1989,  03:24 PM",Amendment Agreed to (97-2)
36,Nickles Amendment No. 33,"April 12, 1989,  05:52 PM",Motion to Table Agreed to (61-38)
37,Motion To Table Wallop Amendment No. 39,"April 12, 1989,  06:48 PM",Motion to Table Agreed to (66-33)
38,Motion To Recommit S. 4,"April 12, 1989,  07:24 PM",Motion to Recommit Rejected (43-56)
39,H.R. 2,"April 12, 1989,  07:42 PM",Bill Passed (62-37)
40,Motion To Table Amendment No. 43,"April 13, 1989,  03:18 PM",Motion to Table Agreed to (70-28)
41,Motion To Table Amendment No. 44,"April 13, 1989,  04:47 PM",Motion to Table Agreed to (72-26)
42,Motion To Table Amendment No. 45,"April 13, 1989,  06:16 PM",Motion to Table Agreed to (73-25)
43,Motion To Table Amendment No. 46,"April 13, 1989,  08:35 PM",Motion to Table Agreed to (98-0)
44,H.R. 1750,"April 13, 1989,  08:49 PM",Bill Passed (89-9)
45,Specter Amendment No. 49,"April 18, 1989,  10:48 AM",Amendment Agreed to (98-0)
46,Kerrey Amendment No. 50,"April 18, 1989,  12:02 PM",Motion to Table Agreed to (66-32)
47,Motion To Waive Titles III And IV Of Budget Act Re: Amendment No. 52,"April 18, 1989,  06:41 PM","Motion Rejected (48-50, 3/5 majority required)"
48,Motion To Waive Titles 3 And 4,"April 18, 1989,  08:15 PM","Motion Agreed to (88-11, 3/5 majority required)"
49,Motion To Table Nickles Amendment No. 54,"April 18, 1989,  08:33 PM",Motion to Table Agreed to (62-37)
50,Motion To Table Amendment No. 55,"April 19, 1989,  10:15 AM",Motion to Table Agreed to (61-38)
51,S.774 Passed,"April 19, 1989,  03:55 PM",Bill Passed (91-8)
52,Helms Amdt. No. 66,"May 2, 1989,  11:31 AM",Amendment Rejected (11-86)
53,Helms Amdt. No.65,"May 2, 1989,  11:50 AM",Amendment Rejected (6-92)
54,Helms Amdt. No. 68,"May 2, 1989,  04:05 PM",Amendment Rejected (19-80)
55,Helms Amendment No.69 Rejected,"May 2, 1989,  04:25 PM",Amendment Rejected (7-91)
56,Nunn-Helms Amdt. No. 67,"May 2, 1989,  05:03 PM",Amendment Agreed to (96-0)
57,H.R. 1385 Final Passage,"May 2, 1989,  05:30 PM",Bill Passed (90-7)
58,Exon Amdt. No. 74,"May 3, 1989,  12:03 PM",Amendment Agreed to (54-44)
59,Specter Amdt. No. 75,"May 3, 1989,  04:10 PM",Amendment Agreed to (97-1)
60,Motion To Table  S.Amdt. No. 81 Agreed To,"May 3, 1989,  06:47 PM",Motion to Table Agreed to (64-31)
61,Hollings Amdt. No. 90,"May 4, 1989,  04:22 PM",Amendment Rejected (18-82)
62,S. Res.120,"May 4, 1989,  04:43 PM",Resolution Agreed to (100-0)
63,Motion To Recommit - S.Con.Res 30,"May 4, 1989,  06:11 PM",Motion to Recommit Rejected (19-81)
64,H.Con.Res.106,"May 4, 1989,  07:04 PM",Resolution Agreed to (68-31)
65,S.J.Res.100,"May 10, 1989,  04:36 PM",Joint Resolution Defeated (40-57)
66,Dixon Amdt. No. 102,"May 16, 1989,  05:32 PM",Amendment Rejected (47-52)
67,Byrd Amdt. No. 101 As Amended,"May 16, 1989,  06:58 PM",Amendment Agreed to (72-27)
68,Minimum Wage Conf. Report,"May 17, 1989,  03:59 PM",Conference Report Agreed to (63-37)
69,Budget Resolution Conference  Report,"May 18, 1989,  03:45 PM",Conference Report Agreed to (63-37)
70,H.Con.Res.136,"May 31, 1989,  05:22 PM",Concurrent Resolution Agreed to (89-0)
71,Helms Amdt. No. 106,"May 31, 1989,  05:40 PM",Amendment Agreed to (91-0)
72,Motion to Table Motion to Waive Budget Act,"June 1, 1989,  10:54 AM",Motion to Table Agreed to (77-18)
73,Motion To Table Coats Amdt. No. 114,"June 1, 1989,  01:25 PM",Motion to Table Failed (31-63)
74,Motion to Table the Appeal,"June 1, 1989,  03:06 PM",Motion to Table Agreed to (81-15)
75,Graham Amdt. No. 119,"June 1, 1989,  04:16 PM",Amendment Agreed to (94-0)
76,Motion To Table The Motion To Waive,"June 1, 1989,  07:25 PM",Motion to Table Agreed to (71-20)
77,Motion To Table The Motion To Recommit,"June 1, 1989,  08:16 PM",Motion to Table Motion to Recommit Agreed to (61-29)
78,Mitchell Resolution - S.Res. 142,"June 6, 1989,  06:50 PM",Resolution Agreed to (100-0)
79,Motion To Table,"June 6, 1989,  07:32 PM",Motion to Table Agreed to (69-29)
80,Motion To Table,"June 6, 1989,  07:51 PM",Motion to Table Failed (0-99)
81,Mitchell Amdt. No. 138,"June 6, 1989,  06:11 PM",Amendment Agreed to (98-0)
82,Motion To Waive The Budget Act,"June 6, 1989,  08:45 PM","Motion Rejected (49-50, 3/5 majority required)"
83,Motion To Table Mitchell Amendment No. 140,"June 7, 1989,  07:38 PM",Motion to Table Failed (49-51)
84,Motion To Table Metzenbaum Amdt. No. 144,"June 8, 1989,  03:46 PM",Motion to Table Agreed to (89-8)
85,Motion To Table,"June 8, 1989,  04:51 PM",Motion to Table Agreed to (53-43)
86,Motion To Table,"June 13, 1989,  03:24 PM",Motion to Table Agreed to (73-23)
87,Motion To Table,"June 13, 1989,  04:59 PM",Motion to Table Agreed to (66-31)
88,Motion To Table S.Amdt. 193,"June 13, 1989,  06:17 PM",Motion to Table Agreed to (63-35)
89,Motion To table Metzenbaum Amendment No.194,"June 13, 1989,  07:06 PM",Motion to Table Agreed to (87-11)
90,Motion To Table S.Amdt. 195,"June 14, 1989,  12:05 PM",Motion to Table Agreed to (55-44)
91,H.R. 1722 Passed,"June 14, 1989,  12:27 PM",Bill Passed (82-17)
92,Burt Nomination,"June 14, 1989,  06:06 PM",Nomination Confirmed (89-10)
93,Dole Amendment No. 201,"June 22, 1989,  12:20 PM",Amendment Rejected (44-56)
94,Mitchell Amdt. No. 196,"June 22, 1989,  12:40 PM",Amendment Agreed to (63-37)
95,S.Res.151,"June 22, 1989,  04:49 PM",Resolution Agreed to (97-3)
96,Bentsen Amdt. No. 203,"June 22, 1989,  06:05 PM",Amendment Agreed to (100-0)
97,Roth Amdt. No. 199,"June 22, 1989,  07:04 PM",Amendment Agreed to (100-0)
98,Motion To Table S.Amdt. 211,"June 22, 1989,  10:32 PM",Motion to Table Agreed to (59-40)
99,Bentsen Amdt. No. 222,"June 23, 1989,  01:14 PM",Amendment Agreed to (54-45)
100,Motion To Table S.Amdt. No. 225,"June 23, 1989,  03:16 PM",Motion to Table Agreed to (62-36)
101,Dole Amendment No. 223,"June 23, 1989,  03:49 PM",Amendment Rejected (44-53)
102,Motion To Table Amendment No. 226,"June 23, 1989,  04:23 PM",Motion to Table Agreed to (53-40)
103,Motion To Table Wilson Amendment No. 227,"June 23, 1989,  05:09 PM",Motion to Table Agreed to (55-33)
104,Mitchell Amendment No. 239,"July 11, 1989,  05:03 PM",Amendment Agreed to (97-0)
105,Nomination - Hecht,"July 11, 1989,  05:59 PM",Nomination Confirmed (78-19)
106,Helms Amendment No. 240,"July 12, 1989,  12:41 PM",Amendment Rejected (27-71)
107,Chafee Amendment No. 244,"July 12, 1989,  02:20 PM",Amendment Agreed to (61-38)
108,Bumpers Amendment No. 246,"July 12, 1989,  03:59 PM",Amendment Rejected (43-56)
109,Hatch Amendment No. 238,"July 12, 1989,  06:54 PM",Amendment Agreed to (62-36)
110,Simpson Amendment No. 251,"July 13, 1989,  11:15 AM",Amendment Rejected (43-56)
111,Exon Amendment No. 250,"July 13, 1989,  11:35 AM",Amendment Agreed to (93-6)
112,Helms Amendment No. 254,"July 13, 1989,  02:01 PM",Amendment Rejected (22-77)
113,Specter Amendment No. 252,"July 13, 1989,  02:29 PM",Amendment Agreed to (78-21)
114,Motion To Table Amendment No. 255,"July 13, 1989,  04:04 PM",Motion to Table Failed (41-58)
115,Motion To Table Point Of Order Re: Amendment No. 255,"July 13, 1989,  04:48 PM",Motion to Table Agreed to (56-43)
116,Boschwitz Amendment No. 260,"July 13, 1989,  05:46 PM",Amendment Rejected (46-52)
117,S. 358,"July 13, 1989,  06:38 PM",Bill Passed (81-17)
118,Mitchell/Dole Amendment No. 271,"July 14, 1989,  01:33 PM",Amendment Agreed to (81-10)
119,Moynihan Amendment No. 268,"July 18, 1989,  02:37 PM",Amendment Agreed to (57-42)
120,Byrd Amendment No. 279,"July 18, 1989,  04:58 PM",Amendment Agreed to (99-0)
121,Helms Amendment No. 278,"July 18, 1989,  05:41 PM",Amendment Rejected (37-62)
122,Gore Amendment No. 277,"July 18, 1989,  06:01 PM",Amendment Rejected (20-79)
123,Gore Amendment No. 290,"July 19, 1989,  03:20 PM",Amendment Rejected (38-61)
124,Mack Amendment No. 295,"July 19, 1989,  03:40 PM",Amendment Agreed to (99-0)
125,Motion To Table Domenici Amendment No. 303,"July 19, 1989,  05:31 PM",Motion to Table Failed (37-62)
126,Motion To Table Amendment No. 315,"July 19, 1989,  07:57 PM",Motion to Table Failed (25-71)
127,Dole - Mitchell Amendment No. 327,"July 19, 1989,  08:33 PM",Amendment Agreed to (94-0)
128,S. 83,"July 20, 1989,  09:30 AM",Bill Passed (73-26)
129,Motion To Table Mack Amendment No. 333,"July 20, 1989,  12:31 PM",Motion to Table Failed (13-82)
130,Armstrong Amendment No. 324,"July 20, 1989,  12:52 PM",Amendment Agreed to (95-0)
131,Motion To Table Amendment No. 270,"July 20, 1989,  03:12 PM",Motion to Table Agreed to (75-23)
132,Mitchell Amendment No. 364,"July 20, 1989,  03:46 PM",Amendment Agreed to (97-1)
133,Graham Amendment No. 366,"July 20, 1989,  05:17 PM",Amendment Agreed to (98-0)
134,Lautenberg Amendment No. 367,"July 20, 1989,  05:38 PM",Amendment Agreed to (97-0)
135,Pell Amendment No. 381,"July 20, 1989,  09:29 PM",Amendment Agreed to (97-1)
136,Robb Amendment No. 382,"July 20, 1989,  10:28 PM",Amendment Agreed to (59-39)
137,S. Res. 156,"July 20, 1989,  10:57 PM",Resolution Agreed to (97-0)
138,Helms Amendment No. 355,"July 21, 1989,  12:25 AM",Amendment Agreed to (56-42)
139,Wilson Amendment No. 388,"July 21, 1989,  12:43 AM",Amendment Agreed to (90-8)
140,Nunn Amendment No. 392,"July 24, 1989,  05:45 PM",Amendment Agreed to (91-0)
141,SP141,"July 25, 1989,  06:42 PM",Amendment Agreed to (98-1)
142,Nunn Amendment No. 400,"July 25, 1989,  07:00 PM",Amendment Agreed to (99-0)
143,Nunn Amendment No. 401,"July 25, 1989,  07:11 PM",Amendment Agreed to (98-1)
144,Committee Amendment - Section 119,"July 26, 1989,  04:55 PM",Motion to Table Agreed to (72-27)
145,Motion To Table Fowler Amendment No. 423,"July 26, 1989,  07:00 PM",Motion to Table Failed (47-52)
146,Fowler Amendment No. 423,"July 26, 1989,  07:22 PM",Amendment Agreed to (55-44)
147,Motion To Waive Amendment No. 444,"July 27, 1989,  06:05 PM","Motion Rejected (40-58, 3/5 majority required)"
148,Division I Of Amdt. No. 500,"July 27, 1989,  09:17 PM",Motion to Table Agreed to (50-47)
149,Mitchell - Dole Amendment No. 524,"July 31, 1989,  05:50 PM",Amendment Agreed to (99-0)
150,Motion To Table Kennedy Amendment No. 471,"July 31, 1989,  06:08 PM",Motion to Table Agreed to (50-49)
151,Kennedy Amendment No. 518,"July 31, 1989,  06:23 PM",Amendment Agreed to (94-5)
152,Motion To Table Amdt No. 535,"August 1, 1989,  12:05 PM",Motion to Table Agreed to (61-39)
153,Cohen Amdt. No. 472,"August 1, 1989,  12:25 PM",Amendment Agreed to (93-7)
154,Motion To Table Amdt No. 486,"August 1, 1989,  05:29 PM",Motion to Table Agreed to (73-27)
155,Motion To Table Amdt No.614,"August 1, 1989,  06:30 PM",Motion to Table Failed (45-55)
156,Motion To Table Glenn Amdt No. 458,"August 1, 1989,  08:14 PM",Motion to Table Agreed to (69-31)
157,Nunn Amdt. No. 621,"August 2, 1989,  12:30 AM",Amendment Agreed to (90-9)
158,Motion To Table Amdt No. 646,"August 2, 1989,  10:36 AM",Motion to Table Agreed to (53-44)
159,Cloture Motion,"August 2, 1989,  11:37 AM","Cloture Motion Agreed to (84-13, 3/5 majority required)"
160,Motion To Table Amdt No. 595,"August 2, 1989,  05:32 PM",Motion to Table Failed (45-55)
161,DoD Authorization,"August 2, 1989,  07:47 PM",Bill Passed (95-4)
162,Motion To Table Agent Orange Bill,"August 3, 1989,  11:00 AM",Motion to Table Failed (8-92)
163,Motion To Table Amdt No. 669,"August 3, 1989,  01:37 PM",Motion to Table Agreed to (51-48)
164,Motion To Table Gorton  Amdt No. 667,"August 3, 1989,  03:43 PM",Motion to Table Agreed to (52-48)
165,Motion To Table Johnson Amdt No. 670,"August 3, 1989,  04:43 PM",Motion to Table Agreed to (72-28)
166,Motion To Waive The Budget Act,"August 3, 1989,  07:26 PM","Motion Rejected (54-46, 3/5 majority required)"
167,Motion To Table Amdt No. 676,"August 3, 1989,  09:06 PM",Motion to Table Failed (34-66)
168,Oil Spill Liability Bill,"August 4, 1989,  12:56 PM",Bill Passed (99-0)
169,Wilson Amdt. No. 698,"September 7, 1989,  01:44 PM",Amendment Agreed to (83-8)
170,Hatch Amdt. 709,"September 7, 1989,  04:22 PM","Motion Rejected (48-44, 3/5 majority required)"
171,Boschwitz Amdt. No. 713,"September 7, 1989,  05:44 PM",Amendment Agreed to (90-0)
172,H.R. 3014 - Bill Passed,"September 7, 1989,  07:04 PM",Bill Passed (81-9)
173,ADA Bill,"September 7, 1989,  08:35 PM",Bill Passed (76-8)
174,Gregg Nomination,"September 12, 1989,  06:15 PM",Nomination Confirmed (66-33)
175,Veto Message,"September 13, 1989,  05:15 PM","Veto Sustained (66-34, 2/3 majority required)"
176,Cloture Motion On Committee Amdt. On Page 71,"September 14, 1989,  10:40 AM","Cloture Motion Agreed to (77-21, 3/5 majority required)"
177,Shall Decision Of Chair Stand,"September 14, 1989,  12:01 PM",Decision of Chair Not Sustained (34-65)
178,Helms Amdt. No. 752,"September 14, 1989,  05:35 PM",Amendment Agreed to (97-2)
179,H.R. 3026,"September 14, 1989,  06:57 PM",Bill Passed (56-43)
180,H.R. 3012,"September 15, 1989,  11:49 AM",Bill Passed (93-1)
181,Nickles Amendment No. 765,"September 19, 1989,  02:11 PM",Motion to Table Agreed to (58-42)
182,Motion To Table Nickles Amdt.  No. 767,"September 19, 1989,  03:34 PM",Motion to Table Agreed to (50-49)
183,Motion To Reconsider,"September 19, 1989,  04:18 PM",Motion to Reconsider Rejected (49-50)
184,Motion To Table Amdt No. 769,"September 19, 1989,  05:54 PM",Motion to Table Failed (43-55)
185,Motion To Table Symms Amdt No. 772,"September 19, 1989,  07:27 PM",Motion to Table Agreed to (65-33)
186,Motion To Table Amdt No. 775,"September 20, 1989,  11:47 AM",Motion to Table Failed (48-50)
187,Motion To Reconsider The Motion To Table Kasten Amdt. No. 775,"September 20, 1989,  12:09 PM",Motion to Reconsider Agreed to (52-47)
188,Motion To Table Amdt No. 775 - Upon Reconsideration,"September 20, 1989,  12:31 PM",Motion to Table Agreed to (52-48)
189,"Motion To Table Committee Amdt. On Page 149, Line 13","September 20, 1989,  03:45 PM",Motion to Table Agreed to (68-32)
190,Kasten Amdt. No. 777,"September 20, 1989,  04:30 PM",Amendment Agreed to (82-18)
191,Kasten Amdt. No. 784,"September 20, 1989,  06:29 PM",Amendment Agreed to (98-0)
192,Motion To Table Amdt No. 795,"September 20, 1989,  08:58 PM",Motion to Table Agreed to (57-41)
193,Decision Of The Chair Stands,"September 20, 1989,  09:41 PM",Point of Order Sustained (64-33)
194,Motion To Table Amdt No. 797,"September 20, 1989,  10:53 PM",Motion to Table Agreed to (74-24)
195,Cranston Amdt. No. 816,"September 21, 1989,  01:57 PM",Amendment Agreed to (99-0)
196,Helms Amdt. No. 822,"September 21, 1989,  04:13 PM",Amendment Agreed to (99-0)
197,Helms Amdt. No. 824,"September 21, 1989,  05:58 PM",Amendment Agreed to (94-4)
198,Motion To Table Amdt No. 826,"September 21, 1989,  06:40 PM",Motion to Table Failed (13-85)
199,Motion To Table Amdt No. 828,"September 21, 1989,  08:22 PM",Motion to Table Agreed to (66-32)
200,Is The Committee Amdt. On Page 40 Germane,"September 21, 1989,  08:42 PM",Amendment Germane (65-32)
201,Nunn Amdt. No 844,"September 26, 1989,  02:01 PM",Amendment Agreed to (86-14)
202,Wallop Amdt. No. 855,"September 26, 1989,  06:14 PM",Amendment Rejected (34-66)
203,Leahy Amdt. No. 859,"September 26, 1989,  08:13 PM",Amendment Rejected (29-71)
204,Foreign Ops. Approp.,"September 26, 1989,  08:31 PM",Bill Passed (89-11)
205,Labor HHS Approp.,"September 26, 1989,  08:46 PM",Bill Passed (81-19)
206,Stevens Amdt. No. 861,"September 26, 1989,  10:31 PM",Amendment Agreed to (65-34)
207,Byrd Amdt - Modified,"September 27, 1989,  02:14 PM",Amendment Agreed to (97-2)
208,Coats Amdt. No. 872,"September 27, 1989,  03:33 PM",Amendment Agreed to (99-0)
209,H.R. 3015,"September 27, 1989,  05:17 PM",Bill Passed (99-0)
210,Specter Amdt. No. 882,"September 28, 1989,  10:21 AM",Amendment Agreed to (95-5)
211,H.J. Res. 407,"September 28, 1989,  11:22 AM",Joint Resolution Passed (100-0)
212,H.R. 2916,"September 28, 1989,  11:51 AM",Bill Passed (92-8)
213,H.R. 3072,"September 28, 1989,  02:16 PM",Amendment Agreed to (53-47)
214,Conrad Amdt. No. 890,"September 28, 1989,  06:28 PM",Amendment Rejected (23-76)
215,Metzenbaum Amdt. No. 889,"September 28, 1989,  06:50 PM",Amendment Rejected (25-75)
216,Motion To Table Amdt. No. 891,"September 29, 1989,  12:15 AM",Motion to Table Agreed to (62-35)
217,H.R. 3072,"September 29, 1989,  12:37 AM",Bill Passed (96-2)
218,Fowler Amdt. No. 895,"September 29, 1989,  11:03 AM",Amendment Agreed to (65-31)
219,Motion To Waive CBA,"September 29, 1989,  12:53 PM",Motion Agreed to (74-22)
220,Motion To Table Amdt. No. 899,"September 29, 1989,  01:38 PM",Motion to Table Agreed to (74-20)
221,Motion To Table Amdt. No. 900,"September 29, 1989,  02:48 PM",Motion to Table Failed (41-50)
222,Cloture Motion On Motion To Proceed To H.R. 1231,"October 3, 1989,  12:16 PM","Cloture Motion Agreed to (61-36, 3/5 majority required)"
223,Zappala Nomination,"October 3, 1989,  03:30 PM",Nomination Confirmed (79-20)
224,Motion To Table Amdt. No. 951,"October 5, 1989,  10:39 AM",Motion to Table Failed (31-69)
225,Wilson Amdt. No. 951,"October 5, 1989,  11:04 AM",Amendment Agreed to (76-24)
226,Motion To Table Amendment No. 952 ,"October 5, 1989,  11:18 AM",Motion to Table Agreed to (53-47)
227,H.R. 2978,"October 5, 1989,  11:35 AM",Bill Passed (91-9)
228,Motion To Table Amendment No. 935,"October 5, 1989,  03:36 PM",Motion to Table Agreed to (74-25)
229,Nunn Amendment No. 954,"October 5, 1989,  04:59 PM",Amendment Agreed to (99-1)
230,Motion To Table Amendment No. 956,"October 5, 1989,  08:07 PM",Motion to Table Agreed to (52-48)
231,Motion To Table Amendment No. 912,"October 5, 1989,  09:48 PM",Motion to Table Agreed to (75-24)
232,S. 1711,"October 5, 1989,  08:44 PM",Bill Passed (100-0)
233,Motion To Waive CBA,"October 6, 1989,  12:07 PM","Motion Agreed to (96-3, 3/5 majority required)"
234,Kennedy Amendment No. 985,"October 6, 1989,  12:58 PM",Amendment Rejected (35-64)
235,Graham Amendment No. 986,"October 6, 1989,  01:57 PM",Amendment Rejected (25-74)
236,Motion To Commit,"October 6, 1989,  03:18 PM",Motion Rejected (12-87)
237,Durenberger Amendment 987,"October 6, 1989,  04:56 PM",Amendment Rejected (37-62)
238,Riegle Amendment No. 988,"October 6, 1989,  06:19 PM",Amendment Rejected (41-58)
239,Roth Amendment No. 989,"October 6, 1989,  08:22 PM",Amendment Rejected (26-73)
240,S. 1726,"October 6, 1989,  08:59 PM",Bill Passed (99-0)
241,H.R. 2788 Conference Report,"October 7, 1989,  01:09 PM",Conference Report Agreed to (91-6)
242,Motion To Table Amendment No. 991,"October 7, 1989,  01:42 PM",Motion to Table Agreed to (62-35)
243,H.R. 3299,"October 13, 1989,  10:45 PM",Bill Passed (87-7)
244,Motion To Invoke Cloture On H.R. 3385,"October 13, 1989,  11:13 PM","Cloture Motion Rejected (52-42, 3/5 majority required)"
245,Motion To Invoke Cloture On H.R. 3385,"October 17, 1989,  02:16 PM","Cloture Motion Agreed to (74-25, 3/5 majority required)"
246,Motion To Table Amendment No. 1027,"October 17, 1989,  04:56 PM",Motion to Table Agreed to (59-40)
247,Adams Amendment No. 1005,"October 17, 1989,  05:24 PM",Amendment Rejected (25-74)
248,Harkin Amendment No. 1010,"October 17, 1989,  06:02 PM",Amendment Rejected (33-64)
249,Dodd Amendment No. 1001,"October 17, 1989,  07:21 PM",Amendment Rejected (32-66)
250,H.R. 3385,"October 17, 1989,  07:55 PM",Bill Passed (64-35)
251,S.J. Res. 180,"October 19, 1989,  11:07 AM","Joint Resolution Defeated (51-48, 2/3 majority required)"
252,H.R. 2990 Conference Report,"October 19, 1989,  12:46 PM",Conference Report Agreed to (67-31)
253,Motion to Instruct Sergeant-at-Arms,"October 20, 1989,  09:30 AM",Motion Agreed to (93-2)
254,Article I,"October 20, 1989,  10:14 AM","Guilty (69-26, 2/3 majority required)"
255,Article II,"October 20, 1989,  10:27 AM","Guilty (68-27, 2/3 majority required)"
256,Article III,"October 20, 1989,  10:38 AM","Guilty (69-26, 2/3 majority required)"
257,Article IV,"October 20, 1989,  10:48 AM","Guilty (67-28, 2/3 majority required)"
258,Article V,"October 20, 1989,  10:57 AM","Guilty (67-28, 2/3 majority required)"
259,Article VI,"October 20, 1989,  11:06 AM","Not Guilty (48-47, 2/3 majority required)"
260,Article VII,"October 20, 1989,  11:18 AM","Guilty (69-26, 2/3 majority required)"
261,Article VIII,"October 20, 1989,  11:39 AM","Guilty (68-27, 2/3 majority required)"
262,Article IX,"October 20, 1989,  11:39 AM","Guilty (70-25, 2/3 majority required)"
263,Article XVI,"October 20, 1989,  11:49 AM","Not Guilty (0-95, 2/3 majority required)"
264,Article XVII,"October 20, 1989,  12:02 PM","Not Guilty (60-35, 2/3 majority required)"
265,Treaty 100-8,"October 24, 1989,  05:15 PM","Resolution of Ratification Agreed to (99-0, 2/3 majority required)"
266,Treaty 100-13,"October 24, 1989,  05:15 PM","Resolution of Ratification Agreed to (99-0, 2/3 majority required)"
267,Treaty 100-14,"October 24, 1989,  05:15 PM","Resolution of Ratification Agreed to (99-0, 2/3 majority required)"
268,Treaty 100-16,"October 24, 1989,  05:15 PM","Resolution of Ratification Agreed to (99-0, 2/3 majority required)"
269,Treaty 100-17,"October 24, 1989,  05:15 PM","Resolution of Ratification Agreed to (99-0, 2/3 majority required)"
270,Treaty 100-18,"October 24, 1989,  05:15 PM","Resolution of Ratification Agreed to (99-0, 2/3 majority required)"
271,H.J. Res. 423,"October 25, 1989,  01:08 PM",Joint Resolution Passed (97-1)
272,S. Res. 197,"October 25, 1989,  02:18 PM",Resolution Agreed to (88-11)
273,Motion To Invoke Cloture On Mitchell Amendment ,"October 26, 1989,  10:38 AM","Cloture Motion Agreed to (62-38, 3/5 majority required)"
274,Hatfield Amendment No. 1068,"October 26, 1989,  03:01 PM",Amendment Rejected (29-70)
275,S.1798,"October 26, 1989,  03:22 PM",Bill Passed (79-20)
276,Mitchell Amendment 1043,"October 26, 1989,  05:59 PM",Amendment Agreed to (65-35)
277,H.R. 2916 Conference Report,"October 27, 1989,  12:13 PM",Conference Report Agreed to (84-6)
278,Motion To Concur In House Amendment To Senate Amendment No. 191,"October 31, 1989,  05:20 PM",Amendment Agreed to (53-45)
279,S.Con.Res.79,"October 31, 1989,  06:10 PM",Concurrent Resolution Agreed to (95-0)
280,Motion To Table Helms  Amendment,"November 1, 1989,  11:19 AM",Motion to Table Agreed to (53-45)
281,Motion To Table Humphrey Amendment No. 1077,"November 2, 1989,  12:53 PM",Motion to Table Agreed to (64-35)
282,S. 1816,"November 2, 1989,  10:45 PM",Bill Passed (78-17)
283,Motion To Instruct,"November 3, 1989,  10:05 AM",Motion for Attendance Agreed to (96-1)
284,Judge Nixon Motion For Trial,"November 3, 1989,  10:28 AM",Motion Rejected (7-90)
285,Motion To Dismiss Article III,"November 3, 1989,  10:39 AM",Motion Rejected (34-63)
286,Article I,"November 3, 1989,  10:52 AM","Guilty (89-8, 2/3 majority required)"
287,Article II,"November 3, 1989,  11:03 AM","Guilty (78-19, 2/3 majority required)"
288,Article III,"November 3, 1989,  11:18 AM","Not Guilty (57-40, 2/3 majority required)"
289,Motion To Table Hollings Amendment No. 1082,"November 7, 1989,  06:42 PM",Motion to Table Agreed to (64-34)
290,Motion To Table Amendment No. 1087,"November 8, 1989,  03:52 PM",Motion to Table Agreed to (64-34)
291,Motion To Table Amendment No. 1089,"November 8, 1989,  04:16 PM",Motion to Table Agreed to (63-35)
292,H.R. 2710,"November 8, 1989,  04:33 PM",Bill Passed (89-8)
293,Motion To Table Amendment No. 1091,"November 9, 1989,  12:18 PM",Motion to Table Agreed to (66-29)
294,Motion To Waive The Budget Act,"November 9, 1989,  05:30 PM","Motion Rejected (40-51, 3/5 majority required)"
295,Motion To Invoke Cloture On Amendment No. 1127,"November 14, 1989,  05:17 PM","Cloture Motion Rejected (51-47, 3/5 majority required)"
296,Amendment No. 1121,"November 14, 1989,  05:38 PM",Amendment Rejected (36-63)
297,H.R. 3402,"November 14, 1989,  05:54 PM",Bill Passed (99-0)
298,Motion To Invoke Cloture On Amendment No. 1127,"November 15, 1989,  03:03 PM","Cloture Motion Rejected (51-47, 3/5 majority required)"
299,H.R. 2461 Conference Report,"November 15, 1989,  05:00 PM",Conference Report Agreed to (91-8)
300,Motion To Disagree,"November 15, 1989,  05:20 PM",Motion Agreed to (52-44)
301,Ruling Of The Chair,"November 15, 1989,  08:41 PM",Decision of Chair Not Sustained (47-51)
302,Helms Amendment No. 1146,"November 16, 1989,  01:10 PM",Amendment Agreed to (96-0)
303,Motion To Postpone,"November 17, 1989,  03:57 PM",Motion to Postpone Rejected (11-88)
304,Motion To Invoke Cloture,"November 17, 1989,  04:26 PM","Cloture Motion Agreed to (90-9, 3/5 majority required)"
305,Motion To Table Amendment No. 1160,"November 17, 1989,  06:01 PM",Motion to Table Agreed to (60-39)
306,Motion To Table Helms Amendment No. 1162,"November 17, 1989,  06:52 PM",Motion to Table Agreed to (65-34)
307,Motion To Waive Budget Act,"November 17, 1989,  07:40 PM","Motion Agreed to (68-31, 3/5 majority required)"
308,Mitchell Amendment No. 1163,"November 17, 1989,  08:20 PM",Amendment Agreed to (56-43)
309,Byrd Amendment No. 1164,"November 17, 1989,  11:14 PM",Amendment Agreed to (97-0)
310,Cranston Amendment No. 1165,"November 18, 1989,  12:14 AM",Amendment Rejected (29-68)
311,Motion To Table Amendment No. 1188,"November 20, 1989,  10:24 PM",Motion to Table Agreed to (58-39)
312,S. Res. 217,"November 21, 1989,  02:48 PM",Resolution Agreed to (99-0)
