,title,vote_date,vote_result
0,H.R.4986,"January 22, 2008,  05:32 PM",Bill Passed (91-3)
1,H.R.4986,"January 22, 2008,  05:32 PM",Bill Passed (91-3)
2,"Motion to Table Committee on the Judiciary Reported Substitute Amendment, as Modified, to S.2248","January 24, 2008,  02:03 PM",Motion to Table Agreed to (60-36)
3,Motion to Invoke Cloture on Amdt. No. 3911 to S. 2248,"January 28, 2008,  04:43 PM","Cloture Motion Rejected (48-45, 3/5 majority required)"
4,Motion to Invoke Cloture on Amdt. No. 3918 to S. 2248,"January 28, 2008,  05:14 PM","Cloture Motion Rejected (48-45, 3/5 majority required)"
5,Motion To Invoke Cloture On The Motion To Proceed To Consider H.R. 5140,"February 4, 2008,  05:31 PM","Cloture Motion Agreed to (80-4, 3/5 majority required)"
6,Motion to Instruct Sgt. At Arms,"February 5, 2008,  11:37 AM",Motion Agreed to (73-12)
7,Cardin Amdt No. 3930,"February 6, 2008,  03:15 PM","Amendment Rejected (49-46, 3/5 majority required)"
8,Motion To Invoke Cloture On The Reid Amdt No. 3983,"February 6, 2008,  05:46 PM","Cloture Motion Rejected (58-41, 3/5 majority required)"
9,Reid Amdt. No. 4010,"February 7, 2008,  04:11 PM",Amendment Agreed to (91-6)
10,H.R. 5140 As Amended,"February 7, 2008,  04:36 PM",Bill Passed (81-16)
11,"Feingold Amdt. No. 3915

","February 7, 2008,  05:26 PM",Amendment Rejected (40-56)
12,Feingold Amdt. No. 3913,"February 7, 2008,  05:59 PM",Amendment Rejected (38-57)
13,Feinstein Amdt. No. 3910,"February 12, 2008,  10:18 AM","Amendment Rejected (57-41, 3/5 majority required)"
14,Feingold Amdt. No. 3979,"February 12, 2008,  10:43 AM",Amendment Rejected (35-63)
15,Dodd Amdt. No. 3907,"February 12, 2008,  11:03 AM",Amendment Rejected (31-67)
16,Feingold Amdt. No. 3912,"February 12, 2008,  11:22 AM",Amendment Rejected (37-60)
17,Specter Amdt. No. 3927,"February 12, 2008,  11:44 AM",Amendment Rejected (30-68)
18,Feinstein Amdt. No. 3919,"February 12, 2008,  12:01 PM","Amendment Rejected (41-57, 3/5 majority required)"
19,Motion to Invoke Cloture Re. S. 2248,"February 12, 2008,  12:18 PM","Cloture Motion Agreed to (69-29, 3/5 majority required)"
20,S.2248 as Amended,"February 12, 2008,  05:30 PM",Bill Passed (68-29)
21,Motion To Invoke Cloture On The Conference Report To Accompany H.R. 2082,"February 13, 2008,  11:06 AM","Cloture Motion Agreed to (92-4, 3/5 majority required)"
22,HR 2082 Conference Report ,"February 13, 2008,  04:31 PM",Conference Report Agreed to (51-45)
23,Tester Amdt. No. 4020,"February 13, 2008,  05:24 PM",Amendment Agreed to (95-0)
24,Dorgan Amdt. No. 4082,"February 14, 2008,  03:03 PM",Amendment Agreed to (95-0)
25,Coburn Amdt. No. 4034,"February 14, 2008,  03:27 PM",Amendment Rejected (28-67)
26,Coburn Amdt. No. 4036,"February 14, 2008,  04:31 PM",Amendment Rejected (21-73)
27,Coburn Amdt. No. 4032,"February 14, 2008,  04:56 PM",Amendment Agreed to (94-0)
28,Motion to Invoke Cloture on the Dorgan Amdt. No. 3899,"February 25, 2008,  05:31 PM","Cloture Motion Agreed to (85-2, 3/5 majority required)"
29,DeMint Amdt. No. 4070,"February 25, 2008,  05:58 PM",Amendment Agreed to (78-11)
30,Vitter Amdt. No. 3896,"February 26, 2008,  10:13 AM",Amendment Agreed to (52-42)
31,Smith Amdt. No. 3897,"February 26, 2008,  10:39 AM",Amendment Agreed to (56-38)
32,S.1200 as Amended,"February 26, 2008,  10:58 AM",Bill Passed (83-10)
33,Motion to Invoke Cloture on the Motion to Proceed to Consider S. 2633,"February 26, 2008,  02:52 PM","Cloture Motion Agreed to (70-24, 3/5 majority required)"
34,Motion to Invoke Cloture on the Motion to Proceed to Consider S. 2634,"February 27, 2008,  06:27 PM","Cloture Motion Agreed to (89-3, 3/5 majority required)"
35,Motion to Invoke Cloture on the Motion to Proceed to H.R.3221,"February 28, 2008,  04:55 PM","Cloture Motion Rejected (48-46, 3/5 majority required)"
36,Motion to Invoke Cloture on the Motion to Proceed to Consider S. 2663,"March 3, 2008,  05:31 PM","Motion Agreed to (86-1, 3/5 majority required)"
37,Motion To Table DeMint Amdt. No. 4095,"March 4, 2008,  05:30 PM",Motion to Table Agreed to (57-39)
38,Klobuchar Amdt. No. 4105 As Modified,"March 5, 2008,  02:05 PM",Amendment Agreed to (96-0)
39,Motion To Table Cornyn Amdt. No. 4094 As Modified Further,"March 5, 2008,  04:49 PM",Motion to Table Agreed to (51-45)
40,Motion To Table Vitter Amdt. No. 4097,"March 6, 2008,  11:01 AM",Motion to Table Agreed to (56-39)
41,H.R. 4040 As Amended ,"March 6, 2008,  04:53 PM",Bill Passed (79-13)
42,Baucus Amdt. No. 4160,"March 13, 2008,  11:13 AM",Amendment Agreed to (99-1)
43,Graham Amdt. No. 4170 as Modified,"March 13, 2008,  11:37 AM",Amendment Rejected (47-52)
44,Conrad Amdt. No. 4190,"March 13, 2008,  11:54 AM",Amendment Agreed to (53-46)
45,Specter Amdt. No. 4189,"March 13, 2008,  12:08 PM",Amendment Rejected (49-50)
46,Motion to Table Motion to Reconsider,"March 13, 2008,  12:22 PM",Motion Rejected (49-51)
47,Motion to Reconsider Amdt. No. 4189,"March 13, 2008,  12:38 PM","Motion to Reconsider Agreed to (50-50, Vice President voted Yea)"
48,Upon Reconsideration Specter Amdt. No. 4189,"March 13, 2008,  12:53 PM",Amendment Rejected (49-51)
49,Salazar Amdt. No. 4196 as Modified,"March 13, 2008,  01:08 PM",Amendment Rejected (38-62)
50,Kyl Amdt. No. 4191,"March 13, 2008,  01:24 PM",Amendment Rejected (50-50)
51,Conrad Amdt. No. 4204,"March 13, 2008,  01:48 PM",Amendment Agreed to (53-46)
52,Bunning Amdt. No. 4192 as Modified,"March 13, 2008,  02:02 PM",Amendment Rejected (47-53)
53,Specter Amdt. No. 4203,"March 13, 2008,  02:17 PM",Amendment Agreed to (95-4)
54,Dorgan Amdt. No. 4198,"March 13, 2008,  02:33 PM",Amendment Agreed to (69-30)
55,Bill Nelson Amdt. No. 4329,"March 13, 2008,  02:50 PM",Amendment Agreed to (56-43)
56,Alexander Amdt. No. 4207 as Modified,"March 13, 2008,  03:10 PM",Amendment Rejected (47-51)
57,Kennedy Amdt. No. 4350,"March 13, 2008,  03:39 PM",Amendment Agreed to (95-2)
58,Alexander Amdt. No. 4222,"March 13, 2008,  03:54 PM",Amendment Agreed to (54-44)
59,Menendez Amdt. No. 4259,"March 13, 2008,  04:13 PM",Amendment Agreed to (53-45)
60,Sessions Amdt. No. 4231,"March 13, 2008,  04:29 PM",Amendment Agreed to (61-37)
61,Motion to Waive C.B.A. Cornyn Amdt. No. 4242,"March 13, 2008,  04:47 PM","Motion Rejected (58-40, 3/5 majority required)"
62,Allard Amdt. No. 4246,"March 13, 2008,  05:07 PM",Amendment Rejected (0-97)
63,Ensign Amdt. No. 4240,"March 13, 2008,  05:28 PM",Amendment Rejected (42-56)
64,Sanders Amdt. No. 4218,"March 13, 2008,  05:45 PM",Amendment Rejected (43-55)
65,DeMint Amdt. No. 4328,"March 13, 2008,  06:08 PM",Amendment Rejected (41-57)
66,Allard Amdt. No. 4232,"March 13, 2008,  06:32 PM",Amendment Rejected (29-68)
67,Brownback Amdt. No. 4284,"March 13, 2008,  06:52 PM",Amendment Agreed to (49-48)
68,Kohl Amdt. No. 4197,"March 13, 2008,  07:13 PM",Amendment Agreed to (89-7)
69,Motion to Table Vitter Amdt. No. 4309,"March 13, 2008,  08:22 PM",Motion to Table Agreed to (58-40)
70,Boxer Amdt. No. 4368 as Modified,"March 13, 2008,  08:45 PM",Amendment Agreed to (90-5)
71,Ensign Amdt. No. 4335,"March 13, 2008,  09:10 PM",Amendment Rejected (49-49)
72,Motion to Waive C.B.A. DeMint Amdt. No. 4340,"March 13, 2008,  09:20 PM","Motion Rejected (39-59, 3/5 majority required)"
73,Motion to Waive C.B.A. Cornyn Amdt. No. 4313,"March 13, 2008,  09:38 PM","Motion Rejected (27-71, 3/5 majority required)"
74,Kyl Amdt. No. 4348,"March 13, 2008,  10:01 PM",Amendment Rejected (49-50)
75,Motion to Waive C.B.A. DeMint Amdt No. 4347,"March 13, 2008,  10:25 PM","Motion Rejected (29-71, 3/5 majority required)"
76,Landrieu Amdt. No. 4378,"March 13, 2008,  10:44 PM",Amendment Rejected (23-77)
77,Kyl Amdt. No. 4372,"March 13, 2008,  11:04 PM",Amendment Rejected (48-50)
78,Grassley Amdt. No. 4276 as Modified,"March 13, 2008,  11:21 PM",Amendment Rejected (47-51)
79,DeMint Amdt. No. 4380,"March 13, 2008,  11:54 AM",Amendment Rejected (41-57)
80,Boxer Amdt. No. 4379,"March 14, 2008,  12:11 AM",Amendment Agreed to (70-27)
81,Allard Amdt. No. 4233,"March 14, 2008,  12:29 AM",Amendment Rejected (46-52)
82,DeMint Amdt. No. 4339,"March 14, 2008,  12:45 AM",Amendment Rejected (45-51)
83,Biden Amdt. No. 4245,"March 14, 2008,  01:02 AM",Amendment Agreed to (73-23)
84,Vitter Amdt. No. 4299,"March 14, 2008,  01:17 AM",Amendment Agreed to (73-23)
85,S. Con. Res. 70 as Amended,"March 14, 2008,  01:40 AM",Concurrent Resolution Agreed to (51-44)
86,Upon Reconsideration Motion to Invoke Cloture on the Motion to Proceed to H.R. 3221,"April 1, 2008,  02:29 PM","Cloture Motion Agreed to (94-1, 3/5 majority required)"
87,S. Res. 501,"April 3, 2008,  02:48 PM",Resolution Agreed to (95-0)
88,Motion to Table Durbin Amdt. No. 4388,"April 3, 2008,  03:37 PM",Motion to Table Agreed to (58-36)
89,Motion to Waive CBA Murray Amdt. No. 4397,"April 3, 2008,  07:34 PM","Motion Rejected (44-40, 3/5 majority required)"
90,Motion to Waive CBA Kyl Amdt. No. 4407,"April 3, 2008,  08:00 PM","Motion Rejected (41-44, 3/5 majority required)"
91,Voinovich Amdt. No. 4406 As Modified,"April 4, 2008,  09:08 AM",Amendment Agreed to (76-2)
92,"Motion to Waive S. Con. Res. 21, sec. 204. Re: Landrieu Amdt. No. 4389, As Further Modified","April 4, 2008,  09:34 AM","Motion Agreed to (74-5, 3/5 majority required)"
93,Motion to Invoke Cloture on the Dodd Amdt. No. 4387,"April 8, 2008,  02:17 PM","Cloture Motion Agreed to (92-6, 3/5 majority required)"
94,Alexander Amdt. No. 4429,"April 10, 2008,  10:59 AM",Amendment Rejected (15-79)
95,Ensign Amdt. No. 4419,"April 10, 2008,  11:24 AM",Amendment Agreed to (88-8)
96,H.R. 3221 As Amended,"April 10, 2008,  11:41 AM",Bill Passed (84-12)
97,Coburn Amdt. No. 4522,"April 10, 2008,  02:19 PM",Amendment Rejected (30-63)
98,Coburn Amdt. No. 4521,"April 10, 2008,  02:44 PM",Amendment Rejected (19-76)
99,Coburn Amdt. No. 4520,"April 10, 2008,  03:00 PM",Amendment Rejected (27-67)
100,Coburn Amdt. 4519,"April 10, 2008,  03:18 PM",Amendment Rejected (22-73)
101,S.2739,"April 10, 2008,  03:34 PM",Bill Passed (91-4)
102,"Confirmation Brian Stacy Miller, of Arkansas, to be US District Judge","April 10, 2008,  05:56 PM",Nomination Confirmed (88-0)
103,Motion to Invoke Cloture on the Motion to Proceed to Consider H.R. 1195,"April 14, 2008,  05:31 PM","Cloture Motion Agreed to (93-1, 3/5 majority required)"
104,"Motion to Table DeMint Motion to Recommit H.R. 1195, with Instructions","April 16, 2008,  02:16 PM",Motion to Table Motion to Recommit Agreed to (78-18)
105,"Boxer Amdt. No. 4539, as Modified","April 17, 2008,  03:35 PM","Amendment Agreed to (64-28, 3/5 majority required)"
106,Coburn Amdt. No. 4538,"April 17, 2008,  04:00 PM","Amendment Rejected (49-43, 3/5 majority required)"
107,Motion to Invoke Cloture on the Boxer Amdt. No. 4146 (Subst.),"April 17, 2008,  04:18 PM","Cloture Motion Agreed to (90-2, 3/5 majority required)"
108,H.R. 1195 As Amended,"April 17, 2008,  04:33 PM",Bill Passed (88-2)
109,Motion to Invoke Cloture on the Motion to Proceed to S.1315,"April 22, 2008,  12:00 PM","Cloture Motion Agreed to (94-0, 3/5 majority required)"
110,Motion to Invoke Cloture on the Motion to Proceed to Consider H.R. 2831,"April 23, 2008,  06:17 PM","Cloture Motion Rejected (56-42, 3/5 majority required)"
111,Burr Amdt. No. 4572,"April 24, 2008,  12:16 PM",Amendment Rejected (41-56)
112,S.1315 as Amended,"April 24, 2008,  12:39 PM",Bill Passed (96-1)
113,H.R.493 as Amended,"April 24, 2008,  02:14 PM",Bill Passed (95-0)
114,Motion to Invoke Cloture on the Motion to Proceed to Consider H.R.2881,"April 28, 2008,  05:31 PM","Cloture Motion Agreed to (88-0, 3/5 majority required)"
115,Motion to Invoke Cloture on the Rockefeller Amdt. No. 4627 (Subst.) to H.R. 2881,"May 6, 2008,  02:32 PM","Cloture Motion Rejected (49-42, 3/5 majority required)"
116,Motion to Invoke Cloture on the Motion to Proceed to Consider S.2284,"May 6, 2008,  02:57 PM","Cloture Motion Agreed to (90-1, 3/5 majority required)"
117,Wicker Amdt. No. 4719,"May 7, 2008,  06:03 PM",Amendment Rejected (19-74)
118,Vitter Amdt. No. 4722,"May 7, 2008,  06:31 PM",Amendment Rejected (27-66)
119,Vitter Amdt. No. 4723,"May 7, 2008,  06:50 PM",Amendment Rejected (23-69)
120,Landrieu Amdt. No. 4705 As Further Modified,"May 7, 2008,  07:07 PM",Amendment Rejected (30-62)
121,"Motion to Waive S. Con. Res. 21, 110th, Sect. 201, re: Dodd Amdt. No. 4707","May 8, 2008,  12:04 PM","Motion Agreed to (70-26, 3/5 majority required)"
122,Durbin Amdt. No. 4715 as Modified,"May 8, 2008,  03:50 PM",Amendment Agreed to (68-24)
123,McConnell Amdt. No. 4720,"May 13, 2008,  11:25 AM","Amendment Rejected (42-56, 3/5 majority required)"
124,Reid Amdt. No. 4737,"May 13, 2008,  11:50 AM","Amendment Agreed to (97-1, 3/5 majority required)"
125,H.R. 3121 As Amended,"May 13, 2008,  12:08 PM",Bill Passed (92-6)
126,Motion to Invoke Cloture on the Motion to Proceed to H.R. 980,"May 13, 2008,  12:24 PM","Cloture Motion Agreed to (69-29, 3/5 majority required)"
127,Motion to Table Graham Amdt. No. 4763,"May 14, 2008,  02:50 PM",Motion to Table Agreed to (55-42)
128,"Motion to Waive S. Con. Res. 21, 110th Congress, sect. 203 re: Conference Report to accompany H.R. 2419","May 15, 2008,  11:31 AM","Motion Agreed to (74-21, 3/5 majority required)"
129,"Motion to Waive Rule XLIV, 8(a) re: H.R. 2419 Conference Report","May 15, 2008,  11:55 AM","Motion Agreed to (62-34, 3/5 majority required)"
130,Conference Report to Accompany H.R. 2419,"May 15, 2008,  12:16 PM",Conference Report Agreed to (81-15)
131,Gregg Motion to Instruct Conferees (Tax Increase) re: S. Con. Res. 70,"May 15, 2008,  05:41 PM",Motion Rejected (44-51)
132,Boxer Motion to Instruct Conferees (China - India) re: S. Con. Res. 70,"May 15, 2008,  06:15 PM",Motion Agreed to (55-40)
133,DeMint Motion to Instruct Conferees (China - India) re: S. Con. Res. 70,"May 15, 2008,  06:35 PM",Motion Rejected (34-61)
134,Vitter Motion to Instruct Conferees (OCS) re: S. Con. Res. 70,"May 15, 2008,  06:54 PM",Motion Rejected (44-51)
135,Gregg Motion to Instruct Conferees (Discretionary Spending) re: S. Con. Res. 70,"May 15, 2008,  07:18 PM",Motion Rejected (47-48)
136,"Confirmation G. Steven Agee, of Virginia to be US Circuit Judge","May 20, 2008,  02:30 PM",Nomination Confirmed (96-0)
137,Motion to Concur in the House Amendment No. 2 with Amdt. No. 4803,"May 22, 2008,  11:42 AM","Motion Agreed to (75-22, 3/5 majority required)"
138,"Motion to Concur in the House Amdt. No. 1 to the Senate Amdt. to HR 2642, with an Amdt. No. 4817","May 22, 2008,  12:08 PM","Motion Rejected (34-63, 3/5 majority required)"
139,Motion to Concur to the House Amendment No. 1 to the Senate Amdt. with Amdt. No. 4818,"May 22, 2008,  12:29 PM","Motion Agreed to (70-26, 3/5 majority required)"
140,"Upon Reconsideration Shall the Bill H.R. 2419 Pass, the Objections of the President of the United States to the Contrary Not Withstanding?","May 22, 2008,  11:57 AM","Veto Overridden (82-13, 2/3 majority required)"
141,Motion to Invoke Cloture on the Motion to Proceed to Consider S.3036,"June 2, 2008,  05:32 PM","Cloture Motion Agreed to (74-14, 3/5 majority required)"
142,S. Con. Res. 70 Conference Report,"June 4, 2008,  11:51 AM",Conference Report Agreed to (48-45)
143,Motion to Instruct Sgt-At-Arms,"June 4, 2008,  09:51 PM",Motion Rejected (27-28)
144,H.R. 6124,"June 5, 2008,  05:13 PM",Bill Passed (77-15)
145,Motion to Invoke Cloture on the Boxer Amdt. No. 4825,"June 6, 2008,  09:03 AM","Cloture Motion Rejected (48-36, 3/5 majority required)"
146,Motion to Invoke Cloture on the Motion to Proceed to Consider S. 3044,"June 10, 2008,  11:24 AM","Cloture Motion Rejected (51-43, 3/5 majority required)"
147,Motion to Invoke Cloture on the Motion to Proceed to Consider H.R. 6049,"June 10, 2008,  11:57 AM","Cloture Motion Rejected (50-44, 3/5 majority required)"
148,"Confirmation Mark S. Davis of Virginia, to be US District Judge","June 10, 2008,  12:27 PM",Nomination Confirmed (94-0)
149,Motion to Invoke Cloture on the Motion to Proceed to Consider S. 3101,"June 12, 2008,  02:59 PM","Cloture Motion Rejected (54-39, 3/5 majority required)"
150,Motion to Invoke Cloture on the Motion to Proceed to H. R. 6049,"June 17, 2008,  02:28 PM","Motion Rejected (52-44, 3/5 majority required)"
151,"Upon Reconsideration Shall H.R. 6124 Pass, the Objections of the President to the Contrary Notwithstanding?","June 18, 2008,  05:31 PM","Veto Overridden (80-14, 2/3 majority required)"
152,Bond Amdt. No. 4986 As Modified,"June 19, 2008,  04:29 PM",Amendment Rejected (11-77)
153,Motion to Waive CBA Re: Bond Amdt. No. 4985,"June 19, 2008,  04:57 PM","Motion Rejected (21-69, 3/5 majority required)"
154,"Bunning Motion to Refer the House Message on H.R. 3221 to the Committee on Banking, Housing, and Urban Affairs","June 19, 2008,  06:02 PM","Motion Rejected (11-70, 3/5 majority required)"
155,"Motion to Invoke Cloture on the Motion to Concur in the House Amendment to the Senate Amendment striking sec. 1 through Title V and Inserting Language to the Senate Amdt. to H.R. 3221, with an Amdt.","June 24, 2008,  11:27 AM","Motion Agreed to (83-9, 3/5 majority required)"
156,"Confirmation Helene N. White, of Michigan, to be US Circuit Judge","June 24, 2008,  06:30 PM",Nomination Confirmed (63-32)
157,"Motion to Concur in the Amdt. of the House, Striking Section 1 through Title V and Inserting Certain Language, to the Senate Amdt. to H.R. 3221, with an Amdt No. 4983, as Amended","June 25, 2008,  06:02 PM",Motion Agreed to (79-16)
158,Motion to Invoke Cloture on the Motion to Proceed to H.R. 6304,"June 25, 2008,  06:25 PM","Cloture on the Motion to Proceed Agreed to (80-15, 3/5 majority required)"
159,"Confirmation William T. Lawrence, of Indiana, To Be US District Judge","June 26, 2008,  04:36 PM",Nomination Confirmed (97-0)
160,Motion to Invoke Cloture on the Motion to Proceed to Consider H.R. 6331,"June 26, 2008,  08:20 PM","Cloture on the Motion to Proceed Rejected (58-40, 3/5 majority required)"
161,Motion To Waive CBH Re: Motion To Concur In House Amdts To Senate Amdt To House Amdt To Senate Amdt To H.R. 2642,"June 26, 2008,  09:20 PM","Motion Agreed to (77-21, 3/5 majority required)"
162,Motion To Concur In House Amdts To Senate Amdt To House Amdt To Senate Amdt To H.R. 2642,"June 26, 2008,  09:42 PM",Motion Agreed to (92-6)
163,"Motion to Invoke Cloture on the Motion to Concur in the Amendments of the House, Striking Title VI through XI, To the Senate Amendment to H.R. 3221","July 7, 2008,  05:34 PM","Cloture Motion Agreed to (76-10, 3/5 majority required)"
164,Dodd Amdt. No. 5064,"July 9, 2008,  11:55 AM",Amendment Rejected (32-66)
165,Specter Amdt. No. 5059,"July 9, 2008,  12:20 PM","Amendment Rejected (37-61, 3/5 majority required)"
166,Bingaman Amdt. No. 5066,"July 9, 2008,  12:39 PM","Amendment Rejected (42-56, 3/5 majority required)"
167,Motion to Invoke Cloture on H.R. 6304,"July 9, 2008,  02:17 PM","Cloture Motion Agreed to (72-26, 3/5 majority required)"
168,H.R. 6304,"July 9, 2008,  02:47 PM",Bill Passed (69-28)
169,"Upon Reconsideration, Motion to Invoke Cloture on the Motion to Proceed to Consider H.R. 6331","July 9, 2008,  04:11 PM","Cloture Motion Agreed to (69-30, 3/5 majority required)"
170,"Motion to Invoke Cloture on the Motion to Disagree to the Amdts. of the House, Adding a New Title and Inserting a New Section, to the Amdt. of the Senate to H.R. 3221","July 10, 2008,  10:58 AM","Cloture Motion Agreed to (84-12, 3/5 majority required)"
171,"Confirmation Gen. David H. Petraeus, USA, to be General","July 10, 2008,  02:01 PM",Nomination Confirmed (95-2)
172,"Confirmation Lt. Gen. Raymond T. Odierno, USA, to be General","July 10, 2008,  02:24 PM",Nomination Confirmed (96-1)
173,"Motion to Disagree to the Amdts. of the House, Adding a New Title and Inserting a New Section, to the Amdt. of the Senate to H.R. 3221","July 11, 2008,  05:18 PM",Motion Agreed to (63-5)
174,Motion to Invoke Cloture on the Motion to Proceed to Consider S. 2731,"July 11, 2008,  05:49 PM","Cloture Motion Agreed to (65-3, 3/5 majority required)"
175,Motion to Table DeMint Amdt. No. 5068,"July 15, 2008,  11:26 AM",Motion to Table Agreed to (70-24)
176,Bunning Amdt. No. 5073,"July 15, 2008,  05:03 PM",Amendment Rejected (16-80)
177,"Shall H.R. 6331 Pass, the objections of the President of the United States to the contrary notwithstanding?","July 15, 2008,  05:58 PM","Veto Overridden (70-26, 2/3 majority required)"
178,Cornyn Amdt. No. 5083,"July 16, 2008,  12:16 PM",Amendment Rejected (32-63)
179,Gregg Amdt. No. 5081,"July 16, 2008,  05:05 PM",Amendment Rejected (44-51)
180,Kyl Amdt. No. 5082,"July 16, 2008,  05:33 PM",Amendment Rejected (28-67)
181,DeMint Amdt. No. 5077,"July 16, 2008,  05:53 PM",Amendment Rejected (31-64)
182,H.R. 5501 As Amended,"July 16, 2008,  06:42 PM",Bill Passed (80-16)
183,Motion to Invoke Cloture on the Motion to Proceed to S. 3268,"July 22, 2008,  11:28 AM","Cloture on the Motion to Proceed Agreed to (94-0, 3/5 majority required)"
184,Motion to Invoke Cloture on S. 3268,"July 25, 2008,  09:18 AM","Cloture Motion Rejected (50-43, 3/5 majority required)"
185,Motion to Invoke Cloture on the Motion to Concur in the House Amendment to the Senate Amendment to the House Amendments to the Senate Amendment to H.R. 3221,"July 25, 2008,  09:44 AM","Cloture Motion Agreed to (80-13, 3/5 majority required)"
186,Motion to Concur in the House Amendment to Senate Amendment to the House Amendments to the Senate Amendment to HR 3221,"July 26, 2008,  11:00 AM",Motion Agreed to (72-13)
187,Motion to Invoke Cloture on the Motion to Proceed to the Consideration of S. 3186,"July 26, 2008,  11:30 AM","Cloture Motion Rejected (50-35, 3/5 majority required)"
188,Motion to Instruct Sgt. At Arms,"July 28, 2008,  04:04 PM",Motion Agreed to (87-3)
189,Motion to Invoke Cloture on the Motion to Proceed to Consider S.3297,"July 28, 2008,  04:40 PM","Cloture Motion Rejected (52-40, 3/5 majority required)"
190,Upon Reconsideration Motion to Invoke Cloture on the Motion to Proceed to Consider H.R.6049,"July 29, 2008,  03:02 PM","Cloture Motion Rejected (53-43, 3/5 majority required)"
191,Motion to Invoke Cloture on the Motion to Proceed to Consider S. 2035,"July 30, 2008,  11:18 AM","Cloture Motion Rejected (51-43, 3/5 majority required)"
192,Motion to Invoke Cloture on the Motion to Proceed to Consider S.3335,"July 30, 2008,  11:50 AM","Cloture Motion Rejected (51-43, 3/5 majority required)"
193,H.R. 4040 Conference Report,"July 31, 2008,  08:01 PM",Conference Report Agreed to (89-3)
194,H.R. 4137 Conference Report,"July 31, 2008,  08:26 PM",Conference Report Agreed to (83-8)
195,Motion to Invoke Cloture on the Motion to Proceed to Consider S. 3001,"July 31, 2008,  08:54 PM","Cloture on the Motion to Proceed Rejected (51-39, 3/5 majority required)"
196,H. Con. Res. 398,"July 31, 2008,  09:15 PM",Concurrent Resolution Agreed to (48-40)
197,"Upon Reconsideration, Motion to Invoke Cloture on the Motion to Proceed to Consider S. 3001","September 8, 2008,  05:32 PM","Cloture Motion Agreed to (83-0, 3/5 majority required)"
198,Vitter Amdt. No. 5280,"September 10, 2008,  06:08 PM",Amendment Rejected (39-57)
199,Nelson (FL) Amdt. No. 4979,"September 10, 2008,  06:34 PM",Amendment Agreed to (94-2)
200,Motion to Invoke Cloture on S. 3001,"September 16, 2008,  03:07 PM","Cloture Motion Agreed to (61-32, 3/5 majority required)"
201,S. 3001 As Amended,"September 17, 2008,  06:33 PM",Bill Passed (88-8)
202,Baucus Amdt. No. 5633,"September 23, 2008,  04:48 PM","Amendment Agreed to (93-2, 3/5 majority required)"
203,Conrad Amdt No. 5634,"September 23, 2008,  05:16 PM","Amendment Rejected (53-42, 3/5 majority required)"
204,Motion to Waive C.B.A. Baucus Amdt. No.5635,"September 23, 2008,  05:34 PM","Motion Agreed to (84-11, 3/5 majority required)"
205,H.R.6049 As Amended,"September 23, 2008,  05:58 PM",Bill Passed (93-2)
206,Motion to Proceed to Consider S.3604,"September 26, 2008,  12:04 PM","Motion to Proceed Rejected (52-42, 3/5 majority required)"
207,Motion to Invoke Cloture on the Motion to Concur in the House Amdt. to the Senate Amdt. to H.R.2638,"September 27, 2008,  10:03 AM","Cloture Motion Agreed to (83-12, 3/5 majority required)"
208,Motion to Concur in the House Amendment to the Senate Amendment to H.R.2638,"September 27, 2008,  01:39 PM",Motion Agreed to (78-12)
209,Motion to Invoke Cloture on the Motion to Concur in the House Amdt. to the Senate Amdt. to H.R. 2095,"September 29, 2008,  12:38 PM","Cloture Motion Agreed to (69-17, 3/5 majority required)"
210,Motion to Concur in the House Amdt. To the Senate Amdt. to H.R. 2095,"October 1, 2008,  08:04 PM",Motion Agreed to (74-24)
211,H.R. 7081,"October 1, 2008,  08:32 PM","Bill Passed (86-13, 3/5 majority required)"
212,Dodd Amdt. No. 5685,"October 1, 2008,  09:07 PM","Amendment Agreed to (74-25, 3/5 majority required)"
213,H. R. 1424 As Amended,"October 1, 2008,  09:22 PM","Bill Passed (74-25, 3/5 majority required)"
