,title,vote_date,vote_result
0,Motion to Invoke Cloture on the Motion to Proceed to S. 22,"January 11, 2009,  02:00 PM","Cloture Motion Agreed to (66-12, 3/5 majority required)"
1,Motion to Invoke Cloture on the Motion to Proceed to S. 22,"January 11, 2009,  02:00 PM","Cloture Motion Agreed to (66-12, 3/5 majority required)"
2,Motion to Invoke Cloture on S.22.,"January 14, 2009,  10:31 AM","Cloture Motion Agreed to (68-24, 3/5 majority required)"
3,S.22 as Amended.,"January 15, 2009,  12:21 PM",Bill Passed (73-21)
4,Motion to Invoke Cloture on the Motion to Proceed to S.181,"January 15, 2009,  12:58 PM","Cloture Motion Agreed to (72-23, 3/5 majority required)"
5,"Confirmation Hillary Rodham Clinton, of New York, to be Secretary of State","January 21, 2009,  04:13 PM",Nomination Confirmed (94-2)
6,Motion to Table DeMint Amdt. No. 31,"January 22, 2009,  04:55 PM",Motion to Table Agreed to (66-31)
7,Motion to Table Isakson Amdt. No. 37,"January 22, 2009,  05:20 PM",Motion to Table Agreed to (59-38)
8,Motion to Table Vitter Amdt. No. 34,"January 22, 2009,  05:54 PM",Motion to Table Agreed to (59-38)
9,S. 181,"January 22, 2009,  06:17 PM","Bill Passed (61-36, 3/5 majority required)"
10,"Confirmation Timothy F. Geithner, of New York, to be Secretary of the Treasury","January 26, 2009,  06:00 PM",Nomination Confirmed (60-34)
11,"Motion to Invoke Cloture on the Nomination of Cass R. Sunstein, to be Administrator of the Office of Regulatory Affairs, Office of Management and Budget","September 9, 2009,  05:13 PM","Cloture Motion Agreed to (63-35, 3/5 majority required)"
