,title,vote_date,vote_result
0,S.Res.16,"January 8, 1999,  04:21 PM",Resolution Agreed to (100-0)
1,S.Res.16,"January 8, 1999,  04:21 PM",Resolution Agreed to (100-0)
2,Harkin motion to suspend the rules,"January 25, 1999,  05:09 PM","Motion Rejected (43-57, 2/3 majority required)"
3,Harkin motion to suspend the rules,"January 26, 1999,  04:07 PM","Motion Rejected (41-58, 2/3 majority required)"
4,Byrd motion to dismiss the impeachment proceedings,"January 27, 1999,  01:11 PM",Motion Rejected (44-56)
5,"House Mgrs. motion to subpoena witnesses, admit evidence not in recor","January 27, 1999,  01:21 PM",Motion Agreed to (56-44)
6,Daschle Amdt. No. 1,"January 28, 1999,  05:40 PM",Amendment Rejected (44-54)
7,Daschle Amdt. No. 2,"January 28, 1999,  05:54 PM",Amendment Rejected (43-55)
8,S.Res. 30 as amended,"January 28, 1999,  06:20 PM",Resolution Agreed to (54-44)
9,Division I of House Mngrs. Motion RE: Admission of Evidence,"February 4, 1999,  03:13 PM",Motion Agreed to (100-0)
10,Division III House Mgrs Motion Re: Appearance of Witnesses,"February 4, 1999,  03:24 PM",Motion Rejected (30-70)
11,Murray Motion to Substitute Division III of House Motion,"February 4, 1999,  03:35 PM",Motion Rejected (27-73)
12,Division III House Mgrs Motion Re: Presentation of Evidence,"February 4, 1999,  03:45 PM",Motion Agreed to (62-38)
13,Daschle motion to proceed to closing arguments.,"February 4, 1999,  03:54 PM",Motion Rejected (44-56)
14,White House Counsel - motion on video excerpts from depositions,"February 4, 1999,  04:16 PM",Motion Rejected (46-54)
15,Lott motion to suspend the rules.,"February 9, 1999,  01:11 PM","Motion Rejected (59-41, 2/3 majority required)"
16,Lott motion to close the doors.,"February 9, 1999,  01:42 PM",Motion Agreed to (53-47)
17,"Art I, Articles of Impeachment v. President W. J. Clinton","February 12, 1999,  12:08 PM","Not Guilty (45-55, 2/3 majority required)"
18,"Art II, Articles of Impeachment v. President W. J. Clinton","February 12, 1999,  12:36 PM","Not Guilty (50-50, 2/3 majority required)"
19,Gramm Motion to Postpone,"February 12, 1999,  12:56 PM","Motion Rejected (43-56, 3/5 majority required)"
20,Crapo Amdt. No. 9,"February 23, 1999,  02:18 PM",Amendment Agreed to (87-11)
21,Hutchison Amdt. No. 18,"February 23, 1999,  05:30 PM",Amendment Agreed to (100-0)
22,Sarbanes Amdt. No. 19,"February 24, 1999,  09:49 AM",Amendment Agreed to (94-6)
23,Cleland Amdt. No. 6,"February 24, 1999,  10:12 AM",Amendment Agreed to (100-0)
24,Motion to table Rockefeller Amdt. No. 26,"February 24, 1999,  05:26 PM",Motion to Table Failed (0-100)
25,Is the Gramm Point of Order well taken RE: Gramm Amdt. No. 29,"February 24, 1999,  06:12 PM","Point of Order Sustained (80-20, 3/5 majority required)"
26,S. 4 as amended,"February 24, 1999,  06:33 PM",Bill Passed (91-8)
27,S. Res.45,"February 25, 1999,  12:10 PM",Resolution Agreed to (99-0)
28,Passage of S.314,"March 2, 1999,  10:32 AM",Bill Passed (99-0)
29,S. Res. 7 As Amended,"March 2, 1999,  04:22 PM",Resolution Agreed to (92-6)
30,Motion to Table Wellstone Amdt no. 32,"March 3, 1999,  05:15 PM",Motion to Table Agreed to (55-42)
31,Jeffords Amdt no 36,"March 4, 1999,  02:24 PM",Amendment Agreed to (100-0)
32,Motion to table Jeffords Amdt. No. 38,"March 4, 1999,  05:20 PM",Motion to Table Agreed to (54-43)
33,Motion to table Allard Amdt. No. 40,"March 5, 1999,  10:14 AM",Motion to Table Failed (0-88)
34,Motion to Invoke Cloture on Jeffords Amdt No. 31,"March 8, 1999,  05:01 PM","Cloture Motion Rejected (54-41, 3/5 majority required)"
35,Motion to Invoke Cloture on Jeffords Amdt. No. 31,"March 9, 1999,  02:49 PM","Cloture Motion Rejected (55-39, 3/5 majority required)"
36,Cloture on Kennedy motion to recommit S. 280,"March 10, 1999,  02:04 PM","Cloture Motion Rejected (44-55, 3/5 majority required)"
37,"Cloture on Lott Amdt No 37, as modified","March 10, 1999,  02:27 PM","Cloture Motion Rejected (55-44, 3/5 majority required)"
38,S.Con.Res. 5,"March 11, 1999,  02:01 PM",Concurrent Resolution Agreed to (98-1)
39,Motion to table Lott Amdt. No. 60 as modified,"March 11, 1999,  02:46 PM",Motion to Table Failed (38-61)
40,Lott Amdt. No. 60,"March 11, 1999,  03:04 PM",Amendment Agreed to (60-39)
41,Motion to table Murray Amdt. No. 64,"March 11, 1999,  03:25 PM",Motion to Table Agreed to (55-44)
42,Lott Amdt. No. 66,"March 11, 1999,  03:44 PM",Amendment Agreed to (61-38)
43,Motion to table Bingaman Amdt. No. 63,"March 11, 1999,  04:03 PM",Motion to Table Agreed to (55-44)
44,Motion to Table Boxer Amdt No 65,"March 11, 1999,  04:28 PM",Motion to Table Agreed to (55-44)
45,Lott Amdt No 68,"March 11, 1999,  04:50 PM",Amendment Agreed to (78-21)
46,Motion to table Feinstein Amdt. No. 61,"March 11, 1999,  05:13 PM",Motion to Table Agreed to (59-40)
47,Motion to Table Wellstone Amdt No 62,"March 11, 1999,  05:34 PM",Motion to Table Agreed to (57-42)
48,"H.R. 800, as amended","March 11, 1999,  05:54 PM",Bill Passed (98-1)
49,Cochran Amdt. No. 69,"March 16, 1999,  02:16 PM",Amendment Agreed to (99-0)
50,Landrieu Amdt. No. 72,"March 16, 1999,  04:54 PM",Amendment Agreed to (99-0)
51,S.257 as amended,"March 17, 1999,  02:19 PM",Bill Passed (97-3)
52,S.643,"March 17, 1999,  04:16 PM",Bill Passed (100-0)
53,Motion to table Specter Amdt no 77,"March 18, 1999,  11:09 AM",Motion to Table Agreed to (71-29)
54,Motion to table Hutchinson Amdt. No. 89,"March 18, 1999,  02:31 PM",Motion to Table Agreed to (69-30)
55,Motion to invoke cloture on the Lott Amdt no. 124,"March 23, 1999,  02:32 PM","Cloture Motion Rejected (55-44, 3/5 majority required)"
56,Motion to table Murkowski Amdt no. 130,"March 23, 1999,  06:47 PM",Motion to Table Failed (40-59)
57,S.Con.Res. 21,"March 23, 1999,  07:55 PM",Concurrent Resolution Agreed to (58-41)
58,Abraham Amdt No 143,"March 24, 1999,  03:01 PM",Amendment Agreed to (99-0)
59,Motion to Waive CBA re: Lautenberg Amdt No 144,"March 24, 1999,  03:26 PM","Motion Rejected (45-54, 3/5 majority required)"
60,Ashcroft Amdt No 145,"March 24, 1999,  08:02 PM",Amendment Agreed to (99-0)
61,Motion to waive CBA re: Conrad Amdt No 144,"March 24, 1999,  08:28 PM","Motion Rejected (45-54, 3/5 majority required)"
62,Motion to Table Bond Amdt No 151,"March 24, 1999,  08:47 PM",Motion to Table Agreed to (97-2)
63,Johnson Amdt No 153,"March 24, 1999,  09:05 PM",Amendment Agreed to (99-0)
64,Motion to waive CBA RE: Specter Amdt. No. 157,"March 25, 1999,  11:57 AM","Motion Rejected (47-52, 3/5 majority required)"
65,"Roth Amdt. No. 176, as modified.","March 25, 1999,  12:29 PM",Amendment Agreed to (56-43)
66,Motion to table Kennedy Amdt. No. 177,"March 25, 1999,  12:47 PM",Motion to Table Agreed to (53-46)
67,S. Res. 57,"March 25, 1999,  05:18 PM",Bill Passed (98-0)
68,Santorum Amdt. No. 212,"March 25, 1999,  05:43 PM",Amendment Agreed to (97-1)
69,Motion to Waive CBA: Reed Amdt. No.162,"March 25, 1999,  06:01 PM","Motion Rejected (49-50, 3/5 majority required)"
70,Motion to Waive CBA re: Craig Amdt.No. 146,"March 25, 1999,  06:17 PM","Motion Rejected (52-47, 3/5 majority required)"
71,Motion to Table Voinovich Amdt. No.161,"March 25, 1999,  06:42 PM",Motion to Table Agreed to (67-32)
72,Motion to table Kennedy Amdt. No. 192,"March 25, 1999,  07:02 PM",Motion to Table Agreed to (54-45)
73,Motion to waive CBA re: Crapo Amdt. No.163,"March 25, 1999,  07:21 PM","Motion Rejected (42-57, 3/5 majority required)"
74,"Motion to table Dodd Amdt. No.160, as modified","March 25, 1999,  07:38 PM",Motion to Table Failed (40-57)
75,Motion to table Dorgan Amdt. No. 178,"March 25, 1999,  10:10 AM",Motion to Table Agreed to (53-45)
76,Motion to waive Snowe Amdt. No. 232,"March 25, 1999,  10:30 AM","Motion Rejected (54-44, 3/5 majority required)"
77,Motion to waive CBA Re: Kennedy Amdt. No. 195,"March 25, 1999,  08:44 PM","Motion Rejected (45-53, 3/5 majority required)"
78,Hollings Amdt. No.174,"March 25, 1999,  09:00 PM",Amendment Rejected (24-74)
79,Motion to table Kennedy Amdt. No. 196,"March 25, 1999,  09:25 PM",Motion to Table Agreed to (54-45)
80,Motion to waive Re: Lautenberg Amdt. No. 190,"March 25, 1999,  09:43 PM","Motion Rejected (45-54, 3/5 majority required)"
81,H.Con.Res. 68 as amended,"March 25, 1999,  10:00 PM",Bill Passed (55-44)
82,Lautenberg Motion to Instruct Conferees re: H.Con.Res 68,"April 13, 1999,  04:17 PM",Motion Agreed to (98-0)
83,Domenici Motion to Instruct Conferees Re: H.Con.Res. 68,"April 13, 1999,  04:45 PM",Motion Agreed to (57-42)
84,Motion to table Kennedy motion to instruct re: H.Con.Res. 68,"April 13, 1999,  05:04 PM",Motion to Table Agreed to (54-45)
85,Dodd motion to instruct conferees re: H.Con.Res.68,"April 13, 1999,  05:23 PM",Motion Agreed to (66-33)
86,H.Con.Res. 68 Conference Report,"April 15, 1999,  02:01 PM",Conference Report Agreed to (54-44)
87,H.R. 1376,"April 15, 1999,  04:30 PM",Bill Passed (95-0)
88,S.531,"April 19, 1999,  05:31 PM",Bill Passed (86-0)
89,H.R. 800 Conference Report,"April 21, 1999,  03:40 PM",Conference Report Agreed to (98-1)
90,Motion to invoke cloture on Amdt. No. 254 to S.557,"April 22, 1999,  11:42 AM","Cloture Motion Rejected (54-45, 3/5 majority required)"
91,Motion to invoke cloture re: Motion to proceed to S.96,"April 26, 1999,  05:31 PM","Cloture Motion Agreed to (94-0, 3/5 majority required)"
92,H.Con.Res. 92,"April 27, 1999,  05:11 PM",Concurrent Resolution Agreed to (99-0)
93,Motion to instruct Sgt.-at-Arms,"April 28, 1999,  03:06 PM",Motion for Attendance Agreed to (98-1)
94,Motion to table Kennedy motion to commit,"April 28, 1999,  03:33 PM",Motion to Table Motion to Recommit Agreed to (55-44)
95,Cloture motion re: McCain Amdt no. 267,"April 29, 1999,  10:39 AM","Cloture Motion Rejected (52-47, 3/5 majority required)"
96,Cloture motion Abraham Amdt no. 255,"April 30, 1999,  10:05 AM","Cloture Motion Rejected (49-44, 3/5 majority required)"
97,S.Res.33,"April 30, 1999,  10:29 AM",Resolution Agreed to (93-0)
98,Motion to table S.J.RES.20,"May 4, 1999,  09:57 AM",Motion to Table Agreed to (78-22)
99,S.Res.94,"May 5, 1999,  09:36 AM",Resolution Agreed to (92-0)
100,Motion to table Sarbanes Amdt no. 302,"May 5, 1999,  12:03 PM",Motion to Table Agreed to (54-43)
101,Motion to table Bryan Amdt. No. 303,"May 5, 1999,  07:02 PM",Motion to Table Agreed to (52-45)
102,Gramm Amdt no. 308,"May 6, 1999,  11:30 AM",Amendment Agreed to (95-2)
103,Motion to table Johnson Amdt no. 309 as modified,"May 6, 1999,  03:32 PM",Motion to Table Failed (32-67)
104,Motion to table Shelby Amdt no. 315,"May 6, 1999,  06:34 PM",Motion to Table Agreed to (53-46)
105,S.900 as amended,"May 6, 1999,  08:14 PM",Bill Passed (54-44)
106,Gregg Amdt no. 324,"May 11, 1999,  05:19 PM",Amendment Agreed to (94-5)
107,Motion to table Robb Amdt no. 325,"May 11, 1999,  05:49 PM",Motion to Table Agreed to (55-44)
108,"Hatch Amdt no. 322, as modified","May 11, 1999,  06:05 PM",Amendment Agreed to (96-3)
109,Motion to table Leahy Amdt. No. 327,"May 12, 1999,  10:42 AM",Motion to Table Agreed to (54-44)
110,Brownback Amdt. No. 329,"May 12, 1999,  04:34 PM",Amendment Agreed to (98-0)
111,Motion to Table Lautenberg Amdt No. 331,"May 12, 1999,  05:07 PM",Motion to Table Agreed to (51-47)
112,Craig Amdt No. 332,"May 12, 1999,  05:37 PM",Amendment Agreed to (53-45)
113,Hatch Amdt. No. 335,"May 13, 1999,  09:48 AM",Amendment Agreed to (100-0)
114,Motion to Table Hollings Amdt. No. 328,"May 13, 1999,  12:33 PM",Motion to Table Agreed to (60-39)
115,Ashcroft Amdt. No. 342,"May 13, 1999,  05:06 PM",Amendment Agreed to (96-2)
116,Motion to Table Feinstein Amdt. No. 343 as modified further,"May 13, 1999,  05:41 PM",Motion to Table Failed (39-59)
117,Motion to Table Hatch Amdt. No. 344,"May 13, 1999,  06:29 PM",Motion to Table Failed (3-94)
118,Hatch Amdt. No. 344,"May 14, 1999,  10:10 AM",Amendment Agreed to (48-47)
119,Motion to table Schumer Amdt. No. 350,"May 14, 1999,  10:43 AM",Motion to Table Agreed to (50-43)
120,Cloture Motion Re: Motion to proceed to consideration S. 96,"May 18, 1999,  09:50 AM","Cloture Motion Rejected (53-45, 3/5 majority required)"
121,Allard Amdt. No. 351,"May 18, 1999,  04:00 PM",Amendment Agreed to (85-13)
122,Kohl Amendment No. 352,"May 18, 1999,  04:29 PM",Amendment Agreed to (78-20)
123,Hatch Amendment No. 353,"May 18, 1999,  04:51 PM",Amendment Agreed to (85-13)
124,Byrd Amdt. No. 339,"May 18, 1999,  05:10 PM",Amendment Agreed to (80-17)
125,Motion to table Wellstone Amdt. No. 359,"May 18, 1999,  05:56 PM",Motion to Table Agreed to (55-44)
126,Ashcroft Amdt No. 348,"May 18, 1999,  06:25 PM",Amendment Rejected (26-73)
127,Sessions Amendment No. 357,"May 19, 1999,  01:08 PM",Amendment Agreed to (56-43)
128,Motion to table Wellstone Amdt. No. 358 as modified,"May 19, 1999,  01:35 PM",Motion to Table Agreed to (61-38)
129,Santorum Amendment No. 360,"May 19, 1999,  01:59 PM",Amendment Agreed to (81-17)
130,Motion to table Wellstone Amdt. No. 364,"May 19, 1999,  08:42 PM",Motion to Table Agreed to (52-48)
131,McConnell Amdt. No. 365,"May 19, 1999,  09:08 PM",Amendment Agreed to (67-33)
132,Motion to table Boxer Amdt. No. 319,"May 19, 1999,  09:26 PM",Motion to Table Agreed to (53-47)
133,Smith Amendment No. 366 as modified,"May 20, 1999,  10:50 AM",Amendment Agreed to (79-21)
134,Lautenberg Amendment No. 362,"May 20, 1999,  11:19 AM","Amendment Agreed to (50-50, Vice President voted Yea)"
135,Motion to waive CBA re: conference to accompany H.R.1141,"May 20, 1999,  02:15 PM","Motion Agreed to (70-30, 3/5 majority required)"
136,Conference Report to accompany H.R.1141,"May 20, 1999,  04:02 PM",Conference Report Agreed to (64-36)
137,Frist Amdt. No. 355,"May 20, 1999,  05:26 PM",Amendment Agreed to (75-24)
138,"Bond amdt no. 345, as modified","May 20, 1999,  07:17 PM",Amendment Rejected (41-56)
139,Biden Amdt No. 371,"May 20, 1999,  07:45 PM",Amendment Rejected (48-50)
140,S. 254 as amended,"May 20, 1999,  07:59 PM",Bill Passed (73-25)
141,Landrieu amendment No. 384,"May 24, 1999,  05:30 PM",Amendment Agreed to (90-0)
142,Roth Amdt. No. 388,"May 25, 1999,  02:19 PM",Amendment Agreed to (52-47)
143,"Roberts Amdt. No. 377, as modified","May 25, 1999,  02:52 PM",Amendment Agreed to (87-12)
144,Wellstone Amdt. No. 382,"May 25, 1999,  03:12 PM",Amendment Rejected (49-50)
145,Motion to table Specter Amdt. No. 383 as modified,"May 25, 1999,  05:59 PM",Motion to Table Agreed to (52-48)
146,Gramm Amdt. No. 392,"May 25, 1999,  07:24 PM",Amendment Rejected (49-51)
147,McCain Amdt. No. 393,"May 26, 1999,  01:48 PM",Amendment Rejected (40-60)
148,Motion to Table Murray Amdt. No. 397,"May 26, 1999,  03:24 PM",Motion to Table Agreed to (51-49)
149,Motion to Table Kerrey Amdt. No. 395,"May 26, 1999,  04:40 PM",Motion to Table Agreed to (56-44)
150,Motion to Reconsider the vote Re: Amdt. No. 392 was not agreed to.,"May 26, 1999,  05:07 PM",Motion to Reconsider Agreed to (51-49)
151,Motion to Table Smith Amdt. No. 406,"May 26, 1999,  08:03 PM",Motion to Table Agreed to (77-21)
152,Kennedy Amdt. No. 442,"May 27, 1999,  11:50 AM",Amendment Agreed to (98-0)
153,Motion to Table Feingold Amdt. No. 443,"May 27, 1999,  12:21 PM",Motion to Table Agreed to (87-11)
154,S.1059 As Amended,"May 27, 1999,  07:46 PM",Bill Passed (92-3)
155,Grassley Amendment No. 540,"June 8, 1999,  09:45 AM",Amendment Agreed to (93-0)
156,McCain Amendment No. 584,"June 8, 1999,  03:46 PM",Amendment Rejected (16-81)
157,Motion to table Boxer Amdt. No. 541,"June 8, 1999,  05:39 PM",Motion to Table Agreed to (66-31)
158,"S.1122, as amended","June 8, 1999,  06:17 PM",Bill Passed (93-4)
159,Motion to Table Kerry Amdt. No. 610,"June 9, 1999,  06:03 PM",Motion to Table Agreed to (57-41)
160,Leahy Amdt. No. 6111,"June 9, 1999,  06:54 PM",Amendment Rejected (32-65)
161,Edwards Amendment No. 619,"June 10, 1999,  11:43 AM",Amendment Rejected (41-57)
162,Edwards Amendment No. 620,"June 10, 1999,  12:10 PM",Amendment Rejected (36-62)
163,"Motion to Table Boxer Amdt. No.621, as Modified","June 10, 1999,  04:14 PM",Motion to Table Agreed to (66-32)
164,Gregg Amendment No. 624 as Modified,"June 15, 1999,  02:18 PM",Amendment Agreed to (71-28)
165,H.R.775 as Amended,"June 15, 1999,  02:55 PM",Bill Passed (62-37)
166,Motion to Invoke Cloture on Amdt. No 297 to S.557,"June 15, 1999,  04:22 PM","Cloture Motion Rejected (53-46, 3/5 majority required)"
167,Motion to Invoke Cloture on Motion to Proceed to H.R.1664,"June 15, 1999,  05:16 PM","Cloture Motion Agreed to (71-28, 3/5 majority required)"
168,S.1205,"June 16, 1999,  10:43 AM",Bill Passed (97-2)
169,S.331 as Amended,"June 16, 1999,  11:11 AM",Bill Passed (99-0)
170,Motion to Invoke Cloture on H.R.1259,"June 16, 1999,  02:46 PM","Cloture Motion Rejected (55-44, 3/5 majority required)"
171,Motion to Table the Decision of the Chair Re: Motion to Recommit,"June 16, 1999,  03:45 PM",Motion Agreed to (60-39)
172,S.1186 as Amended,"June 16, 1999,  04:15 PM",Bill Passed (97-2)
173,H.R.1905 as Modified,"June 16, 1999,  05:01 PM",Bill Passed (95-4)
174,Motion to Table McCain Amdt. No. 685,"June 17, 1999,  04:39 PM",Motion to Table Agreed to (64-34)
175,Motion to Table Murkowski Amdt. No. 686,"June 17, 1999,  05:26 PM",Motion to Table Agreed to (59-38)
176,H.R.1664 as Amended,"June 18, 1999,  09:37 AM",Bill Passed (63-34)
177,Sarbanes Amdt. No. 689 as modified,"June 21, 1999,  05:30 PM",Amendment Agreed to (88-0)
178,Motion to Invoke Cloture on Motion to Proceed to H.R. 975,"June 22, 1999,  12:29 PM","Cloture on the Motion to Proceed Rejected (42-57, 3/5 majority required)"
179,Feingold Amdt. No. 692,"June 22, 1999,  02:21 PM",Amendment Rejected (23-76)
180,"S. 886, As Amended","June 22, 1999,  02:57 PM",Bill Passed (97-2)
181,Motion to Table Lott Amdt. No. 703,"June 22, 1999,  05:49 PM",Motion to Table Failed (45-55)
182,Motion to Table Daschle Amdt. No. 702,"June 22, 1999,  06:19 PM",Motion to Table Agreed to (53-47)
183,Motion to Instruct Sgt-At-Arms,"June 24, 1999,  03:33 PM",Motion for Attendance Agreed to (97-1)
184,Motion to Invoke Cloture on S. 1233,"June 28, 1999,  05:32 PM","Cloture Motion Rejected (50-37, 3/5 majority required)"
185,Motion to Invoke Cloture on Motion to Proceed to Consider S. 1143,"June 28, 1999,  06:07 PM","Cloture Motion Rejected (49-40, 3/5 majority required)"
186,Motion to Invoke Cloture on Motion to Proceed to Consider S. 1217,"June 28, 1999,  06:23 PM","Cloture Motion Rejected (49-39, 3/5 majority required)"
187,Motion to Invoke Cloture on Motion to Proceed to Consider S. 1234,"June 28, 1999,  06:37 PM","Cloture Motion Rejected (49-41, 3/5 majority required)"
188,LEAHY AMDT. NO. 1179,"June 30, 1999,  01:51 PM",Amendment Agreed to (98-0)
189,Motion to Table Dodd Amdt. No. 1157,"June 30, 1999,  06:19 PM",Motion to Table Agreed to (55-43)
190,Nominations Confirmed: Ellison;Feess;Underhill;Pepper;Schreier,"June 30, 1999,  06:47 PM",Nomination Confirmed (94-4)
191,McConnell Amdt. No. 1119,"June 30, 1999,  07:12 PM",Amendment Agreed to (53-45)
192,"S. 1234, As Amended","June 30, 1999,  07:35 PM",Bill Passed (97-2)
193,Cloture Motion on the Motion to Proceed to S.557,"July 1, 1999,  10:46 AM",Cloture Motion Agreed to (99-1)
194,Motion to Table Lautenberg Amdt. No. 1214,"July 1, 1999,  03:36 PM",Motion to Table Agreed to (58-40)
195,Nomination: Lawrence H. Summers to be Secretary of the Treasury,"July 1, 1999,  04:09 PM",Nomination Confirmed (97-2)
196,Conference Report to Accompany H.R. 775,"July 1, 1999,  06:01 PM",Conference Report Agreed to (81-18)
197,Motion to Table DeWine Amdt. No. 1200,"July 1, 1999,  07:18 PM",Motion to Table Failed (47-51)
198,Robb Amendment No. 1237,"July 13, 1999,  04:36 PM",Amendment Rejected (48-52)
199,Frist Amendment No. 1238,"July 13, 1999,  06:52 PM",Amendment Agreed to (52-48)
200,Nickles Amendment No. 1236 as amended,"July 13, 1999,  07:23 PM",Amendment Agreed to (52-48)
201,Graham Amendment No. 1235,"July 13, 1999,  07:41 PM",Amendment Rejected (47-53)
202,Santorum Amendment No. 1234,"July 13, 1999,  08:02 PM",Amendment Agreed to (53-47)
203,Snowe Amdt. No. 1241,"July 14, 1999,  01:25 PM",Amendment Agreed to (55-45)
204,Kennedy Amdt. No. 1242,"July 14, 1999,  03:50 PM",Amendment Rejected (48-52)
205,Bingaman Amdt. No. 1245,"July 14, 1999,  07:49 PM",Amendment Rejected (47-53)
206,Gregg Amendment No. 1250,"July 15, 1999,  12:09 PM",Amendment Agreed to (53-47)
207,"Collins Amendment No. 1243, as amended.","July 15, 1999,  04:08 PM",Amendment Agreed to (54-46)
208,Ashcroft Amendment No. 1252,"July 15, 1999,  04:34 PM",Amendment Agreed to (54-46)
209,Kerrey Amendment No. 1253,"July 15, 1999,  06:53 PM",Amendment Rejected (48-52)
210,S.1344 as amended.,"July 15, 1999,  08:22 PM",Bill Passed (53-47)
211,Cloture Motion RE: Lott Amdt. No. 297,"July 16, 1999,  10:41 AM","Cloture Motion Rejected (52-43, 3/5 majority required)"
212,Motion to Invoke Cloture on Motion to Proceed to H.R. 1555,"July 20, 1999,  10:42 AM","Cloture Motion Agreed to (99-0, 3/5 majority required)"
213,Motion to Discharge S.J.Res.27,"July 20, 1999,  03:30 PM",Motion to Discharge Rejected (12-87)
214,Motion to Discharge S.J.Res.28,"July 20, 1999,  03:57 PM",Motion to Discharge Rejected (5-94)
215,Levin Amendment No. 1261,"July 21, 1999,  01:18 PM",Amendment Rejected (44-54)
216,"Kyl Amendment No. 1258, as amended.","July 21, 1999,  05:05 PM",Amendment Agreed to (96-1)
217,Lautenberg Amdt. No. 1302,"July 22, 1999,  07:08 PM",Amendment Rejected (43-54)
218,Motion to Table Enzi Amdt. No. 1301,"July 22, 1999,  07:34 PM",Motion to Table Failed (45-52)
219,Motion to Table Wellstone Amdt. No. 1303,"July 22, 1999,  08:26 PM",Motion to Table Agreed to (56-40)
220,Motion to Table Boxer Amdt. No. 1306,"July 22, 1999,  09:43 PM",Motion to Table Failed (35-61)
221,Daschle Amendment No. 1343,"July 26, 1999,  05:32 PM",Amendment Rejected (47-51)
222,S.RES.160,"July 26, 1999,  06:02 PM",Resolution Agreed to (53-45)
223,Motion to Table Murray Amdt. No. 1360,"July 27, 1999,  07:41 PM",Motion to Table Agreed to (55-41)
224,Motion to Invoke cloture on Amendment No.1344 to H.R.1501,"July 28, 1999,  09:46 AM","Cloture Motion Agreed to (77-22, 3/5 majority required)"
225,Motion to Waive the CBA Re: Section 1502 of S.1429,"July 28, 1999,  03:58 PM","Motion Rejected (51-48, 3/5 majority required)"
226,Moynihan Amendment No. 1384,"July 28, 1999,  06:26 PM",Amendment Rejected (39-60)
227,Motion to Waive C.B.A. Re: Abraham Amdt. No. 1398,"July 29, 1999,  09:38 AM","Motion Rejected (54-46, 3/5 majority required)"
228,Motion to Waive C.B.A. Re: Baucus Motion to Recommit S. 1429,"July 29, 1999,  10:11 AM","Motion Rejected (42-58, 3/5 majority required)"
229,Motion to Waive C.B.A. Re: Robb Amdt. No. 1401,"July 29, 1999,  10:31 AM","Motion Rejected (46-54, 3/5 majority required)"
230,Motion to Waive C.B.A. Re: Gramm Amdt. No. 1405,"July 29, 1999,  02:31 PM","Motion Rejected (46-54, 3/5 majority required)"
231,Motion to Waive C.B.A. Re: Kennedy Motion to Recommit,"July 29, 1999,  02:59 PM","Motion Rejected (45-55, 3/5 majority required)"
232,Motion to Waive CBA Re: Bingaman Amendment No.1462,"July 30, 1999,  09:01 AM","Motion Rejected (48-52, 3/5 majority required)"
233,"Hutchison Amendment No. 1472, As Further Modified","July 30, 1999,  09:27 AM",Amendment Agreed to (98-2)
234,Motion to Waive the CBA Re: Kerry Motion to Recommit S.1429,"July 30, 1999,  09:46 AM","Motion Rejected (50-50, 3/5 majority required)"
235,Motion to Waive the CBA Re: Frist Amendment No.1467,"July 30, 1999,  10:04 AM","Motion Rejected (54-46, 3/5 majority required)"
236,Motion to Table the Lautenberg Motion to Recommit S.1429,"July 30, 1999,  10:23 AM",Motion to Table Motion to Recommit Agreed to (55-45)
237,Motion to Table Re: Hollings Motion to Recommit S.1429,"July 30, 1999,  10:43 AM",Motion to Table Motion to Recommit Agreed to (65-35)
238,Motion to Waive the CBA Re: McCain Amendment No.1397,"July 30, 1999,  11:01 AM","Motion Rejected (13-87, 3/5 majority required)"
239,Motion to Waive the CBA Re: Kennedy Amendment No.1383,"July 30, 1999,  11:21 AM","Motion Rejected (46-54, 3/5 majority required)"
240,Motion to Waive the CBA Re: Specter Amendment No.1386,"July 30, 1999,  11:39 AM","Motion Rejected (35-65, 3/5 majority required)"
241,Motion to Waive the CBA Re: Schumer Amendment No.1416,"July 30, 1999,  11:59 AM","Motion Rejected (53-47, 3/5 majority required)"
242,Motion to Table Robb Motion to Recommit S.1429,"July 30, 1999,  12:42 PM",Motion to Table Motion to Recommit Agreed to (55-45)
243,Motion to Waive the CBA Re: Wellstone Motion to Recommit S.1429,"July 30, 1999,  12:41 PM","Motion Rejected (58-42, 3/5 majority required)"
244,Motion to Waive the CBA Re: Conrad Amendment No. 1439,"July 30, 1999,  01:09 PM","Motion Rejected (46-54, 3/5 majority required)"
245,Motion to Waive the CBA Re: Harkin Amendment No.1454,"July 30, 1999,  01:27 PM","Motion Rejected (48-52, 3/5 majority required)"
246,Ashcroft Amendment No.1456,"July 30, 1999,  01:54 PM",Amendment Rejected (23-77)
247,S.1429 As Amended,"July 30, 1999,  02:26 PM",Bill Passed (57-43)
248,"S.335, As amended.","August 2, 1999,  05:50 PM",Bill Passed (93-0)
249,Motion to Table Cochran Amendment No. 1500,"August 3, 1999,  04:12 PM",Motion to Table Failed (47-51)
250,Motion to Table Harkin Amendment No. 1506,"August 3, 1999,  04:55 PM",Motion to Table Agreed to (54-44)
251,Motion to Table Ashcroft Amendment No. 1507,"August 3, 1999,  07:01 PM",Motion to Table Failed (28-70)
252,Motion to Invoke Cloture on Lott Motion to Recommit S. 1233,"August 4, 1999,  09:49 AM","Cloture Motion Rejected (53-47, 3/5 majority required)"
253,Motion to Table Roberts Amdt. No. 1509,"August 4, 1999,  11:09 AM",Motion to Table Agreed to (66-33)
254,Motion to Table McCain Amdt. No. 1510 as modified,"August 4, 1999,  12:41 PM",Motion to Table Agreed to (66-33)
255,Motion to Table Dorgan Amdt. No. 1514,"August 4, 1999,  03:32 PM",Motion to Table Agreed to (55-44)
256,Motion to Table Conrad Amdt. No. 1517,"August 4, 1999,  04:24 PM",Motion to Table Agreed to (51-48)
257,Amdt. No. 1499 as amended,"August 4, 1999,  06:43 PM",Amendment Agreed to (89-8)
258,Motion to Table Chafee Amdt. No. 1522,"August 4, 1999,  08:35 PM",Motion to Table Agreed to (52-43)
259,"Conf.-Richard Holbrooke, Rep. to UN; Ambassador to UN/Rep. Secty. Cl.","August 5, 1999,  10:15 AM",Nomination Confirmed (81-16)
260,Motion to Table Smith Amendment No. 1569,"August 5, 1999,  12:31 PM",Motion to Table Agreed to (80-16)
261,Conference Report to Accompany H.R.2488,"August 5, 1999,  07:06 PM",Conference Report Agreed to (50-49)
262,"Confirmation Adalberto Jordan, to be U.S. District Judge","September 8, 1999,  02:22 PM",Nomination Confirmed (93-1)
263,"Confirmation Marsha J. Pechman, to be U.S. District Judge","September 8, 1999,  02:44 PM",Nomination Confirmed (93-1)
264,Motion to Invoke Cloture on the Motion to Proceed to H.R.2084,"September 9, 1999,  09:34 AM","Cloture on the Motion to Proceed Rejected (49-49, 3/5 majority required)"
265,Lott Amendment No. 1621,"September 9, 1999,  10:11 AM",Amendment Agreed to (54-44)
266,Robb Amendment No. 1583,"September 9, 1999,  10:38 AM",Amendment Rejected (45-52)
267,Hutchison Amendment No. 1603,"September 9, 1999,  11:31 AM",Motion to Table Failed (2-96)
268,Torricelli Amendment No. 1571,"September 9, 1999,  02:01 PM",Motion to Table Agreed to (64-32)
269,Motion to Table the Durbin Amendment No. 1591,"September 9, 1999,  03:50 PM",Motion to Table Agreed to (58-37)
270,Motion to Invoke Cloture on the Motion to Proceed to S.J.Res.33,"September 13, 1999,  05:00 PM","Cloture on the Motion to Proceed Agreed to (93-0, 3/5 majority required)"
271,Motion to invoke cloture on Amdt. No. 1603 to H.R.2466,"September 13, 1999,  05:40 PM","Cloture Motion Rejected (55-40, 3/5 majority required)"
272,Motion to Table Bryan Amdt. No. 1588,"September 14, 1999,  10:36 AM",Motion to Table Agreed to (54-43)
273,"S.J.Res.33, As Modified","September 14, 1999,  03:42 PM",Joint Resolution Passed (95-2)
274,Is the Specified Provision of Amdt. No. 1624 Germane,"September 15, 1999,  04:10 PM",Amendment Germane (62-35)
275,Gorton Amendment No.1677,"September 15, 1999,  06:45 PM",Amendment Rejected (40-55)
276,Helms Amendment No.1658,"September 15, 1999,  07:14 PM",Amendment Agreed to (94-0)
277,H.R. 2490 Conference Report,"September 16, 1999,  10:14 AM",Conference Report Agreed to (54-38)
278,"H.R. 2084, As Amended","September 16, 1999,  12:01 PM",Bill Passed (95-0)
279,H.R. 2587 Conference Report,"September 16, 1999,  02:30 PM",Conference Report Agreed to (52-39)
280,Motion to Invoke Cloture on S.625,"September 21, 1999,  05:43 PM","Cloture Motion Rejected (53-45, 3/5 majority required)"
281,"Cloture Motion: Nom. B. T. Stewart of Utah, to be U.S. Dist. Judge","September 21, 1999,  06:18 PM","Cloture Motion Rejected (55-44, 3/5 majority required)"
282,Motion to Proceed: Nom. of M. Berzon to be U.S. Circuit Judge,"September 21, 1999,  06:44 PM",Motion to Proceed Rejected (45-54)
283,Motion to Proceed: Nom. of R. Paez to be U.S. Circuit Judge,"September 21, 1999,  07:01 PM",Motion to Proceed Rejected (45-53)
284,S.1059 Conference Report,"September 22, 1999,  09:50 AM",Conference Report Agreed to (93-5)
285,Motion to Waive C.B.A. Re: Wellstone Amdt. No. 1747,"September 22, 1999,  02:00 PM","Motion Rejected (36-63, 3/5 majority required)"
286,Motion to Table Smith (NH) Amdt. No. 1757,"September 22, 1999,  02:28 PM",Motion to Table Agreed to (61-38)
287,Motion to Proceed to Lott Motion to Reconsider Roll Call No.271,"September 23, 1999,  09:37 AM",Motion to Proceed Agreed to (60-39)
288,Motion to Reconsider Cloture Vote on Hutchison Amdt. No. 1603,"September 23, 1999,  10:08 AM",Motion to Reconsider Agreed to (60-39)
289,Motion to Invoke Cloture on Hutchison Amdt. No 1603,"September 23, 1999,  10:42 AM","Cloture Motion Agreed to (60-39, 3/5 majority required)"
290,Hutchison Amendment No.1603,"September 23, 1999,  06:15 PM",Amendment Agreed to (51-47)
291,H.R.2466 As Amended,"September 23, 1999,  06:45 PM",Bill Passed (89-10)
292,Wellstone Amdt. No. 1789,"September 24, 1999,  09:37 AM",Amendment Agreed to (76-18)
293,S.Res.186,"September 27, 1999,  05:50 PM",Resolution Agreed to (51-42)
294,S.RES.187,"September 27, 1999,  06:15 PM",Resolution Rejected (41-52)
295,H.R. 2605 CONFERENCE REPORT,"September 28, 1999,  02:24 PM",Conference Report Agreed to (96-3)
296,H.J.Res. 68,"September 28, 1999,  05:30 PM",Joint Resolution Passed (98-1)
297,Gorton Amendment No. 1805,"September 29, 1999,  04:02 PM",Amendment Agreed to (53-45)
298,Motion to Table Murray Amendment No.1804,"September 29, 1999,  04:30 PM",Motion to Table Agreed to (54-44)
299,Motion to Table Boxer Amdt. No. 1809,"September 30, 1999,  10:00 AM",Motion to Table Agreed to (54-45)
300,Motion to Table Hutcinson Amdt. No. 1834,"September 30, 1999,  01:56 PM",Motion to Table Agreed to (50-49)
301,Motion to Table Reid Amdt. No. 1820,"September 30, 1999,  05:12 PM",Motion to Table Agreed to (51-44)
302,Motion to Table Graham Amdt. No. 1821,"September 30, 1999,  05:50 PM",Motion to Table Failed (39-57)
303,Motion to Table Dodd Amndt. No. 1813,"September 30, 1999,  06:21 PM",Motion to Table Failed (41-54)
304,Motion to Table Coverdell Amdt. No. 1885,"September 30, 1999,  06:47 PM",Motion to Table Failed (44-51)
305,Collins Amendment No.1824,"October 1, 1999,  09:29 AM",Amendment Agreed to (93-0)
306,H.R. 2084Conference Report,"October 4, 1999,  05:31 PM",Conference Report Agreed to (88-3)
307,"Ronnie L. White, of Missouri, to be U.S. District Judge, Ninth Circui","October 5, 1999,  02:17 PM",Nomination Rejected (45-54)
308,"Confirmation, Brian T. Stewart, of Utah, to be U.S. District Judge","October 5, 1999,  02:54 PM",Nomination Confirmed (93-5)
309,"Raymond C. Fisher, of California, to be U.S. Circuit Judge","October 5, 1999,  03:11 PM",Nomination Confirmed (69-29)
310,Robb Amdt. No. 2259,"October 5, 1999,  05:03 PM",Amendment Rejected (37-61)
311,Lautenberg Amdt. No. 1922,"October 5, 1999,  05:56 PM",Amendment Rejected (30-68)
312,H.R. 2606 Conference Report,"October 6, 1999,  12:01 PM",Conference Report Agreed to (51-49)
313,Nickles Amdt. No. 1889,"October 6, 1999,  12:30 PM",Amendment Agreed to (54-46)
314,Motion to Table Lautenberg Amdt. No. 2267,"October 6, 1999,  02:26 PM",Motion to Table Agreed to (54-46)
315,Motion to Table Kennedy Amdt. No. 1819,"October 6, 1999,  04:56 PM",Motion to Table Agreed to (56-43)
316,Motion to Table Kennedy Amdt. No. 2268,"October 6, 1999,  05:23 PM",Motion to Table Agreed to (50-49)
317,Motion to Table Bingaman Amendment No. 1861,"October 7, 1999,  11:24 AM",Motion to Table Agreed to (53-45)
318,Wellstone Amendment No. 1842,"October 7, 1999,  01:50 PM",Amendment Agreed to (98-1)
319,Motion to table Bond Amendment No. 1825,"October 7, 1999,  02:19 PM",Motion to Table Failed (2-97)
320,Motion to Table Smith (NH) amendment No. 1844,"October 7, 1999,  03:44 PM",Motion to Table Agreed to (59-40)
321,S.1650 As Amended,"October 7, 1999,  05:34 PM",Bill Passed (73-25)
322,Motion to Invoke Cloture on Conference Report to Accompany H.R.1906,"October 12, 1999,  06:37 PM","Cloture Motion Agreed to (79-20, 3/5 majority required)"
323,Conference Report to Accompany H.R. 1906,"October 13, 1999,  03:30 PM",Conference Report Agreed to (74-26)
324,Motion to Proceed Executive Session to Consider Treaty Doc. 105-28,"October 13, 1999,  04:03 PM",Motion to Proceed Agreed to (55-45)
325,Resolution of Ratification to Treaty Document No. 105-28 CTBT,"October 13, 1999,  06:46 PM","Resolution of Ratification Rejected (48-51, 2/3 majority required)"
326,H.R.2561 Conference Report,"October 14, 1999,  04:01 PM",Conference Report Agreed to (87-11)
327,McCain Amendment No. 2294,"October 14, 1999,  06:03 PM",Amendment Agreed to (77-20)
328,H.R.2684 Conference Report,"October 15, 1999,  09:20 AM",Conference Report Agreed to (93-5)
329,Motion to Table Reid Amendment No.2299,"October 18, 1999,  05:45 PM",Motion to Table Failed (1-92)
330,Motion to Invoke Cloture on Daschle Amdt. No. 2298,"October 19, 1999,  02:16 PM","Cloture Motion Rejected (52-48, 3/5 majority required)"
331,Motion to Invoke Cloture on Reid Amdt. No. 2299,"October 19, 1999,  02:54 PM","Cloture Motion Rejected (53-47, 3/5 majority required)"
332,Motion to Proceed to Consideration of S.1692,"October 20, 1999,  09:52 AM",Motion to Proceed Agreed to (52-48)
333,Motion to Table the Motion to Reconsider Roll Call No. 332,"October 20, 1999,  10:27 AM",Motion to Table Agreed to (53-47)
334,Motion to Table Santorum Amendment No. 2322,"October 20, 1999,  05:28 PM",Motion to Table Failed (36-63)
335,Motion to Table Durbin Amendment No. 2319,"October 20, 1999,  05:57 PM",Motion to Table Agreed to (61-38)
336,Motion to Table Harkin Amdt. No. 2321,"October 21, 1999,  11:35 AM",Motion to Table Failed (48-51)
337,Harkin Amdt. No. 2321,"October 21, 1999,  02:03 PM",Amendment Agreed to (51-47)
338,Smith (NH) Amdt. No. 2324,"October 21, 1999,  05:37 PM",Amendment Rejected (46-51)
339,Landrieu Amdt. No. 2323 as modified,"October 21, 1999,  06:08 PM",Amendment Rejected (46-51)
340,S. 1692 As amended and modified,"October 21, 1999,  06:31 PM",Bill Passed (63-34)
341,S.900 Conference Report,"November 4, 1999,  03:30 PM",Conference Report Agreed to (90-8)
342,Grassley Amdt. No. 1730 as modified,"November 8, 1999,  05:30 PM",Amendment Agreed to (94-0)
343,Motion to table Kennedy Amendment No.2751,"November 9, 1999,  10:35 AM",Motion to Table Agreed to (50-48)
344,Domenici Amendment No.2547,"November 9, 1999,  11:10 AM",Amendment Agreed to (54-44)
345,Motion to table Durbin Amdt No. 2521,"November 9, 1999,  05:05 PM",Motion to Table Agreed to (51-46)
346,Motion to Table Dodd Amendment No.2754,"November 9, 1999,  05:39 PM",Motion to Table Agreed to (59-38)
347,Hatch Amdt. No. 2771,"November 10, 1999,  01:27 PM",Amendment Agreed to (50-49)
348,Confirmation Carol Moseley-Braun to be Ambassador to New Zealand,"November 10, 1999,  02:04 PM",Nomination Confirmed (96-2)
349,Confirmation Linda J. Morgan to be a Member of the STB,"November 10, 1999,  02:23 PM",Nomination Confirmed (96-3)
350,Hutchison Amdt. No. 2778,"November 10, 1999,  04:03 PM",Amendment Rejected (29-69)
351,Kohl Amdt. No. 2516 As Modified,"November 10, 1999,  05:04 PM",Amendment Agreed to (76-22)
352,Dodd Amdt. No. 2532 As Modified,"November 10, 1999,  05:51 PM",Amendment Rejected (45-51)
353,Wellstone Amdt. No. 2752,"November 17, 1999,  10:46 AM",Amendment Rejected (27-71)
354,Motion to table Moynihan Amdt. No. 2663,"November 17, 1999,  11:27 AM",Motion to Table Agreed to (54-43)
355,Feinstein Amdt. No. 2756,"November 17, 1999,  04:42 PM",Amendment Agreed to (82-16)
356,Motion to Proceed to Consider Conference Report to Accompany H.R.3194,"November 18, 1999,  09:10 PM",Motion to Proceed Agreed to (80-8)
357,Byrd Amendment No. 2780,"November 18, 1999,  10:03 PM",Amendment Agreed to (56-33)
358,Helms Amendment No. 2781,"November 18, 1999,  10:26 PM",Amendment Agreed to (88-1)
359,H.R.1180 Conference Report,"November 19, 1999,  05:02 PM",Conference Report Agreed to (95-1)
360,Motion to invoke cloture on conference report on H.R. 3194,"November 19, 1999,  05:30 PM",Cloture Motion Agreed to (87-9)
361,H.R.3194 Conference report,"November 19, 1999,  05:45 PM",Conference Report Agreed to (74-24)
