,title,vote_date,vote_result
0,"Confirmation: Mitchell E. Daniels, to be Director of the O.M.B.","January 23, 2001,  02:44 PM",Nomination Confirmed (100-0)
1,"Confirmation: Mitchell E. Daniels, to be Director of the O.M.B.","January 23, 2001,  02:44 PM",Nomination Confirmed (100-0)
2,Nomination: Anthony Joseph Principi to be Secretary of Veterans Affairs,"January 23, 2001,  02:44 PM",Nomination Confirmed (100-0)
3,"Nomination: Melquiades Rafael Martinez, to be Secretary of H.U.D.","January 23, 2001,  02:44 PM",Nomination Confirmed (100-0)
4,Confirmation: Tommy G. Thompson to be Secretary of Health And Human Services,"January 24, 2001,  11:31 AM",Nomination Confirmed (100-0)
5,Confirmation: Norman Y. Mineta to be Secretary of Transportation,"January 24, 2001,  12:02 PM",Nomination Confirmed (100-0)
6,Confirmation: Gale Ann Norton to be Secretary of the Interior,"January 30, 2001,  02:46 PM",Nomination Confirmed (75-24)
7,"Nomination: Christine Todd Whitman, to be Administrator, E.P.A. ","January 30, 2001,  03:17 PM",Nomination Confirmed (99-0)
8,"Confirmation: John Ashcroft, of Missouri, to be Attorney General","February 1, 2001,  01:39 PM",Nomination Confirmed (58-42)
9,"Confirmation: Robert B. Zoellick, to be U.S. Trade Representative","February 6, 2001,  04:20 PM",Nomination Confirmed (98-0)
10,S.248,"February 7, 2001,  03:00 PM",Bill Passed (99-0)
11,S.235,"February 8, 2001,  02:53 PM",Bill Passed (98-0)
12,S. 320,"February 14, 2001,  03:04 PM",Bill Passed (98-0)
13,"Confirmation: Joe M. Allbaugh, of Texas, to be Director of FEMA","February 15, 2001,  01:40 PM",Nomination Confirmed (91-0)
14,Confirmation: John M. Duncan to be Deputy Undersecretary of the Treasury,"February 28, 2001,  05:43 PM",Nomination Confirmed (94-0)
15,S.J.Res. 6,"March 6, 2001,  08:16 PM",Joint Resolution Passed (56-44)
16,Wellstone Amdt. No. 14,"March 7, 2001,  06:55 PM",Amendment Rejected (34-65)
17,Motion to Table Leahy Amendment No. 13,"March 7, 2001,  07:23 PM",Motion to Table Agreed to (58-41)
18,"Motion to Table Durbin Amdt. No. 17, as modified","March 8, 2001,  11:52 AM",Motion to Table Agreed to (50-49)
19,Motion to Table Kerry Amdt. No. 26,"March 8, 2001,  03:32 PM",Motion to Table Agreed to (55-41)
20,"Motion to Table Feinstein Amendment No. 27, as modified","March 13, 2001,  11:03 AM",Motion to Table Agreed to (55-42)
21,Motion to Table Kennedy Amdt. No. 39,"March 13, 2001,  11:32 AM",Motion to Table Agreed to (61-37)
22,Motion to Waive CBA re: Conrad Amendment No. 29,"March 13, 2001,  02:48 PM","Motion Rejected (53-47, 3/5 majority required)"
23,Motion to Waive CBA re: Sessions Amendment No. 32,"March 13, 2001,  03:15 PM","Motion Rejected (52-48, 3/5 majority required)"
24,"Motion to Table Schumer Amendment No. 25, as modified","March 13, 2001,  05:28 PM",Motion to Table Failed (44-55)
25,Motion to Table Dodd Amdt. No. 75,"March 13, 2001,  05:55 PM",Motion to Table Agreed to (58-41)
26,Motion to Table Wyden Amendment No. 78,"March 14, 2001,  10:58 AM",Motion to Table Agreed to (67-30)
27,Motion to Table Durbin Amendment No. 93,"March 14, 2001,  03:34 PM",Motion to Table Agreed to (64-35)
28,"Motion to Table Wellstone Amdt. No. 36, as modified","March 14, 2001,  04:04 PM",Motion to Table Agreed to (58-41)
29,Motion to Invoke Cloture on S.420,"March 14, 2001,  04:32 PM","Cloture Motion Agreed to (80-19, 3/5 majority required)"
30,Motion to Table Kohl Amdt. No. 68,"March 15, 2001,  11:42 AM",Motion to Table Failed (39-60)
31,"Leahy Amendment No. 14, As Modified","March 15, 2001,  12:17 PM",Amendment Agreed to (99-0)
32,Leahy Amendment No. 19,"March 15, 2001,  02:41 AM",Amendment Agreed to (56-43)
33,Wellstone Amendment No. 70,"March 15, 2001,  03:37 PM",Amendment Rejected (22-77)
34,Wellstone Amdt. No. 71,"March 15, 2001,  03:34 PM",Amendment Rejected (36-63)
35,"Feingold Amendment No. 51, As Modified","March 15, 2001,  05:38 PM",Amendment Agreed to (79-18)
36,"S.420, As Amended","March 15, 2001,  06:07 PM",Bill Passed (83-15)
37,Motion To Table Domenici Amendment No. 112,"March 19, 2001,  06:14 PM",Motion to Table Agreed to (51-48)
38,Domenici Amendment No. 115,"March 20, 2001,  12:15 PM",Amendment Agreed to (70-30)
39,Bennett Amdt. No. 117,"March 20, 2001,  04:01 PM",Amendment Rejected (37-63)
40,Motion to Table Smith (OR) Amdt. No. 118,"March 20, 2001,  05:56 PM",Motion to Table Agreed to (74-25)
41,Torricelli Amendment No. 122,"March 21, 2001,  11:51 AM",Amendment Agreed to (69-31)
42,Wellstone Amdt. No. 123,"March 21, 2001,  02:29 PM",Amendment Rejected (36-64)
43,Motion to Table Hatch Amdt. No. 134,"March 21, 2001,  05:46 PM",Motion to Table Agreed to (69-31)
44,Motion to Table Hatch Amdt. No. 136,"March 22, 2001,  09:36 AM",Motion to Table Agreed to (60-40)
45,Nickles Amdt. No. 139,"March 22, 2001,  03:26 PM",Amendment Agreed to (99-0)
46,"Motion to Table Helms Amdt. No. 141, as modified","March 23, 2001,  12:00 AM",Motion to Table Agreed to (53-40)
47,S.J.Res. 4,"March 26, 2001,  06:00 PM","Joint Resolution Defeated (40-56, 2/3 majority required)"
48,Wellstone Amendment No. 145,"March 26, 2001,  06:46 PM",Amendment Agreed to (51-46)
49,"Motion to Table Hagel Amendment No. 146, Division I","March 27, 2001,  11:54 AM",Motion to Table Agreed to (52-47)
50,"Motion to Table Hagel Amdt. No. 146, Division II","March 27, 2001,  12:26 PM",Motion to Table Failed (0-100)
51,"Motion to Table Hagel Amdt. No. 146, Division III","March 27, 2001,  12:53 PM",Motion to Table Agreed to (60-40)
52,Kerry Amendment No. 148,"March 27, 2001,  04:51 PM",Amendment Rejected (30-70)
53,Motion to Table Thompson Amendment No. 149,"March 28, 2001,  09:52 AM",Motion to Table Failed (46-54)
54,Motion to Table Feinstein Amendment No. 151,"March 28, 2001,  12:11 PM",Motion to Table Failed (46-54)
55,"Thompson Amdt. No. 149, as modified","March 28, 2001,  04:11 PM",Amendment Agreed to (84-16)
56,Schumer Amendment No. 153,"March 28, 2001,  05:13 PM",Amendment Agreed to (52-48)
57,DeWine Amdt. No. 152,"March 29, 2001,  10:01 AM",Amendment Rejected (28-72)
58,Harkin Amendment No. 155,"March 29, 2001,  12:00 PM",Amendment Rejected (32-67)
59,"Motion to Table Frist Amdt. No. 156, as modified","March 29, 2001,  03:43 PM",Motion to Table Agreed to (57-43)
60,Motion to Table Bingaman Amdt. No. 158,"March 29, 2001,  05:56 PM",Motion to Table Agreed to (72-28)
61,"Specter Amdt. No. 140, as further modified","March 29, 2001,  07:57 PM",Amendment Agreed to (82-17)
62,"Reed Amendment No. 164, as modified","March 30, 2001,  11:07 AM",Amendment Rejected (41-50)
63,McCain Amendment No. 165,"March 30, 2001,  11:39 AM",Amendment Agreed to (57-34)
64,"S. 27, as amended","April 2, 2001,  05:35 PM",Bill Passed (59-41)
65,Grassley Amdt. No. 173,"April 3, 2001,  05:02 PM","Amendment Agreed to (50-50, Vice President voted Yea)"
66,Baucus Amdt. No. 172,"April 3, 2001,  05:34 PM",Amendment Rejected (50-50)
67,Grassley Amdt. No. 174,"April 4, 2001,  10:52 AM",Amendment Agreed to (51-49)
68,Johnson Amdt. No. 176,"April 4, 2001,  11:48 AM",Amendment Rejected (47-53)
69,Harkin Amdt. No. 185,"April 4, 2001,  03:19 PM",Amendment Agreed to (53-47)
70,Specter Amdt. No. 186,"April 4, 2001,  05:01 PM",Amendment Agreed to (96-4)
71,Landrieu Amdt. No. 188,"April 4, 2001,  07:23 PM",Amendment Rejected (47-52)
72,Warner Amdt. No. 189,"April 4, 2001,  07:49 PM",Amendment Agreed to (84-16)
73,Stabenow Amdt. No. 191,"April 5, 2001,  09:36 AM",Amendment Rejected (47-53)
74,Collins Amdt. No. 190,"April 5, 2001,  10:09 AM",Amendment Agreed to (99-1)
75,Domenici Amdt. No. 345,"April 5, 2001,  06:41 PM",Amendment Agreed to (51-49)
76,Durbin Amdt. No. 202,"April 5, 2001,  07:18 PM",Amendment Rejected (39-61)
77,Corzine Amdt. No. 257,"April 5, 2001,  07:53 PM",Amendment Rejected (46-54)
78,Motion to Waive CBA re: Voinovich Amdt. No. 288,"April 5, 2001,  08:14 PM","Motion Rejected (54-46, 3/5 majority required)"
79,Hutchison Amdt. No. 347,"April 5, 2001,  08:42 PM","Amendment Agreed to (50-50, Vice President voted Yea)"
80,Hollings Amdt. No. 225,"April 5, 2001,  09:00 PM",Amendment Agreed to (94-6)
81,Motion to Waive CBA re: Allen Amdt. No. 225,"April 5, 2001,  09:20 PM","Motion Rejected (45-55, 3/5 majority required)"
82,Breaux Amdt. No. 348,"April 5, 2001,  10:02 PM",Amendment Agreed to (54-46)
83,Collins Amdt. No. 349,"April 5, 2001,  10:15 PM",Amendment Rejected (49-51)
84,Wellstone Amendment No. 269,"April 6, 2001,  09:44 AM",Amendment Agreed to (53-46)
85,Bond Amdt. No. 351,"April 6, 2001,  10:15 AM",Amendment Agreed to (99-0)
86,"H. Con. Res. 83, as amended","April 6, 2001,  02:06 PM",Concurrent Resolution Agreed to (65-35)
87,"S. 350, as amended","April 25, 2001,  02:00 PM",Bill Passed (99-0)
88,Cloture Motion on the Motion to Proceed to S.1,"May 1, 2001,  11:01 AM","Cloture on the Motion to Proceed Agreed to (96-3, 3/5 majority required)"
89,Collins Amdt. No. 359,"May 3, 2001,  04:05 PM",Amendment Agreed to (100-0)
90,Jeffords Amendment No. 361,"May 3, 2001,  07:58 PM",Amendment Agreed to (93-7)
91,Dodd Amendment No. 365,"May 3, 2001,  08:22 PM",Amendment Agreed to (79-21)
92,"Confirmation: John Robert Bolton, of Maryland, to be Under Secretary of State for Arms Control / International Security","May 8, 2001,  10:15 AM",Nomination Confirmed (57-43)
93,Craig Amendment No. 372,"May 8, 2001,  11:01 AM",Amendment Rejected (27-73)
94,"Kennedy Amendment No. 375, as modified","May 8, 2001,  11:21 AM",Amendment Agreed to (69-31)
95,"Warner Amdt. No. 383, as modified","May 8, 2001,  05:20 PM",Amendment Agreed to (95-3)
96,Mikulski Amendment No. 379,"May 9, 2001,  09:39 AM",Amendment Agreed to (50-49)
97,"McConnell Amendment No. 384, as modified","May 9, 2001,  12:41 PM",Amendment Agreed to (98-1)
98,H.Con.Res. 83. Conference Report,"May 10, 2001,  11:29 AM",Conference Report Agreed to (53-47)
99,"Wellstone Amdt. No. 403, as modified","May 10, 2001,  01:51 PM",Amendment Agreed to (50-47)
100,Lincoln Amdt. No. 451,"May 10, 2001,  02:33 PM",Amendment Agreed to (62-34)
101,Reid Amdt. No. 460,"May 14, 2001,  05:46 PM",Amendment Agreed to (96-0)
102,"Cleland Amdt. No. 376, as modified","May 14, 2001,  06:11 PM",Amendment Agreed to (74-23)
103,Murray Amendment No. 378,"May 15, 2001,  02:18 PM",Amendment Rejected (48-50)
104,McCain Amdt. No.477,"May 15, 2001,  05:31 PM",Amendment Agreed to (61-36)
105,Boxer Amdt. No. 563,"May 16, 2001,  11:15 AM",Amendment Agreed to (60-39)
106,"Reed Amdt. No. 425, as modified","May 16, 2001,  01:46 PM",Amendment Agreed to (69-30)
107,Enzi Amdt. No. 649,"May 16, 2001,  03:51 PM",Amendment Rejected (37-62)
108,Harkin Amendment No. 525,"May 16, 2001,  04:47 PM",Amendment Rejected (49-50)
109,Hutchinson Amdt. No. 550,"May 16, 2001,  05:27 PM",Amendment Agreed to (83-16)
110,"Dayton Amdt. No. 622, as modified","May 17, 2001,  09:09 AM",Amendment Rejected (34-65)
111,Voinovich Amendment No. 443,"May 17, 2001,  09:44 AM",Amendment Agreed to (76-24)
112,Conrad Amdt. No. 654,"May 17, 2001,  03:48 PM",Amendment Rejected (44-56)
113,Hutchison Amdt. No. 659,"May 17, 2001,  04:16 PM",Amendment Rejected (27-73)
114,Schumer Amdt. No. 669,"May 17, 2001,  07:46 PM",Amendment Rejected (43-55)
115,Motion to Waive CBA  re: Gregg Amdt. No.656,"May 21, 2001,  06:19 PM","Motion Rejected (47-51, 3/5 majority required)"
116,Carnahan Amendment No. 674,"May 21, 2001,  06:50 PM",Amendment Rejected (48-50)
117,Motion to Waive CBA re: Rockefeller Amendment No. 679,"May 21, 2001,  07:12 PM","Motion Rejected (48-51, 3/5 majority required)"
118,"Motion to Waive CBA  re: Bayh Amdt. No. 685, as modified","May 21, 2001,  07:34 PM","Motion Rejected (49-50, 3/5 majority required)"
119,Graham Amdt. No. 687,"May 21, 2001,  07:50 PM",Amendment Rejected (35-64)
120,Graham Amdt. No. 688,"May 21, 2001,  08:10 PM",Amendment Rejected (39-60)
121,Motion to Waive Wellstone Motion to Commit to the Committee on Finance,"May 21, 2001,  08:27 PM","Motion Rejected (41-58, 3/5 majority required)"
122,Motion to Waive CBA  re: Byrd Amdt. No. 703,"May 21, 2001,  08:46 PM",Motion Rejected (39-60)
123,Dodd Amdt. No. 695,"May 21, 2001,  09:02 PM",Amendment Rejected (39-60)
124,Dorgan Amendment No. 713,"May 21, 2001,  09:20 PM",Amendment Rejected (43-56)
125,Motion to Waive CBA re: Bingaman Amdt. No. 717,"May 21, 2001,  09:37 PM","Motion Rejected (43-56, 3/5 majority required)"
126,McCain Amendment No. 660,"May 21, 2001,  09:53 PM",Amendment Rejected (49-49)
127,Motion to Waive CBA  re: Motion to Commit to the Committee on Finance,"May 21, 2001,  10:09 PM","Motion Rejected (43-56, 3/5 majority required)"
128,Motion to Waive CBA  re: Smith (NH) Amdt. No. 723 ,"May 21, 2001,  08:26 PM","Motion Rejected (11-88, 3/5 majority required)"
129,Smith Amendment No. 680,"May 21, 2001,  10:44 PM",Amendment Agreed to (99-0)
130,Motion to Waive CBA  re: Kennedy Amdt. No. 684,"May 21, 2001,  11:00 PM","Motion Rejected (48-51, 3/5 majority required)"
131,Shall the Decision Stand as Judgement of the Senate?,"May 21, 2001,  11:25 PM",Decision of Chair Sustained (99-0)
132,Motion to Waive CBA re: Feingold Amendment No. 724,"May 22, 2001,  09:37 AM","Motion Rejected (41-58, 3/5 majority required)"
133,Feingold Amendment No. 725,"May 22, 2001,  10:21 AM",Amendment Rejected (46-53)
134,Feingold Motion to Commit H.R. 1836 to the Committee on Finance,"May 22, 2001,  10:44 AM",Motion Rejected (30-69)
135,Feingold Amdt. No. 726,"May 22, 2001,  11:02 AM",Amendment Rejected (48-51)
136,Lincoln Amendment No. 711,"May 22, 2001,  11:24 AM",Amendment Rejected (41-58)
137,Motion to Waive the CBA re: Harkin Amendment No. 727,"May 22, 2001,  11:42 AM","Motion Rejected (45-54, 3/5 majority required)"
138,Kerry Amdt. No. 721,"May 22, 2001,  12:03 PM",Amendment Rejected (46-53)
139,Lieberman Amdt. No. 693,"May 22, 2001,  12:23 PM",Amendment Rejected (43-56)
140,"Motion to Waive CBA re: Corzine Motion to Commit H.R. 1836 to the Committee on Finance, with Instructions","May 22, 2001,  12:44 PM","Motion Rejected (43-56, 3/5 majority required)"
141,Conrad Amdt. No. 743,"May 22, 2001,  01:37 PM",Amendment Rejected (46-53)
142,Conrad Amdt. No. 744,"May 22, 2001,  01:59 PM",Amendment Rejected (47-52)
143,Motion to Waive CBA  re: Carper Amdt. No. 747,"May 22, 2001,  02:21 PM","Motion Rejected (43-55, 3/5 majority required)"
144,Motion to Waive CBA  re: Daschle Amdt. No. 722,"May 22, 2001,  02:55 PM","Motion Rejected (41-58, 3/5 majority required)"
145,Motion to Waive CBA  re: Conrad Motion to Commit H.R. 1836 to the Committee on Finance,"May 22, 2001,  03:17 PM","Motion Rejected (41-57, 3/5 majority required)"
146,Motion To Waive CBA Re: Reid Amendment No. 765,"May 22, 2001,  03:40 PM","Motion Rejected (55-43, 3/5 majority required)"
147,Motion to Waive CBA re: Levin Amendment No. 756,"May 22, 2001,  04:02 PM","Motion Rejected (41-58, 3/5 majority required)"
148,Motion to waive CBA re: Boxer Amdt. No. 767,"May 22, 2001,  04:21 PM","Motion Rejected (49-50, 3/5 majority required)"
149,Daschle Amendment No. 768,"May 22, 2001,  05:37 PM",Amendment Rejected (50-50)
150,Motion to Waive CBA re: Nelson (FL) Amendment No. 748,"May 22, 2001,  06:10 AM",Motion Rejected (42-57)
151,Levin Amendment No. 770,"May 22, 2001,  06:37 AM",Amendment Rejected (42-57)
152,Levin Amendment No. 771,"May 22, 2001,  07:01 PM",Amendment Rejected (44-55)
153,Motion to Waive CBA re: Kennedy Amendment No. 699,"May 22, 2001,  07:22 PM","Motion Rejected (45-54, 3/5 majority required)"
154,Motion to Waive CBA re: Kennedy Amendment No. 700,"May 22, 2001,  07:44 PM","Motion Rejected (45-54, 3/5 majority required)"
155,Kennedy Amendment No. 698,"May 22, 2001,  08:06 PM",Amendment Rejected (43-56)
156,Wellstone Motion to Commit to the Committee on Finance,"May 22, 2001,  08:24 PM",Motion Rejected (39-60)
157,Motion to Waive CBA re: Harkin Amendment No. 730,"May 22, 2001,  08:44 PM","Motion Rejected (43-56, 3/5 majority required)"
158,Conrad Amdt. No. 781,"May 22, 2001,  09:11 PM",Amendment Rejected (42-57)
159,Snowe Amdt. No. 741,"May 23, 2001,  09:44 AM",Amendment Agreed to (94-4)
160,Motion to Waive CBA  re: Stabenow Motion to Commit H.R. 1836 to the Committee on Finance,"May 23, 2001,  10:53 AM","Motion Rejected (46-54, 3/5 majority required)"
161,Motion to Waive CBA  re: Grassley Amdt. No. 786,"May 23, 2001,  11:27 AM","Motion Rejected (49-51, 3/5 majority required)"
162,Motion to Waive CBA   re: Graham Amdt. No. 763,"May 23, 2001,  11:50 AM","Motion Rejected (47-53, 3/5 majority required)"
163,Motion to Waive CBA re: Schumer Amdt. No.777,"May 23, 2001,  12:13 PM","Motion Rejected (46-54, 3/5 majority required)"
164,"Collins Amdt. No. 675, as modified","May 23, 2001,  02:08 PM",Amendment Agreed to (98-2)
165,"H.R. 1836, as amended","May 23, 2001,  02:28 PM",Bill Passed (62-38)
166,"Confirmation:  Howard H. Baker, Jr., of Tennessee, to be Ambassador to Japan","May 23, 2001,  05:24 PM",Nomination Confirmed (99-0)
167,"Theodore Bevry Olson, of the District of Columbia, to be Solicitor General","May 24, 2001,  04:27 PM",Nomination Confirmed (51-47)
168,"Viet D. Dinh, of the District of Columbia, to be an Assistant Attorney General","May 24, 2001,  05:00 PM",Nomination Confirmed (96-1)
169,"Michael Chertoff, of New Jersey, to be an Assistant Attorney General","May 24, 2001,  05:22 PM",Nomination Confirmed (95-1)
170,"H.R.1836, Conference Report","May 26, 2001,  11:25 AM",Conference Report Agreed to (58-33)
171,"Wellstone Amdt. No. 465, as modified","June 6, 2001,  11:51 AM",Amendment Agreed to (57-39)
172,"Bingaman Amdt. No. 791, as modified","June 6, 2001,  05:16 PM",Amendment Agreed to (59-39)
173,"Voinovich Amdt. No. 389, as modified","June 6, 2001,  05:47 PM",Amendment Rejected (40-58)
174,Carnahan Amdt. No. 385,"June 7, 2001,  11:29 AM",Amendment Rejected (43-55)
175,Smith (NH) Amdt. No. 487,"June 7, 2001,  12:18 PM",Amendment Agreed to (96-1)
176,Wellstone Amdt. No. 466,"June 7, 2001,  04:27 PM",Amendment Rejected (23-71)
177,"Bond Amdt. No. 476, as modified","June 11, 2001,  05:22 PM",Amendment Agreed to (93-0)
178,Landrieu Amdt. No. 475,"June 11, 2001,  05:50 PM",Amendment Agreed to (57-36)
179,"Gregg Amdt. No. 536, as modified","June 12, 2001,  03:16 AM",Amendment Rejected (41-58)
180,"Dodd Amdt. No. 459, as further modified","June 12, 2001,  05:03 PM",Amendment Rejected (42-58)
181,Feinstein Amdt. No. 370,"June 12, 2001,  07:10 PM",Amendment Agreed to (52-46)
182,Santorum Amdt. No. 799,"June 13, 2001,  09:47 AM",Amendment Agreed to (91-8)
183,Hollings Amdt. No. 798,"June 13, 2001,  10:19 AM",Amendment Rejected (22-78)
184,Dodd Amdt. No. 382,"June 13, 2001,  02:16 PM",Amendment Rejected (47-51)
185,"Domenici Amdt. No. 801, as modified","June 13, 2001,  04:42 PM",Amendment Rejected (49-50)
186,Schumer Amdt. No. 800,"June 13, 2001,  05:18 PM",Amendment Rejected (49-50)
187,Kennedy Amdt. No. 802,"June 14, 2001,  10:16 AM",Amendment Rejected (36-64)
188,"Sessions Amdt. No. 604, as modified","June 14, 2001,  10:49 AM",Amendment Rejected (50-50)
189,Helms Amdt. No. 648,"June 14, 2001,  01:54 PM",Amendment Agreed to (51-49)
190,Motion to Reconsider Roll Call Vote No. 188,"June 14, 2001,  02:57 PM",Motion to Reconsider Agreed to (51-47)
191,"Boxer Amdt. No. 803, as modified","June 14, 2001,  04:20 PM",Amendment Agreed to (52-47)
192,"H.R. 1, as amended","June 14, 2001,  04:58 PM",Bill Passed (91-8)
193,Motion to Proceed to Consider S.1052,"June 21, 2001,  09:31 AM",Motion to Proceed Agreed to (98-0)
194,Is the Point of Order Well Taken? re: Hutchinson Amendment No. 807,"June 21, 2001,  05:32 PM",Point of Order Sustained (52-45)
195,"McCain Amendment No. 809, as modified","June 22, 2001,  10:31 AM",Amendment Agreed to (89-1)
196,Grassley Motion to Commit S.1052,"June 26, 2001,  11:32 AM",Motion Rejected (39-61)
197,Gramm Amdt. No. 810,"June 26, 2001,  12:03 PM",Amendment Rejected (43-57)
198,Bond Amdt. No. 816,"June 26, 2001,  06:05 PM",Amendment Agreed to (93-6)
199,Allard Amdt. No. 817,"June 27, 2001,  10:37 AM",Amendment Rejected (45-53)
200,Motion to Table Kyl Amdt. No. 818,"June 27, 2001,  02:01 PM",Motion Agreed to (54-45)
201,McCain Amdt. No. 820,"June 27, 2001,  05:00 PM",Amendment Agreed to (100-0)
202,Motion to Table Collins Amdt. No. 826,"June 28, 2001,  09:51 AM",Motion to Table Agreed to (53-44)
203,Breaux Amdt No. 830,"June 28, 2001,  10:22 AM",Amendment Agreed to (64-36)
204,Motion to Table Bond Amdt. No. 831,"June 28, 2001,  12:05 PM",Motion to Table Agreed to (62-38)
205,"Snowe Amdt. No. 834, as modified","June 28, 2001,  06:53 PM",Amendment Agreed to (96-4)
206,Motion to Table Enzi Amdt. No. 840 Division I,"June 28, 2001,  07:25 PM",Motion to Table Agreed to (55-45)
207,Specter Amdt. No. 844,"June 28, 2001,  07:46 PM",Amendment Rejected (42-58)
208,Santorum Amdt. No. 814,"June 29, 2001,  09:11 AM",Amendment Agreed to (98-0)
209,"DeWine Amdt. No. 842, as modified","June 29, 2001,  09:38 AM",Amendment Agreed to (98-0)
210,Motion to Waive CBA  Grassley Amdt. No. 845,"June 29, 2001,  10:00 AM",Motion Rejected (46-52)
211,Motion to Table Nickles Amdt. No. 846,"June 29, 2001,  10:21 AM",Motion to Table Agreed to (54-44)
212,Motion to Table Ensign Amdt. No. 848,"June 29, 2001,  10:45 AM",Motion to Table Agreed to (52-46)
213,"Thompson Amdt. No. 819, as modified","June 29, 2001,  12:00 AM",Amendment Agreed to (98-0)
214,Is the Point of Order Well Taken?  re: Smith (OR) Motion to Commit S.1052,"June 29, 2001,  12:48 PM",Point of Order Sustained (57-41)
215,Motion to Table Allard Amdt. No. 821,"June 29, 2001,  01:17 PM",Motion to Table Agreed to (55-43)
216,Motion to Table Craig Amdt. No. 851,"June 29, 2001,  02:15 PM",Motion to Table Agreed to (53-45)
217,"Motion to Table Santorum Amdt. No. 841, as modified","June 29, 2001,  03:36 PM",Motion to Table Agreed to (50-46)
218,Kyl Amdt. No. 854,"June 29, 2001,  06:57 PM",Motion Rejected (42-54)
219,Frist Amdt. No. 856,"June 29, 2001,  07:20 PM",Amendment Rejected (36-59)
220,"S.1052, as amended","June 29, 2001,  07:34 PM",Bill Passed (59-36)
221,Motion to Waive CBA Conrad Amdt. No. 866,"July 10, 2001,  02:19 PM","Motion Rejected (42-54, 3/5 majority required)"
222,Motion to Waive CBA re: Voinovich Amdt. No. 865,"July 10, 2001,  02:53 PM","Motion Rejected (43-54, 3/5 majority required)"
223,Hollings Amdt. No. 873,"July 10, 2001,  03:49 PM",Amendment Rejected (3-94)
224,Motion to Table Wellstone Amdt. No. 874,"July 10, 2001,  08:59 PM",Motion to Table Agreed to (77-22)
225,Motion to Table Feingold Amdt. No. 863 ,"July 10, 2001,  08:57 PM",Motion to Table Agreed to (79-20)
226,Motion to Table McCain Amdt. 869,"July 10, 2001,  09:37 PM",Motion to Table Agreed to (83-16)
227,Schumer Amdt. No. 862,"July 10, 2001,  10:11 PM",Amendment Rejected (49-50)
228,"H.R. 2216, as amended","July 10, 2001,  09:54 PM",Bill Passed (98-1)
229,Motion to Table Durbin Amdt. No. 879,"July 11, 2001,  04:24 PM",Motion to Table Failed (42-57)
230,Motion to Invoke Cloture on the Motion to Proceed to Consider H.R. 333,"July 12, 2001,  12:01 PM","Cloture Motion Agreed to (88-10, 3/5 majority required)"
231,Motion to Table Nelson (FL) Amendment No. 893,"July 12, 2001,  12:36 PM",Motion to Table Agreed to (67-33)
232,Motion to Table Smith (OR) Amendment No. 899,"July 12, 2001,  01:49 PM",Motion to Table Agreed to (52-48)
233,McCain Amendment No. 904,"July 12, 2001,  02:22 PM",Amendment Rejected (12-87)
234,Motion to Invoke Cloture on Leahy Amdt. No. 974 to S.420,"July 17, 2001,  12:12 PM","Cloture Motion Agreed to (88-10, 3/5 majority required)"
235,Wellstone Amendment No. 977,"July 17, 2001,  03:36 PM",Amendment Agreed to (52-46)
236,"H.R. 333, as amended","July 17, 2001,  04:06 PM",Bill Passed (82-16)
237,Bond Amdt. No. 1013,"July 18, 2001,  04:46 PM",Amendment Agreed to (100-0)
238,Motion to Table Murkowski Amdt. No. 1018,"July 18, 2001,  06:15 PM",Motion to Table Agreed to (56-44)
239,Motion to Instruct Sgt. At Arms,"July 19, 2001,  04:39 PM",Motion for Attendance Agreed to (76-23)
240,"H.R. 2311, as amended","July 19, 2001,  05:11 PM",Bill Passed (97-2)
241,"S. 1172, as amended","July 19, 2001,  09:36 PM",Bill Passed (88-9)
242,"Confirmation:  John D. Graham, of Massachusetts, to be administrator of the Office of Information and Regulatory Affairs.","July 19, 2001,  10:02 PM",Nomination Confirmed (61-37)
243,"Confirmation: Roger W. Ferguson, to be a Member of the Board of Governors of the Federal Reserve System","July 19, 2001,  10:17 PM",Nomination Confirmed (97-2)
244,"Confirmation: Roger L. Gregory, of Virginia, to be U.S. Circuit Judge for the Fourth Circuit","July 20, 2001,  09:45 AM",Nomination Confirmed (93-1)
245,"Confirmation:  Sam E. Haddon, of Montana, to be U.S. District Judge","July 20, 2001,  10:13 AM",Nomination Confirmed (95-0)
246,"Confirmation:  Richard F. Cebull, of Montana, to be U.S. District Judge","July 20, 2001,  10:26 AM",Nomination Confirmed (93-0)
247,Reid Amdt. No. 1037,"July 23, 2001,  05:50 PM",Amendment Agreed to (96-0)
248,Fitzgerald Amdt. No. 1058,"July 24, 2001,  06:41 PM",Amendment Agreed to (100-0)
249,Cleland Amdt. No. 1033,"July 25, 2001,  12:29 PM",Amendment Agreed to (90-8)
250,Motion to Table Gramm Amdt. No. 1065,"July 25, 2001,  02:23 PM",Motion to Table Agreed to (65-35)
251,S. 1218,"July 25, 2001,  06:25 PM",Bill Passed (96-2)
252,Motion to Invoke Cloture on Murray Amdt. No. 1025 to H.R. 2299,"July 26, 2001,  02:18 PM","Cloture Motion Agreed to (70-30, 3/5 majority required)"
253,Motion to Table Gramm Amdt. No. 1168,"July 27, 2001,  11:34 AM",Motion to Table Agreed to (65-30)
254,Motion to Table McCain Amdt. No. 1180,"July 27, 2001,  12:07 PM",Motion to Table Agreed to (57-34)
255,Motion to Instruct Sgt. at Arms,"July 27, 2001,  01:31 PM",Motion for Attendance Agreed to (60-28)
256,Motion to Table Murray Amdt. No. 1165,"July 27, 2001,  01:56 PM",Motion to Table Agreed to (88-0)
257,Motion to Table Daschle Amdt. No. 1164,"July 27, 2001,  02:22 PM",Motion to Table Agreed to (88-0)
258,Motion to Table Daschle Amdt. No. 1163,"July 27, 2001,  05:34 AM",Motion to Table Agreed to (88-0)
259,Motion to Invoke Cloture on H.R. 2299,"July 27, 2001,  06:26 PM","Cloture Motion Rejected (57-27, 3/5 majority required)"
260,Motion to Invoke Cloture on the Motion to Proceed to Consider S.1246,"July 30, 2001,  05:33 PM","Cloture Motion Agreed to (95-2, 3/5 majority required)"
261,Motion to Table Lugar Amendment No. 1190,"July 31, 2001,  03:00 PM",Motion to Table Agreed to (52-48)
262,"Motion to Invoke Cloture on H.R. 2299, Upon Reconsideration","August 1, 2001,  11:07 AM","Cloture Motion Agreed to (100-0, 3/5 majority required)"
263,Motion to Waive CBA  re: Wellstone Amdt. No. 1218,"August 1, 2001,  06:02 PM","Motion Rejected (25-75, 3/5 majority required)"
264,"Confirmation: Asa Hutchinson, of Arkansas, to be Administrator of Drug Enforcement ","August 1, 2001,  07:11 PM",Nomination Confirmed (98-1)
265,Boxer Amdt. No. 1219,"August 1, 2001,  08:14 PM",Amendment Agreed to (97-1)
266,"Motion to Table Kyl Amdt. No. 1229, as modified","August 2, 2001,  01:55 PM",Motion to Table Agreed to (58-41)
267,Motion to Table Schumer Amdt. No. 1231,"August 2, 2001,  02:24 PM",Motion to Table Agreed to (65-33)
268,"Motion to Table McCain Amdt. No. 1226, as modified","August 2, 2001,  04:05 PM",Motion to Table Agreed to (69-30)
269,H.R. 2620,"August 2, 2001,  04:45 PM",Bill Passed (94-5)
270,"Confirmation: William J. Riley, of Nebraska, to be U.S. District Judge","August 2, 2001,  05:33 PM",Nomination Confirmed (97-0)
271,"Confirmation: Sarah V. Hart, of Pennsylvania, to be Director of the National Institute of Justice","August 2, 2001,  06:01 PM",Nomination Confirmed (98-0)
272,"Confirmation: Robert S. Mueller, III, of California, to be Director of the F.B.I. ","August 2, 2001,  06:18 PM",Nomination Confirmed (98-0)
273,Motoin to Invoke Cloture on S. 1246,"August 3, 2001,  09:37 AM","Cloture Motion Rejected (49-48, 3/5 majority required)"
274,Motion to Table Thompson Amdt. No. 1481,"September 4, 2001,  05:15 PM",Motion to Table Agreed to (74-19)
275,"S.149, as amended","September 6, 2001,  04:03 PM",Bill Passed (85-14)
276,Motion to Table Smith (NH) Amendment No. 1538,"September 10, 2001,  05:29 PM",Motion to Table Failed (34-58)
277,S.J.Res. 22,"September 12, 2001,  01:55 PM",Joint Resolution Passed (100-0)
278,Harkin Amdt. No. 1560,"September 13, 2001,  05:21 PM",Amendment Agreed to (98-0)
279,"H.R. 2500, as amended","September 13, 2001,  08:39 PM",Bill Passed (97-0)
280,S. 1426,"September 14, 2001,  10:22 AM",Bill Passed (96-0)
281,S.J.  Res. 23,"September 14, 2001,  10:44 AM",Joint Resolution Passed (98-0)
282,"Sharon Prost, of the District of Columbia, to be U.S. Circuit Judge for the Federal Circuit","September 21, 2001,  09:26 AM",Nomination Confirmed (97-0)
283,"Reggie B. Walton, to be United States District Judge for the District of Columbia","September 21, 2001,  09:54 AM",Nomination Confirmed (97-0)
284,S.1450,"September 21, 2001,  06:20 PM",Bill Passed (96-1)
285,"Kirk Van Tine, of Virginia, to be General Counsel of the Department of Transportation","September 24, 2001,  02:46 PM",Nomination Confirmed (97-0)
286,Motion to Table Bunning Amendment No. 1622,"September 25, 2001,  09:59 AM",Motion to Table Agreed to (53-47)
287,Motion to Table Warner Amdt. No. 1674,"September 25, 2001,  02:15 PM",Motion to Table Agreed to (74-24)
288,"H.R. 2904, as amended","September 26, 2001,  11:26 AM",Bill Passed (97-0)
289,Motion to Invoke Cloture on S. 1438,"October 2, 2001,  10:04 AM","Cloture Motion Agreed to (100-0, 3/5 majority required)"
290,"S. 1438, as amended","October 2, 2001,  04:40 PM",Bill Passed (99-0)
291,H.J. Res. 51,"October 3, 2001,  02:02 PM",Joint Resolution Passed (88-12)
292,Motion to Invoke Cloture on the Motion to Proceed to S. 1447 ,"October 9, 2001,  10:31 AM","Cloture Motion Agreed to (97-0, 3/5 majority required)"
293,Motion to Invoke Cloture on Amdt. No. 1855 to S.1447,"October 11, 2001,  01:33 PM","Cloture Motion Rejected (56-44, 3/5 majority required)"
294,Motion to Table Murkowski Amdt. No. 1863,"October 11, 2001,  04:22 PM",Motion to Table Agreed to (53-47)
295,"S.1447, as amended","October 11, 2001,  05:36 PM",Bill Passed (100-0)
296,S.J.Res. 25,"October 11, 2001,  06:15 PM",Joint Resolution Passed (100-0)
297,"Barrington D. Parker, of Connecticut, to be U.S. Circuit Court Judge for the Second Circuit ","October 11, 2001,  06:54 PM",Nomination Confirmed (100-0)
298,"Michael P. Mills, of Mississippi, to be U.S. District Judge","October 11, 2001,  07:08 PM",Nomination Confirmed (98-0)
299,Motion to Table Feingold Amdt. No. 1899,"October 11, 2001,  09:47 PM",Motion to Table Agreed to (83-13)
300,Motion to Table Feingold Amdt. No. 1900,"October 11, 2001,  10:28 PM",Motion to Table Agreed to (90-7)
301,Motion to Table Feingold Amdt. No. 1901,"October 11, 2001,  11:18 PM",Motion to Table Agreed to (89-8)
302,S.1510,"October 11, 2001,  11:43 PM",Bill Passed (96-1)
303,Motion to Invoke Cloture on Motion to Proceed to Consider H.R. 2506,"October 15, 2001,  05:37 PM","Cloture on the Motion to Proceed Rejected (50-46, 3/5 majority required)"
304,H.R. 2217 Conference Report,"October 17, 2001,  03:57 PM",Conference Report Agreed to (95-3)
305,H.R. 2904 Conference Report,"October 18, 2001,  11:00 AM",Conference Report Agreed to (96-1)
306,Motion to Invoke Cloture on Motion to Proceed to Consider H.R. 2506,"October 23, 2001,  10:00 AM","Cloture on the Motion to Proceed Rejected (50-47, 3/5 majority required)"
307,"Confirmation:  James H. Payne, of Oklahoma, to be United States District Judge for Northern, Eastern, and Western Districts of Oklahoma","October 23, 2001,  02:20 PM",Nomination Confirmed (100-0)
308,"Confirmation: Karen Caldwell , of Kentucky, to be U.S. District Judge","October 23, 2001,  02:46 PM",Nomination Confirmed (100-0)
309,"Confirmation:  Laurie Smith Camp, of Nebraska, to be United States District Judge","October 23, 2001,  03:06 PM",Nomination Confirmed (100-0)
310,"Confirmation: Claire V. Eagan, of Oklahoma to be U.S. District Judge for the Northern District","October 23, 2001,  03:20 PM",Nomination Confirmed (99-0)
311,Motion to Waive C.B.A. re: Graham Amdt. No. 1950,"October 24, 2001,  05:04 PM","Motion Rejected (27-72, 3/5 majority required)"
312,"H.R. 2506, as amended","October 24, 2001,  06:15 PM",Bill Passed (96-2)
313,H.R. 3162,"October 25, 2001,  01:54 PM",Bill Passed (98-1)
314,Motion to Table Nelson(NE) Amdt. No. 1987,"October 25, 2001,  07:12 PM",Motion to Table Failed (45-50)
315,"H.R. 2330, As Passed","October 25, 2001,  08:09 PM",Bill Passed (91-5)
316,Gregg Amdt. No. 2056,"November 1, 2001,  12:03 PM",Amendment Rejected (46-54)
317,Landrieu Amdt. No. 2058,"November 1, 2001,  12:29 PM",Amendment Agreed to (81-19)
318,Hutchinson Amdt. No. 2074,"November 1, 2001,  04:46 PM",Amendment Rejected (40-59)
319,Motion to Table Kyl Amdt. No. 2075,"November 1, 2001,  06:47 PM",Motion to Table Agreed to (57-41)
320,H.R. 2311 Conference Report,"November 1, 2001,  07:10 PM",Conference Report Agreed to (96-2)
321,H.R. 2590 Conference Report,"November 1, 2001,  07:23 PM",Conference Report Agreed to (83-15)
322,"Confirmation: Larry R. Hicks, of Nevada, to be U.S. District Judge","November 5, 2001,  05:58 PM",Nomination Confirmed (83-0)
323,Motion to Invoke Cloture on the Daschle Amendment No. 2044,"November 6, 2001,  02:40 PM","Cloture Motion Rejected (56-44, 3/5 majority required)"
324,"H.R. 3061, as amended","November 6, 2001,  03:26 PM",Bill Passed (89-10)
325,"Nomination: M. Christina Armijo, of New Mexico, to be United States District Judge","November 6, 2001,  04:19 PM",Nomination Confirmed (100-0)
326,"Karon O. Bowdre, of Alabama, to be U.S. District Judge","November 6, 2001,  05:33 PM",Nomination Confirmed (98-0)
327,"Stephen P. Friot, of Oklahoma, to be U.S. District Judge","November 6, 2001,  05:59 PM",Nomination Confirmed (98-0)
328,Motion to Table Allen Amendment No. 2107,"November 7, 2001,  11:14 AM",Motion to Table Agreed to (53-47)
329,Hutchison Amendment No. 2110,"November 7, 2001,  03:08 PM",Amendment Agreed to (51-49)
330,Durbin Amendment No. 2111,"November 7, 2001,  04:00 PM",Amendment Agreed to (73-26)
331,"H.R. 2944, as amended","November 7, 2001,  04:44 PM",Bill Passed (75-24)
332,"H.R. 2883, as amended","November 8, 2001,  01:56 PM",Bill Passed (100-0)
333,"Terry L. Wooten, of South Carolina, to be U.S. District Judge","November 8, 2001,  02:53 PM",Nomination Confirmed (98-0)
334,Conference Report to Accompany H.R. 2620,"November 8, 2001,  04:31 PM",Conference Report Agreed to (87-7)
335,"Confirmation: Edith Brown Clement, of Louisiana, to be U.S. Circuit Judge","November 13, 2001,  05:01 PM",Nomination Confirmed (99-0)
336,S.J. Res. 28,"November 13, 2001,  05:29 PM",Joint Resolution Defeated (1-99)
337,Motion to Waive CBA re: Sec. 909 of the Baucus Amdt. No. 2125,"November 14, 2001,  05:15 PM","Motion Rejected (51-47, 3/5 majority required)"
338,Motion to Waive CBA re: Baucus Amdt. No. 2125,"November 14, 2001,  05:42 PM","Motion Rejected (51-47, 3/5 majority required)"
339,H.R. 2330 Conference Report,"November 15, 2001,  11:28 AM",Conference Report Agreed to (92-7)
340,Conference Report to Accompany H.R. 2500,"November 15, 2001,  12:45 PM",Conference Report Agreed to (98-1)
341,Motion to Table Enzi Amdt. No. 2155,"November 15, 2001,  07:18 PM",Motion to Table Agreed to (57-43)
342,Motion to Proceed to Executive Session,"November 27, 2001,  04:28 PM",Nomination Confirmed (95-0)
343,Motion to Invoke Cloture on the Motion to Proceed to Consider H.R. 10,"November 29, 2001,  10:33 AM","Cloture Motion Agreed to (96-4, 3/5 majority required)"
344,Motion to Invoke Cloture on the Lott Amendment No. 2171,"December 3, 2001,  05:23 PM","Cloture Motion Rejected (1-94, 3/5 majority required)"
345,Motion to Invoke Cloture on Amendment No. 2170,"December 3, 2001,  05:48 PM","Cloture Motion Agreed to (81-15, 3/5 majority required)"
346,H.R. 2299 Conference Report,"December 4, 2001,  12:26 PM",Conference Report Agreed to (97-2)
347,Domenici Amendment No. 2202,"December 4, 2001,  02:24 PM",Amendment Rejected (40-59)
348,Nickles Amendment No. 2175,"December 4, 2001,  04:35 PM",Amendment Rejected (27-72)
349,Gramm Amendment No. 2196,"December 4, 2001,  05:05 PM",Amendment Rejected (21-78)
350,Motion to Waive CBA re: Daschle Amendment No. 2170,"December 5, 2001,  10:18 AM","Motion Agreed to (80-19, 3/5 majority required)"
351,"H.R. 10, as amended","December 5, 2001,  10:49 AM",Bill Passed (90-9)
352,Motion to Invoke Cloture on the Motion to Proceed to Consideration of S. 1731,"December 5, 2001,  12:57 PM","Cloture Motion Agreed to (73-26, 3/5 majority required)"
353,"Harris L. Hartz, of New Mexico, to be United States Circuit Judge for the Tenth Circuit","December 6, 2001,  11:46 AM",Nomination Confirmed (99-0)
354,Division I of the Motion to Waive CBA Re: The Emergency Designation on Page 397 of the Committee Substitute to H.R. 3338,"December 6, 2001,  07:39 PM","Motion Rejected (50-48, 3/5 majority required)"
355,Division II of the Motion to Waive CBA Re: The Emergency Designation on Page 398 of the Committee Substitute to HR 3338,"December 6, 2001,  08:02 PM","Motion Rejected (50-48, 3/5 majority required)"
356,H.R. 2944 Conference Report,"December 7, 2001,  09:44 AM",Conference Report Agreed to (79-20)
357,Motion to Waive the CBA re: the Committee Substitute to H.R. 3338,"December 7, 2001,  12:35 PM","Point of Order Sustained (50-50, 3/5 majority required)"
358,Dodd Amdt. No. 2337,"December 7, 2001,  05:37 PM",Amendment Rejected (48-51)
359,Helms Amdt. No. 2336,"December 7, 2001,  06:02 PM",Amendment Agreed to (78-21)
360,Is the Feingold Amendment No. 2349 Germane to H.R. 3338?,"December 7, 2001,  10:03 PM",Amendment Not Germane (33-65)
361,"Confirmation John D. Bates, of Maryland, to be U.S. District Judge for the District of Columbia","December 11, 2001,  09:34 AM",Nomination Confirmed (97-0)
362,Motion to Table Crapo Amdt. No. 2472,"December 11, 2001,  02:58 PM",Motion to Table Agreed to (51-47)
363,Motion to Table Lugar Amdt. No. 2473,"December 12, 2001,  10:27 AM",Motion to Table Agreed to (70-30)
364,Motion to Table Gregg Amdt. No. 2466,"December 12, 2001,  03:14 PM",Motion to Table Agreed to (71-29)
365,Motion to Table Bond Amdt. No. 2513,"December 13, 2001,  11:47 AM",Motion to Table Agreed to (54-43)
366,Feingold Amdt. No. 2522,"December 13, 2001,  12:13 PM",Amendment Agreed to (64-31)
367,Johnson Amdt. No. 2534,"December 13, 2001,  01:52 PM",Amendment Agreed to (51-46)
368,Motion to Invoke Cloture on Harkin Amdt. No. 2471,"December 13, 2001,  04:25 PM","Cloture Motion Rejected (53-45, 3/5 majority required)"
369,Conference Report to Accompany S. 1438,"December 13, 2001,  05:03 PM",Conference Report Agreed to (96-2)
370,"Confirmation Frederick J. Martone, of Arizona, to be U.S. District Judge","December 13, 2001,  05:27 PM",Nomination Confirmed (97-0)
371,H.R. 1 Conference Report,"December 18, 2001,  12:13 PM",Conference Report Agreed to (87-10)
372,"Motion to Invoke Cloture on the Harkin Amdt. No. 2471 to S. 1731, Upon Reconsideration","December 18, 2001,  12:41 PM","Cloture Motion Rejected (54-43, 3/5 majority required)"
373,Motion to table McCain Amdt. No. 2603,"December 18, 2001,  04:47 PM",Motion to Table Agreed to (68-27)
374,Motion to Table Cochran Amendment No. 2671,"December 18, 2001,  07:20 PM",Motion to Table Agreed to (55-40)
375,Motion to Table Smith(NH) Amdt. No. 2596,"December 18, 2001,  07:55 PM",Motion to Table Agreed to (61-33)
376,Motion to Table Hutchinson Amdt. No. 2678,"December 19, 2001,  12:50 PM",Motion to Table Agreed to (59-38)
377,Motion to Invoke Cloture on the Harkin Amdt. No. 2471,"December 19, 2001,  01:57 PM","Cloture Motion Rejected (54-43, 3/5 majority required)"
378,Conference  Report to Accompany H.R. 3061,"December 20, 2001,  12:00 PM",Conference Report Agreed to (90-7)
379,H. Con. Res. 295,"December 20, 2001,  12:32 PM",Resolution Agreed to (56-40)
380,Conference Report to Accompany H.R. 3338,"December 20, 2001,  03:13 PM",Conference Report Agreed to (94-2)
