,title,vote_date,vote_result
0,Motion to Instruct Sergeant at Arms,"January 23, 2002,  12:11 PM",Motion for Attendance Agreed to (88-6)
1,Motion to Instruct Sergeant at Arms,"January 23, 2002,  12:11 PM",Motion for Attendance Agreed to (88-6)
2,Motion to Waive CBA re: Emergency Designation re: Baucus Amendment No. 2701,"January 24, 2002,  04:21 PM","Motion Rejected (57-33, 3/5 majority required)"
3,Motion to Waive CBA re: Smith Amendment No. 2705,"January 25, 2002,  10:34 AM","Motion Rejected (39-45, 3/5 majority required)"
4,"Confirmation: Marcia S. Krieger, of Colorado, to be U.S. District Judge","January 25, 2002,  11:13 AM",Nomination Confirmed (83-0)
5,"Confirmation: James C. Mahan, of Nevada, to be U.S. District Judge","January 25, 2002,  11:37 AM",Nomination Confirmed (81-0)
6,Motion to Waive CBA re: Durbin Amdt. 2714,"January 29, 2002,  11:33 AM","Motion Rejected (57-35, 3/5 majority required)"
7,Bond Amendment No. 2717,"January 29, 2002,  12:21 PM",Amendment Agreed to (90-2)
8,Motion to Waive CBA re: Harkin Amdt. No. 2719,"January 29, 2002,  03:46 PM","Motion Rejected (54-41, 3/5 majority required)"
9,Allen Amdt. No. 2702,"January 29, 2002,  05:19 PM",Amendment Agreed to (92-2)
10,"Motion to Waive CBA re: Baucus Amdt. No. 2718, as modified","January 29, 2002,  05:20 PM","Motion Agreed to (62-33, 3/5 majority required)"
11,"Confirmation: Callie V. Granade, of Alabama, to be U.S. District Judge","February 4, 2002,  05:30 PM",Nomination Confirmed (75-0)
12,"Philip R. Martinez, of Texas, to be U.S. District Judge for the Western District","February 5, 2002,  10:32 AM",Nomination Confirmed (93-0)
13,Motion to Invoke Cloture on Daschle Amdt. No.2698 to H.R. 622,"February 6, 2002,  11:52 AM","Cloture Motion Rejected (56-39, 3/5 majority required)"
14,Motion to Invoke Cloture on Grassley Amdt. No. 2773 to H.R. 622,"February 6, 2002,  12:20 PM","Cloture Motion Rejected (48-47, 3/5 majority required)"
15,"Wellstone Amdt. No. 2602, as modified","February 6, 2002,  04:25 PM",Amendment Rejected (44-52)
16,"Harkin Amdt. No. 2604, as amended","February 6, 2002,  05:00 PM",Amendment Agreed to (82-14)
17,"Durbin Amdt. No. 2821, as modified","February 7, 2002,  10:16 AM",Amendment Agreed to (96-1)
18,Motion to Table Dorgan Amdt. No. 2826,"February 7, 2002,  12:33 PM",Motion to Table Failed (31-66)
19,Lugar Amdt. No. 2827,"February 7, 2002,  03:09 PM",Amendment Rejected (11-85)
20,Carnahan Amdt. No. 2830,"February 7, 2002,  05:40 PM",Amendment Agreed to (93-0)
21,"Confirmation: Michael J. Melloy, of Iowa, to be U.S. Circuit Judge","February 11, 2002,  06:00 PM",Nomination Confirmed (91-0)
22,"Confirmation: Jay C. Zainey, of Louisianna, to be U.S. District Judge","February 11, 2002,  06:28 PM",Nomination Confirmed (92-0)
23,Motion to Table Grassley Amdt. No. 2837,"February 12, 2002,  10:27 AM",Motion to Table Failed (46-53)
24,Motion to Table Crapo Amdt. No. 2533,"February 12, 2002,  11:29 AM",Motion to Table Agreed to (55-45)
25,Motion to Waive CBA re: Baucus Amdt No. 2839,"February 12, 2002,  11:51 AM","Motion Agreed to (69-30, 3/5 majority required)"
26,Harkin Amdt. No. 2856,"February 12, 2002,  05:48 PM",Amendment Rejected (17-80)
27,Conrad Amdt. No. 2857,"February 13, 2002,  09:52 AM",Amendment Agreed to (98-0)
28,Kyl Amdt. No. 2850,"February 13, 2002,  10:18 AM",Amendment Agreed to (56-42)
29,Motion to Table Domenici Amdt. No. 2851,"February 13, 2002,  10:38 AM",Motion to Table Agreed to (56-42)
30,"H.R. 2646, as amended","February 13, 2002,  12:31 PM",Bill Passed (58-40)
31,Reid Amdt. No. 2879,"February 14, 2002,  12:18 PM",Amendment Rejected (31-63)
32,Durbin Amdt. No. 2895,"February 14, 2002,  02:54 PM",Amendment Rejected (44-50)
33,Lieberman Amdt. No. 2890,"February 14, 2002,  05:26 PM",Amendment Rejected (46-49)
34,Burns Amdt. No. 2887,"February 14, 2002,  05:59 PM",Amendment Rejected (40-55)
35,"Confirmation: Robert E. Blackburn, of Colorado, to be U.S. District Judge","February 26, 2002,  10:00 AM",Nomination Confirmed (98-0)
36,Cleland Amdt. No. 2883,"February 26, 2002,  04:54 PM",Amendment Agreed to (97-0)
37,"Confirmation: Cindy K. Jorgenson of Arizona, to be U.S. District Judge","February 26, 2002,  05:24 PM",Nomination Confirmed (98-0)
38,Motion to Table Schumer Amdt. No. 2937,"February 27, 2002,  10:05 AM",Motion to Table Failed (46-51)
39,Motion to Invoke Cloture on S. 565,"March 1, 2002,  09:48 AM","Cloture Motion Rejected (49-39, 3/5 majority required)"
40,"Motion to Invoke Cloture on S. 565, Upon Reconsideration","March 4, 2002,  06:16 PM","Cloture Motion Rejected (51-44, 3/5 majority required)"
41,"Daschle Amdt. No. 2980, as modified and amended","March 6, 2002,  05:56 PM",Amendment Agreed to (93-5)
42,Voinovich Amdt. No. 2983,"March 7, 2002,  02:15 PM",Amendment Agreed to (78-21)
43,"Bingaman Amdt. No. 2986, as modified","March 7, 2002,  02:47 PM",Amendment Agreed to (78-21)
44,Motion to Concur in the Amendment of the House to the Amendment of the Senate to H.R. 3090,"March 8, 2002,  09:37 AM",Motion Agreed to (85-9)
45,"McCain Amdt. No. 2979, as amended","March 8, 2002,  10:04 AM",Amendment Agreed to (94-0)
46,"Confirmation: Ralph R. Beistline, of Alaska, to be U.S. District Judge","March 12, 2002,  11:02 AM",Nomination Confirmed (98-0)
47,Levin Amendment No. 2997,"March 13, 2002,  12:03 PM",Amendment Agreed to (62-38)
48,Miller Amendment No. 2998,"March 13, 2002,  12:48 PM",Amendment Agreed to (56-44)
49,Motion to Waive the CBA re: Thomas Amdt. No. 3012,"March 14, 2002,  02:02 PM","Motion Agreed to (60-40, 3/5 majority required)"
50,Jeffords Amendment No. 3017,"March 14, 2002,  05:35 PM",Amendment Rejected (29-70)
51,"Confirmation: David C. Bury, of Arizona, to be District Judge","March 15, 2002,  09:20 AM",Nomination Confirmed (90-0)
52,"Confirmation: Randy Crane, of Texas, to be U.S. District Judge","March 18, 2002,  05:51 PM",Nomination Confirmed (91-0)
53,Motion to Invoke Cloture on H.R. 2356,"March 20, 2002,  12:50 PM","Cloture Motion Agreed to (68-32, 3/5 majority required)"
54,Passage of H.R. 2356,"March 20, 2002,  06:23 AM",Bill Passed (60-40)
55,Kyl Amdt. No. 3038,"March 21, 2002,  09:56 AM",Amendment Rejected (40-58)
56,Daschle Amdt. No. 3040,"March 21, 2002,  03:23 PM",Amendment Agreed to (97-1)
57,Lott Amdt. No. 3033,"March 21, 2002,  03:48 PM",Amendment Rejected (47-51)
58,Murkowski Amdt. No. 3052,"March 21, 2002,  06:07 PM",Amendment Rejected (39-57)
59,Kyl Amdt. No. 3057,"March 21, 2002,  07:06 PM",Amendment Rejected (37-58)
60,"Motion to Table Reid Amdt. No. 3081, as modified","April 9, 2002,  03:45 PM",Motion to Table Failed (40-59)
61,Motion to Invoke Cloture on the Feinstein Amdt. No.2989,"April 10, 2002,  09:47 AM",Cloture Motion Rejected (48-50)
62,Craig Amdt. No. 3047,"April 10, 2002,  02:02 PM",Amendment Rejected (32-67)
63,Roberts Amdt. No. 2907,"April 11, 2002,  12:05 PM",Amendment Agreed to (56-43)
64,Clinton Amdt. No. 3108,"April 11, 2002,  12:35 PM",Amendment Rejected (48-52)
65,"S.565, as amended","April 11, 2002,  12:55 PM",Bill Passed (99-1)
66,"Durbin Amdt. No. 3094, as modified","April 11, 2002,  03:45 PM",Amendment Agreed to (69-30)
67,Motion to Table Feinstein Amdt. No. 3114,"April 11, 2002,  04:22 PM",Motion to Table Agreed to (61-36)
68,"Confirmation: Terrence L. O'Brien, of Wyoming, to be U.S. Circuit Judge for the Tenth Circuit.","April 15, 2002,  05:30 PM",Nomination Confirmed (98-0)
69,"Confirmation: Lance M. Africk, of Louisiana, to be U.S. District Judge for the Eastern District of Louisiana","April 17, 2002,  10:04 AM",Nomination Confirmed (97-0)
70,Motion to Invoke Cloture on the Stevens Amendment No. 3133,"April 18, 2002,  11:53 AM","Cloture Motion Rejected (36-64, 3/5 majority required)"
71,Motion to Invoke Cloture on the Murkowski Amendment No. 31323,"April 18, 2002,  12:20 PM","Cloture Motion Rejected (46-54, 3/5 majority required)"
72,Murkowski Amendment No. 3159,"April 18, 2002,  04:55 PM",Amendment Agreed to (88-10)
73,Byrd Amendment No. 3161,"April 18, 2002,  07:05 PM",Amendment Agreed to (97-0)
74,Byrd Amendment No. 3162,"April 18, 2002,  07:31 PM",Amendment Agreed to (97-0)
75,"H.R. 3525, as amended","April 18, 2002,  07:46 PM",Amendment Agreed to (97-0)
76,"Confirmation: Legrome D. Davis, of Pennsylvania, to be U.S. District Judge for the Eastern District","April 18, 2002,  08:20 PM",Nomination Confirmed (94-0)
77,Motion to Invoke Cloture on the Daschle Amdt. No. 2917,"April 23, 2002,  02:32 PM","Cloture Motion Agreed to (86-13, 3/5 majority required)"
78,Motion to Table Schumer Amendment No. 3030,"April 23, 2002,  05:57 PM",Motion to Table Agreed to (69-30)
79,"Confirmation: Jeffrey R. Howard, of New Hampshire, to be U.S. Circuit Judge","April 23, 2002,  06:28 PM",Nomination Confirmed (99-0)
80,Motion to Table Cantwell Amdt. No. 3234,"April 24, 2002,  10:49 AM",Motion to Table Agreed to (58-39)
81,Motion to Table Bingaman Amendment No. 3316,"April 24, 2002,  11:41 AM",Motion to Table Agreed to (54-43)
82,Motion to Table Carper Amdt. No. 3197,"April 24, 2002,  01:02 PM",Motion to Table Failed (37-60)
83,Motion to Table Nickles Amdt. No. 3256,"April 24, 2002,  05:10 PM",Motion to Table Failed (38-59)
84,Motion to Table Fitzgerald Amdt. No. 3124,"April 24, 2002,  06:25 PM",Motion to Table Agreed to (50-46)
85,"Nomination: Percy Anderson, of California, to be U.S. District Judge","April 25, 2002,  09:40 AM",Nomination Confirmed (99-0)
86,"Nomination: John F. Walter, of California, to be U.S. District Judge","April 25, 2002,  10:08 AM",Nomination Confirmed (99-0)
87,Motion to Table Boxer Amdt. No. 3139,"April 25, 2002,  12:34 PM",Motion to Table Agreed to (57-42)
88,Motion to Table Feinstein Amdt. No. 3225,"April 25, 2002,  01:01 PM",Motion to Table Agreed to (60-39)
89,Harkin Amdt. No. 3195,"April 25, 2002,  03:21 PM",Amendment Agreed to (52-47)
90,Motion to Table Carper Amdt. No. 3198,"April 25, 2002,  03:54 PM",Motion to Table Agreed to (57-42)
91,Motion to Table Kyl Amdt. No. 3333,"April 25, 2002,  04:14 PM",Motion to Table Agreed to (91-8)
92,Motion to Table Graham Amdt. No. 3370,"April 25, 2002,  04:34 PM",Motion to Table Agreed to (73-26)
93,Motion to Table Graham Amdt. No. 3372,"April 25, 2002,  05:01 PM",Motion to Table Agreed to (70-29)
94,"H.R. 4, as amended","April 25, 2002,  05:37 PM",Bill Passed (88-11)
95,"Confirmation: Joan F. Lancaster, of Minnesota, to be U.S. District Judge","April 25, 2002,  05:58 PM",Nomination Confirmed (99-0)
96,"Confirmation: William C. Griesbach, of Wisconsin, to be U.S. District Judge ","April 25, 2002,  06:13 PM",Nomination Confirmed (97-0)
97,Motion to Invoke Cloture on the Motion to Proceed to Consider  H.R. 3009,"April 29, 2002,  06:32 PM","Cloture Motion Agreed to (69-21, 3/5 majority required)"
98,"Confirmation: Michael M. Baylson, of Pennsylvania, to be U.S. District Judge","April 30, 2002,  02:15 PM",Nomination Confirmed (98-0)
99,"Confirmation: Cynthia M. Rufe, of Pennsylvania, to be U.S. District Judge","April 30, 2002,  02:38 PM",Nomination Confirmed (98-0)
100,Motion to Proceed to the Consideration of H.R. 3009,"May 1, 2002,  09:38 AM",Motion to Proceed Agreed to (77-21)
101,Motion to Table Dorgan Amdt. No. 3387,"May 2, 2002,  12:20 PM",Motion to Table Failed (29-67)
102,Lieberman Amdt. No. 3389,"May 2, 2002,  03:56 PM",Amendment Agreed to (94-2)
103,Conference Report  H.R. 2646,"May 8, 2002,  04:26 PM",Conference Report Agreed to (64-35)
104,"Confirmation: Leonard E. Davis, of Texas, to be U.S. District Judge","May 9, 2002,  11:37 AM",Nomination Confirmed (97-0)
105,"Confirmation: Andrew S. Hanen, of Texas, to be U.S. District Judge","May 9, 2002,  12:08 PM",Nomination Confirmed (97-0)
106,"Confirmation: Samuel H. Mays, Jr., of Tennessee, to be U.S. District Judge","May 9, 2002,  12:24 PM",Nomination Confirmed (97-0)
107,"Confirmation: Thomas M. Rose, of Ohio, to be U.S. District Judge","May 9, 2002,  12:43 PM",Nomination Confirmed (95-0)
108,"Confirmation: Paul G. Cassell, of Utah, to be U.S. District Judge","May 13, 2002,  06:00 PM",Nomination Confirmed (67-20)
109,Baucus Amendment No. 3405,"May 14, 2002,  10:41 AM",Amendment Agreed to (98-0)
110,Motion to Table Dayton Amdt. No. 3408,"May 14, 2002,  02:21 PM",Motion to Table Failed (38-61)
111,Edwards Amendment No. 3417,"May 15, 2002,  01:54 PM",Amendment Agreed to (66-33)
112,Motion to Table Lieberman Amdt. No. 3419,"May 15, 2002,  03:30 PM",Motion to Table Agreed to (54-44)
113,Motion to Table Durbin Amendment No. 3422,"May 15, 2002,  04:49 PM",Motion to Table Agreed to (69-30)
114,Motion to Table Gregg Amendment No. 3427,"May 16, 2002,  11:24 AM",Motion to Table Agreed to (58-38)
115,Motion to Table Dodd Amendment No. 3428,"May 16, 2002,  04:02 PM",Motion to Table Agreed to (52-46)
116,H.R. 3167,"May 17, 2002,  11:00 AM",Bill Passed (85-6)
117,Motion to Invoke Cloture on the Rockefeller Amdt. No. 3433,"May 21, 2002,  11:08 AM","Cloture Motion Rejected (56-40, 3/5 majority required)"
118,Motion to Instruct Sergeant at Arms,"May 21, 2002,  12:09 PM",Motion Agreed to (58-35)
119,Motion to Table Allen Amdt. No. 3406,"May 21, 2002,  03:46 PM","Motion to Table Agreed to (49-49, Vice President voted Yea)"
120,Hutchison Amdt. No. 3441,"May 21, 2002,  04:03 PM",Amendment Agreed to (96-0)
121,Motion to Table Kerry Amdt. No. 3430,"May 21, 2002,  05:12 PM",Motion to Table Agreed to (55-41)
122,Motion to Invoke Cloture on Amdt. No. 3401,"May 22, 2002,  11:34 AM","Cloture Motion Agreed to (68-29, 3/5 majority required)"
123,Motion to Table Nelson (FL) Amdt. No. 3454,"May 22, 2002,  02:06 PM",Motion to Table Agreed to (60-38)
124,H.R. 3448 Conference Report,"May 23, 2002,  04:15 PM",Conference Report Agreed to (98-0)
125,Motion to Table Byrd Amdt. No. 3447,"May 23, 2002,  06:39 PM",Motion to Table Agreed to (66-32)
126,Motion to Table Byrd Amdt. No. 3448,"May 23, 2002,  06:39 PM",Motion to Table Agreed to (66-32)
127,Motion to Table Corzine Amdt. No. 3461,"May 23, 2002,  06:59 PM",Motion to Table Agreed to (49-47)
128,Motion to Waive CBA re: Landrieu Amdt. No. 3470,"May 23, 2002,  07:19 PM","Motion Rejected (50-46, 3/5 majority required)"
129,Motion to Table Wellstone Amdt. No. 3467,"May 23, 2002,  07:44 PM",Motion to Table Failed (42-53)
130,"H.R. 3009, as amended","May 23, 2002,  08:13 PM",Bill Passed (66-30)
131,Byrd Amdt. No. 3557,"June 4, 2002,  02:15 PM",Amendment Agreed to (91-4)
132,"Motion to Waive CBA re: Kennedy Amdt. No. 3608, as modified","June 5, 2002,  12:52 PM","Motion Rejected (38-60, 3/5 majority required)"
133,Motion to Waive CBA re: Gregg Amdt. No. 3687,"June 5, 2002,  02:28 PM","Motion Rejected (49-49, 3/5 majority required)"
134,Motion to Table Santorum Amdt. No. 3765,"June 5, 2002,  04:10 PM",Motion to Table Agreed to (96-0)
135,Motion to Invoke Cloture on H.R. 4775,"June 6, 2002,  11:07 AM","Cloture Motion Agreed to (87-10, 3/5 majority required)"
136,Motion to Table McCain Amdt. No. 3703,"June 6, 2002,  12:13 PM",Motion to Table Agreed to (67-29)
137,Motion to Table McCain Amdt. No. 3635,"June 6, 2002,  02:06 PM",Motion to Table Agreed to (65-31)
138,Motion to Table McCain Amdt. No. 3704,"June 6, 2002,  03:21 PM",Motion to Table Agreed to (72-24)
139,Motion to Table Dodd Amdt. No. 3787,"June 6, 2002,  04:45 PM",Motion to Table Agreed to (55-40)
140,"Warner Amdt. No. 3597, as amended","June 6, 2002,  05:26 PM",Amendment Agreed to (75-19)
141,Motion to Waive CBA re: Durbin Amdt. No. 3729,"June 6, 2002,  07:26 PM","Motion Rejected (46-49, 3/5 majority required)"
142,"Helms Amdt. No. 3725, as modified","June 6, 2002,  08:04 PM",Amendment Agreed to (79-14)
143,Motion to Table Nickles Amdt. No. 3588,"June 6, 2002,  09:33 PM",Motion to Table Agreed to (58-36)
144,Motion to Waive CBA re: H.R. 4775,"June 6, 2002,  09:58 PM","Motion Agreed to (69-25, 3/5 majority required)"
145,"H.R. 4775, as amended","June 7, 2002,  12:15 AM",Bill Passed (71-22)
146,"S. Res. 272, as amended","June 10, 2002,  05:45 PM",Resolution Agreed to (87-0)
147,Motion to Invoke Cloture on S. 625,"June 11, 2002,  11:55 AM","Cloture Motion Rejected (54-43, 3/5 majority required)"
148,S. 2578,"June 11, 2002,  12:53 PM",Bill Passed (68-29)
149,Motion to Waive CBA re: Dorgan Amdt. No. 3832,"June 12, 2002,  02:38 PM","Motion Rejected (44-54, 3/5 majority required)"
150,Motion to Waive CBA re: Conrad Amdt. No. 3831,"June 12, 2002,  05:27 PM","Motion Rejected (38-60, 3/5 majority required)"
151,Motion to Waive CBA re: Gramm Amdt. No. 3833,"June 12, 2002,  06:00 PM","Motion Rejected (54-44, 3/5 majority required)"
152,Motion to Table McConnell Amendment No. 3836,"June 13, 2002,  12:42 PM",Motion to Table Agreed to (50-46)
153,Motion to Table Nelson Amdt. No. 3834,"June 13, 2002,  04:19 PM",Motion to Table Agreed to (70-24)
154,"H.R. 3275, as amended","June 14, 2002,  09:44 AM",Bill Passed (83-1)
155,Harkin Amdt. No. 3838,"June 14, 2002,  10:10 AM",Amendment Agreed to (81-3)
156,Motion to Invoke Cloture on S. 2600,"June 18, 2002,  10:28 AM","Cloture Motion Agreed to (65-31, 3/5 majority required)"
157,"S. 2600, as amended","June 18, 2002,  04:56 PM",Bill Passed (84-14)
158,"Levin Amdt. No. 3899, as amended","June 19, 2002,  02:08 PM",Amendment Agreed to (96-3)
159,"Motion to Waive CBA re: Feingold Amdt. No. 3915, as amended","June 20, 2002,  03:04 PM","Motion Rejected (59-40, 3/5 majority required)"
160,Murray Amdt. No. 3927,"June 21, 2002,  09:34 AM",Amendment Agreed to (52-40)
161,Smith (NH) Amdt No. 3969,"June 24, 2002,  05:48 PM",Amendment Agreed to (93-0)
162,Motion to Table Kennedy Amdt. No. 3918,"June 25, 2002,  03:26 PM",Motion to Table Agreed to (50-49)
163,S. Res. 292,"June 26, 2002,  05:14 PM",Resolution Agreed to (99-0)
164,Motion to Invoke Cloture on S. 2514,"June 27, 2002,  10:33 AM","Cloture Motion Agreed to (98-0, 3/5 majority required)"
165,"S. 2514, as amended","June 27, 2002,  02:35 PM",Bill Passed (97-2)
166,S. 2690,"June 27, 2002,  03:21 PM",Bill Passed (99-0)
167,Motion to Proceed to Consider S.J. Res. 34,"July 9, 2002,  06:43 PM",Motion to Proceed Agreed to (60-39)
168,Motion to Table McConnell Amdt. No. 4175,"July 10, 2002,  12:33 PM",Motion to Table Agreed to (55-43)
169,Leahy Amdt. No. 4185,"July 10, 2002,  03:15 PM",Amendment Agreed to (97-0)
170,"Biden Amdt. No. 4186, as further modified","July 10, 2002,  04:44 PM",Amendment Agreed to (96-0)
171,Lott Amdt. No. 4188,"July 10, 2002,  05:11 PM",Amendment Agreed to (97-0)
172,Motion to Table McConnell Amdt. No. 4200,"July 11, 2002,  02:05 PM",Motion to Table Agreed to (62-35)
173,Motion to Invoke Cloture on S. 2673,"July 12, 2002,  09:31 AM","Cloture Motion Agreed to (91-2, 3/5 majority required)"
174,Carnahan Amdt. No. 4286,"July 15, 2002,  05:48 PM",Amendment Agreed to (97-0)
175,"Edwards Amdt. No. 4187, as amended","July 15, 2002,  06:15 PM",Amendment Agreed to (97-0)
176,"S. 2673, as amended","July 15, 2002,  06:23 PM",Bill Passed (97-0)
177,"Motion to Invoke Cloture on the Nomination of Lavenski R. Smith, to be U.S. Circuit Judge for the Eigth Circuit","July 15, 2002,  06:41 PM","Cloture Motion Agreed to (94-3, 3/5 majority required)"
178,Motion to Invoke Cloture on the Motion to Proceed to Consider S. 812,"July 17, 2002,  10:31 AM","Cloture Motion Agreed to (99-0, 3/5 majority required)"
179,Dorgan Amendment No. 4300,"July 17, 2002,  02:30 PM",Amendment Agreed to (69-30)
180,Cochran Amendment No. 4301,"July 17, 2002,  06:05 PM",Amendment Agreed to (99-0)
181,"H.R. 5011, as amended ","July 18, 2002,  10:45 AM",Bill Passed (96-3)
182,"Stabenow Amendment No. 4305, as modified","July 18, 2002,  05:43 PM",Amendment Agreed to (56-43)
183,"Motion to Invoke Cloture on the Nomination of Richard Clifton, to be U.S. Circuit Judge","July 18, 2002,  06:11 PM","Cloture Motion Agreed to (97-1, 3/5 majority required)"
184,"Confirmation: Richard R. Clifton of Hawaii, to be U.S. Circuit Judge","July 18, 2002,  06:27 PM",Nomination Confirmed (98-0)
185,"Motion to Invoke Cloture on the Nomination of Richard H. Carmona, to be Surgeon General","July 23, 2002,  11:04 AM","Cloture Motion Agreed to (98-0, 3/5 majority required)"
186,Motion to Waive CBA re: Graham Amdt. No. 4309,"July 23, 2002,  02:54 PM","Motion Rejected (52-47, 3/5 majority required)"
187,Motion to Waive CBA re: Grassley Amdt. No. 4310,"July 23, 2002,  03:20 PM","Motion Rejected (48-51, 3/5 majority required)"
188,H.R. 4775 Conference Report,"July 24, 2002,  01:34 PM",Conference Report Agreed to (92-7)
189,Motion to Waive CBA re: Hagel Amdt. No. 4315,"July 24, 2002,  02:08 PM","Motion Rejected (51-48, 3/5 majority required)"
190,Motion to Waive CBA re: Rockefeller Amdt. No. 4316,"July 25, 2002,  11:43 AM","Motion Agreed to (75-24, 3/5 majority required)"
191,"H.R. 5121, as amended","July 25, 2002,  01:53 PM",Bill Passed (85-14)
192,H.R. 3763  Conference Report,"July 25, 2002,  04:30 PM",Conference Report Agreed to (99-0)
193,"Motion to Invoke Cloture on the Nomination of Julia Smith Gibbons, to be U. S. Circuit Judge for the Sixth Circuit","July 26, 2002,  09:59 AM","Cloture Motion Agreed to (89-0, 3/5 majority required)"
194,"Confirmation: Julia Smith Gibbons, of Tennessee, to be U.S. Circuit Judge","July 29, 2002,  05:31 PM",Nomination Confirmed (95-0)
195,"Confirmation: Joy Flowers Conti, of Pennsylvania, to be U. S. District Judge","July 29, 2002,  06:01 PM",Nomination Confirmed (96-0)
196,"Confirmation: John E. Jones III, to be U.S. District Judge","July 29, 2002,  06:20 PM",Nomination Confirmed (96-0)
197,Motion to Table McConnell Amdt. No. 4326,"July 30, 2002,  02:07 PM",Motion to Table Agreed to (57-42)
198,Motion to Proceed to Consider Conference Report on H.R. 3009,"July 30, 2002,  06:17 PM",Motion to Proceed Agreed to (66-33)
199,Motion to Waive CBA re: Graham Amdt. No. 4345,"July 31, 2002,  11:08 AM","Motion Rejected (49-50, 3/5 majority required)"
200,Motion to Invoke Cloture on S. 812,"July 31, 2002,  11:40 AM","Cloture Motion Agreed to (66-33, 3/5 majority required)"
201,"S. 812, as amended","July 31, 2002,  12:03 PM",Bill Passed (78-21)
202,"Confirmation D. Brooks Smith, of Pennsylvania, to be U.S. Circuit Judge","July 31, 2002,  12:33 PM",Nomination Confirmed (64-35)
203,Motion to Invoke Cloture on the Conference Report to Accompany H.R. 3009,"August 1, 2002,  10:36 AM","Cloture Motion Agreed to (64-32, 3/5 majority required)"
204,"H.R. 5010, as amended","August 1, 2002,  03:34 PM",Bill Passed (95-3)
205,"Confirmation Henry E. Autry of Missouri, to be U.S. District Judge","August 1, 2002,  03:22 PM",Nomination Confirmed (98-0)
206,Motion to Waive CBA re: Conference Report to Accompany H.R. 3009,"August 1, 2002,  03:55 PM","Motion Agreed to (67-31, 3/5 majority required)"
207,Conference Report to Accompany H.R. 3009,"August 1, 2002,  04:18 PM",Conference Report Agreed to (64-34)
208,"Confirmation Terrence F. McVerry, of Pennsylvania, to be United States District Judge","September 3, 2002,  12:30 PM",Nomination Confirmed (88-0)
209,Motion to Proceed to Consider H.R. 5005,"September 3, 2002,  06:30 PM",Motion to Proceed Agreed to (94-0)
210,"Boxer-Smith Amdt. No. 4492, as further modified","September 5, 2002,  04:59 PM",Amendment Agreed to (87-6)
211,"Confirmation  Kenneth H. Marra, of Florida, to be U.S. District Judge","September 9, 2002,  01:46 PM",Nomination Confirmed (82-0)
212,Motion to Waive CBA re: Daschle Amdt No. 4481,"September 10, 2002,  10:45 AM","Motion Agreed to (79-16, 3/5 majority required)"
213,"Confirmation Timothy J. Corrigan of Florida, to be United States District Judge","September 12, 2002,  10:03 AM",Nomination Confirmed (88-0)
214,Motion to Table Thompson Amdt. No. 4513,"September 12, 2002,  02:00 PM",Motion to Table Failed (41-55)
215,Hollings Amendment No. 4533,"September 12, 2002,  02:29 PM",Amendment Rejected (48-49)
216,"Confirmation Arthur J. Schwab, of Pennsylvania, to be U.S. District Judge","September 13, 2002,  10:15 AM",Nomination Confirmed (92-0)
217,Motion to Invoke Cloture on Amdt. No. 4480,"September 17, 2002,  05:23 PM","Cloture Motion Rejected (50-49, 3/5 majority required)"
218,Motion to Invoke Cloture on the Lieberman Amdt No. 4471,"September 19, 2002,  12:41 PM","Cloture Motion Rejected (50-49, 3/5 majority required)"
219,"Confirmation Reena Raggi, of New York, to be U.S. Circuit Judge","September 20, 2002,  10:29 AM",Nomination Confirmed (85-0)
220,Motion to Table Dodd Amdt. No. 4522,"September 23, 2002,  05:49 PM",Motion to Table Agreed to (80-15)
221,"Motion to Invoke Cloture on the Byrd Amdt. No. 4480, as amended, upon reconsideration","September 23, 2002,  06:15 PM","Cloture Motion Rejected (49-46, 3/5 majority required)"
222,Byrd Amendment No. 4644,"September 24, 2002,  10:40 AM",Amendment Rejected (28-70)
223,Lieberman Amdt. No. 4694,"September 24, 2002,  02:19 PM",Amendment Agreed to (90-8)
224,Motion to Invoke Cloture on the Byrd Amdt. No. 4480,"September 25, 2002,  10:33 AM","Cloture Motion Rejected (51-47, 3/5 majority required)"
225,"Motion to Invoke Cloture on the Lieberman Amdt. No. 4471, as amended","September 25, 2002,  11:04 AM","Cloture Motion Rejected (49-49, 3/5 majority required)"
226,"Motion to Invoke Cloture on the Lieberman Amdt. No. 4471, Upon Reconsideration.","September 26, 2002,  03:47 PM","Cloture Motion Rejected (50-49, 3/5 majority required)"
227,Motion to Invoke Cloture on the Gramm Amdt. No. 4738,"September 26, 2002,  05:31 PM","Cloture Motion Rejected (44-53, 3/5 majority required)"
228,Motion to Invoke Cloture on the Gramm Amdt. No. 4738,"October 1, 2002,  12:22 PM","Cloture Motion Rejected (45-52, 3/5 majority required)"
229,Motion to Invoke Cloture on the Conference Report To Accompany H.R. 2215,"October 3, 2002,  12:12 PM","Cloture Motion Agreed to (93-5, 3/5 majority required)"
230,Motion to Invoke Cloture on the Motion to Proceed to Consider S.J.Res. 45,"October 3, 2002,  04:17 PM","Cloture Motion Agreed to (95-1, 3/5 majority required)"
231,Motion to Table Graham Amdt. No. 4857,"October 9, 2002,  01:51 PM",Motion to Table Agreed to (88-10)
232,"Byrd Amdt. No. 4869, As Amended","October 10, 2002,  09:43 AM",Amendment Rejected (31-66)
233,Motion to Invoke Cloture on the Lieberman Amdt. No. 4856,"October 10, 2002,  11:12 AM","Cloture Motion Agreed to (75-25, 3/5 majority required)"
234,Byrd Amdt. No. 4868,"October 10, 2002,  12:50 PM",Amendment Rejected (14-86)
235,Levin Amdt. No. 4862,"October 10, 2002,  03:08 PM",Amendment Rejected (24-75)
236,Durbin Amdt. No. 4865,"October 10, 2002,  04:48 PM",Amendment Rejected (30-70)
237,H.J.Res. 114,"October 11, 2002,  12:50 AM",Joint Resolution Passed (77-23)
238,H.R. 3295 Conference Report,"October 16, 2002,  12:07 PM",Conference Report Agreed to (92-2)
239,Conference Report H.R. 5010,"October 16, 2002,  02:32 PM",Conference Report Agreed to (93-1)
240,"Motion to Invoke Cloture on the Gramm Amdt. No. 4738 to H.R. 5005, upon reconsideration","November 13, 2002,  02:46 PM","Cloture Motion Agreed to (89-8, 3/5 majority required)"
241,Motion to Table Lieberman Amdt. No. 4471,"November 13, 2002,  03:51 PM",Motion to Table Agreed to (50-47)
242,Motion to Table Feingold Amdt. No. 4900,"November 13, 2002,  04:00 PM",Motion to Table Agreed to (58-36)
243,Conference Report to Accompany S. 1214,"November 14, 2002,  11:14 AM",Conference Report Agreed to (95-0)
244,Motion to Invoke Cloture on the Gramm Amdt. No. 4901,"November 15, 2002,  10:54 AM","Cloture Motion Agreed to (65-29, 3/5 majority required)"
245,Lieberman Amdt. No. 4953,"November 19, 2002,  10:45 AM",Amendment Rejected (47-52)
246,Motion to Waive CBA Re:  Thompson Amdt. No. 4901,"November 19, 2002,  11:23 AM","Motion Agreed to (69-30, 3/5 majority required)"
247,Thompson For Gramm Amdt. No. 4901,"November 19, 2002,  11:46 AM",Amendment Agreed to (73-26)
248,"Motion to Invoke Cloture on H.R. 5005, as amended","November 19, 2002,  12:08 PM","Cloture Motion Agreed to (83-16, 3/5 majority required)"
249,"H.R. 5005, as amended","November 19, 2002,  07:34 PM",Bill Passed (90-9)
250,"Confirmation Dennis W. Shedd, of South Carolina, to be U.S. Circuit Judge","November 19, 2002,  08:03 PM",Nomination Confirmed (55-44)
251,Motion to Invoke Cloture on the Conference Report to Accompany H.R. 3210,"November 19, 2002,  08:21 PM","Cloture Motion Agreed to (85-12, 3/5 majority required)"
252,H.R. 3210 Conference Report ,"November 19, 2002,  08:37 PM",Conference Report Agreed to (86-11)
253,H.J.Res. 124,"November 19, 2002,  09:22 PM",Joint Resolution Passed (92-2)
