,title,vote_date,vote_result
0,"Motion to Invoke Cloture On The Nomination of Samuel A. Alito, Jr. of New Jersey, To Be An Associate Justice Of The Supreme Court","January 30, 2006,  04:40 PM","Cloture Motion Agreed to (72-25, 3/5 majority required)"
1,"Motion to Invoke Cloture On The Nomination of Samuel A. Alito, Jr. of New Jersey, To Be An Associate Justice Of The Supreme Court","January 30, 2006,  04:40 PM","Cloture Motion Agreed to (72-25, 3/5 majority required)"
2,"Confirmation Samuel A. Alito, Jr., of New Jersey, to be an Associate Justice","January 31, 2006,  11:01 AM",Nomination Confirmed (58-42)
3,Motion to Waive CBA Conrad Amdt. No. 2729,"February 2, 2006,  06:45 PM","Motion Rejected (44-52, 3/5 majority required)"
4,Grassley Amdt. No. 2731,"February 2, 2006,  07:16 PM",Amendment Rejected (42-54)
5,Motion to Waive CBA Re: Nelson (FL) Amdt. No. 2730,"February 2, 2006,  07:34 PM","Motion Rejected (52-45, 3/5 majority required)"
6,Motion to Waive CBA Clinton Amdt. No. 2716,"February 2, 2006,  07:51 PM","Motion Rejected (44-53, 3/5 majority required)"
7,Motion to Waive CBA Dodd Amdt. No. 2735,"February 2, 2006,  08:37 PM","Motion Rejected (44-53, 3/5 majority required)"
8,Motion to Waive CBA Reed Amdt. No. 2737,"February 2, 2006,  08:59 PM","Motion Rejected (44-53, 3/5 majority required)"
9,Menendez Amdt. No. 2705,"February 2, 2006,  09:19 PM",Amendment Agreed to (73-24)
10,H.R. 4297 As Amended,"February 2, 2006,  09:42 PM",Bill Passed (66-31)
11,H.R. 4659,"February 2, 2006,  10:02 PM",Bill Passed (95-1)
12,Motion to Invoke Cloture on the Motion to Proceed to Consider S. 852,"February 7, 2006,  06:13 PM","Cloture on the Motion to Proceed Agreed to (98-1, 3/5 majority required)"
13,Motion to Table Cornyn Amdt. No. 2748,"February 9, 2006,  05:02 PM",Motion to Table Agreed to (70-27)
14,Grassley Motion to Instruct Conferees on H.R. 4297 Re: Veterans,"February 13, 2006,  08:04 PM",Motion Agreed to (92-0)
15,Dodd Motion to Instruct Conferees on H.R. 4297 Re: Veterans,"February 13, 2006,  08:45 PM",Motion Rejected (40-53)
16,Grassley Motion to Instruct Conferees on H.R. 4297 Re: AMT/Capital Gains,"February 14, 2006,  10:04 AM",Motion Agreed to (53-47)
17,Kennedy Motion to Instruct Conference on H.R. 4297 Re: Capital Gains,"February 14, 2006,  10:36 AM",Motion Rejected (47-53)
18,Reed Motion to Instruct Conferees on H.R. 4297 Re: Military,"February 14, 2006,  11:20 AM",Motion Rejected (45-55)
19,Hutchison Motion to Instruct Conferees on H.R. 4297 Re: States Sales Taxes,"February 14, 2006,  11:40 AM",Motion Agreed to (75-25)
20,Lautenberg Motion to Instruct Conferees on H.R. 4297 Re: National Debt,"February 14, 2006,  12:06 PM",Motion Rejected (46-54)
21,Motion to Waive CBA Re: S. 852,"February 14, 2006,  06:21 PM","Motion Rejected (58-41, 3/5 majority required)"
22,Motion to Invoke Cloture on the Motion to Proceed to Consider S. 2271,"February 16, 2006,  10:31 AM","Cloture Motion Agreed to (96-3, 3/5 majority required)"
23,Motion to Invoke Cloture on S. 2271,"February 28, 2006,  02:33 PM","Cloture Motion Agreed to (69-30, 3/5 majority required)"
24,First Amdt. No. 2895 As Amended,"March 1, 2006,  10:08 AM",Amendment Agreed to (81-18)
25,"S. 2271, As Amended","March 1, 2006,  12:02 PM",Bill Passed (95-4)
26,Motion to Proceed to Consider the Motion to Reconsider the Vote by which the Motion to Invoke Cloture on the Conference Report to Accompany H.R. 3199 was Not Agreed To (RCV 358).,"March 1, 2006,  12:34 PM",Motion to Proceed Agreed to (86-13)
27,Motion to Reconsider the Vote by Which Cloture was Not Invoked on the Conference Report to Accompany H.R. 3199 (RCV 358).,"March 1, 2006,  12:53 PM",Motion to Reconsider Agreed to (85-14)
28,Upon Reconsideration - Cloture on The Conference Report to Accompany H.R. 3199,"March 1, 2006,  01:11 PM","Cloture Motion Agreed to (84-15, 3/5 majority required)"
29,H.R. 3199 Conference Report,"March 2, 2006,  03:01 PM",Conference Report Agreed to (89-10)
30,Motion to Waive CBA Re: S. 2320,"March 2, 2006,  04:11 PM","Motion Agreed to (66-31, 3/5 majority required)"
31,"Confirmation Timothy C. Batten, Sr., of Georgia, to be U.S. District Judge","March 6, 2006,  05:29 PM",Nomination Confirmed (88-0)
32,"Confirmation Thomas E. Johnston, of West Virginia, to be U.S. District Judge","March 6, 2006,  06:00 PM",Nomination Confirmed (89-0)
33,Motion to Invoke Cloture on S. 2320,"March 7, 2006,  11:07 AM","Cloture Motion Agreed to (75-25, 3/5 majority required)"
34,Snowe Amdt. No. 2913,"March 7, 2006,  06:07 PM",Amendment Agreed to (68-31)
35,Reid Amdt. No. 2932,"March 8, 2006,  11:30 AM",Amendment Rejected (44-55)
36,Motion to Invoke Cloture on S. 2349,"March 9, 2006,  02:03 PM","Cloture Motion Rejected (51-47, 2/3 majority required)"
37,"Confirmation Leo Maury Gordon, of New Jersey, to be a Judge of the U.S. Court of International Trade","March 13, 2006,  06:08 PM",Nomination Confirmed (82-0)
38,Conrad Amdt. No. 3013,"March 14, 2006,  03:07 PM",Amendment Rejected (50-50)
39,Kennedy Amdt. No. 3028,"March 14, 2006,  03:38 PM",Amendment Rejected (50-50)
40,Burns Amdt. No. 2999,"March 14, 2006,  04:03 PM",Amendment Agreed to (100-0)
41,Akaka Amdt. No. 3007,"March 14, 2006,  04:22 PM",Amendment Rejected (46-54)
42,Bingaman Amdt. No. 3039,"March 14, 2006,  04:43 PM",Amendment Rejected (46-54)
43,Murray Amdt. No. 3063,"March 15, 2006,  01:02 PM",Amendment Rejected (45-53)
44,Santorum Amdt. No. 3050,"March 15, 2006,  01:28 PM",Amendment Agreed to (60-38)
45,Stabenow Amdt. No. 3056,"March 15, 2006,  03:04 PM",Amendment Rejected (43-55)
46,McConnell Amdt. No. 3061,"March 15, 2006,  03:36 PM",Amendment Agreed to (90-8)
47,Menendez Amdt. No. 3054,"March 15, 2006,  04:19 PM",Amendment Rejected (43-53)
48,Grassley Amdt. No. 3073,"March 15, 2006,  04:14 PM",Amendment Agreed to (76-22)
49,Nelson Amdt. No. 3009,"March 15, 2006,  04:57 PM",Amendment Rejected (49-49)
50,Snowe Amdt. No. 3004,"March 15, 2006,  04:51 PM",Amendment Agreed to (54-44)
51,Byrd Amdt. No. 3086,"March 15, 2006,  05:09 PM",Amendment Rejected (44-53)
52,Santorum Amdt. No. 3015,"March 15, 2006,  05:27 PM",Amendment Rejected (39-59)
53,Baucus Amendment No. 3131,"March 16, 2006,  10:39 AM",Amendment Rejected (44-55)
54,H.J.Res.47,"March 16, 2006,  11:17 AM",Joint Resolution Passed (52-48)
55,Conrad Amdt No. 3133,"March 16, 2006,  11:34 AM",Amendment Rejected (44-55)
56,Burr Amdt No. 3114,"March 16, 2006,  11:52 AM",Amendment Agreed to (99-1)
57,Reed Amdt. No. 3074,"March 16, 2006,  01:36 PM",Amendment Agreed to (51-49)
58,Specter Amdt No. 3048,"March 16, 2006,  02:08 PM",Amendment Agreed to (73-27)
59,Lieberman Amdt No. 3034,"March 16, 2006,  02:26 PM",Amendment Rejected (43-53)
60,Sarbanes Amdt No. 3103,"March 16, 2006,  02:43 PM",Amendment Rejected (48-49)
61,Dorgan Amdt No. 3102,"March 16, 2006,  02:51 PM",Amendment Rejected (42-56)
62,Cornyn Amdt No. 3100,"March 16, 2006,  03:11 PM",Amendment Rejected (43-57)
63,Stabenow Amdt No. 3141,"March 16, 2006,  03:28 PM",Amendment Rejected (46-54)
64,Akaka Amdt No. 3071,"March 16, 2006,  03:44 PM",Amendment Rejected (49-51)
65,Inhofe Amdt No. 3093,"March 16, 2006,  04:03 PM",Amendment Rejected (35-62)
66,Lincoln Amdt No. 3106,"March 16, 2006,  04:21 PM",Amendment Rejected (48-52)
67,Kerry Amdt No. 3143,"March 16, 2006,  04:36 PM",Amendment Rejected (46-53)
68,DeMint Amdt. No. 3087 As Modified,"March 16, 2006,  04:57 PM",Amendment Rejected (46-53)
69,Boxer Amdt No. 3105,"March 16, 2006,  05:18 PM",Amendment Rejected (43-57)
70,Bingaman Amdt No. 3121,"March 16, 2006,  05:36 PM",Amendment Rejected (50-50)
71,Stabenow Amdt No. 3164,"March 16, 2006,  06:01 PM",Amendment Rejected (39-60)
72,Domenici Amdt No. 3128,"March 16, 2006,  06:27 PM",Amendment Agreed to (51-49)
73,Ensign Amdt No. 3166,"March 16, 2006,  06:55 PM",Amendment Rejected (50-50)
74,S.Con.Res. 83,"March 16, 2006,  07:18 PM",Bill Passed (51-49)
75,"Confirmation Jack Zouhary, of Ohio, To Be U.S. District Judge","March 16, 2006,  07:36 PM",Nomination Confirmed (96-0)
76,Confirmation Dennis R. Spurgeon of Florida To Be An Assistant Secretary of Energy,"March 27, 2006,  05:15 PM",Nomination Confirmed (88-0)
77,Collins Amdt. No. 3176,"March 28, 2006,  04:51 PM",Amendment Rejected (30-67)
78,Wyden Amdt. No. 2944,"March 28, 2006,  05:22 PM",Amendment Agreed to (84-13)
79,"Upon Reconsideration, Motion to Invoke Cloture on S.2349","March 28, 2006,  05:55 PM","Cloture Motion Agreed to (81-16, 2/3 majority required)"
80,Feingold Amdt. No. 2962,"March 29, 2006,  11:40 AM",Motion to Table Agreed to (68-30)
81,Ensign Amdt. No. 2980,"March 29, 2006,  03:33 PM",Motion to Table Agreed to (57-41)
82,As Amended,"March 29, 2006,  04:19 PM",Bill Passed (90-8)
83,First Amdt. No. 3191,"March 30, 2006,  03:05 PM",Amendment Agreed to (94-0)
84,"Bingaman Amdt. No. 3210, as modified","April 3, 2006,  05:31 PM",Amendment Agreed to (84-6)
85,"Alexander Amdt. No. 3193, as modified","April 3, 2006,  06:01 PM",Amendment Agreed to (91-1)
86,"Confirmation Michael A. Chagares, of New Jersey, to be U.S. Circuit Judge","April 4, 2006,  10:00 AM",Nomination Confirmed (98-0)
87,Motion to Table Kyl Amdt. No. 3206,"April 4, 2006,  05:17 PM",Motion to Table Failed (0-99)
88,Motion to Invoke Cloture on the Specter Amdt. No. 3192,"April 6, 2006,  10:58 AM","Cloture Motion Rejected (39-60, 3/5 majority required)"
89,Motion to Invoke Cloture on the Motion to Commit S. 2454 to the Committee on the Judiciary,"April 7, 2006,  09:48 AM","Cloture Motion Rejected (38-60, 3/5 majority required)"
90,Motion to Invoke Cloture on S. 2454,"April 7, 2006,  10:17 AM","Cloture Motion Rejected (36-62, 3/5 majority required)"
91,"Confirmation Dorrance Smith, to be Assistant Secretary of Defense","April 7, 2006,  11:42 AM",Nomination Confirmed (59-34)
92,"Motion to Invoke Cloture on Peter Cyril Wyche Flory, to be an Assistant Secretary of Defense","April 7, 2006,  12:10 PM","Cloture Motion Rejected (52-41, 3/5 majority required)"
93,"Confirmation Gray Hampton Miller, of Texas, to be United States District Judge","April 25, 2006,  11:11 AM",Nomination Confirmed (93-0)
94,"Gregg Amdt. No. 3594, as Modified","April 26, 2006,  12:02 PM",Amendment Agreed to (59-39)
95,Reid Amdt. No. 3604,"April 26, 2006,  12:34 PM",Amendment Rejected (44-54)
96,Motion to Table Thomas Amdt. No. 3615,"April 26, 2006,  02:31 PM",Motion to Table Agreed to (72-26)
97,Motion to Table Ensign Motion to Recommit H.R.4939 to the Committee on Appropriations,"April 26, 2006,  05:07 PM",Motion to Table Agreed to (68-28)
98,Akaka Amdt. No. 3642 as Amended,"April 26, 2006,  05:55 PM",Amendment Agreed to (84-13)
99,"Motion to Table Coburn Amdt No. 3641 ""Div. I""","April 26, 2006,  06:37 PM",Motion to Table Agreed to (50-47)
100,"Motion to Table Coburn Amdt. No. 3641 ""Div. II""","April 27, 2006,  04:19 PM",Motion to Table Failed (44-51)
101,Byrd Amdt. No. 3709,"April 27, 2006,  05:12 PM",Amendment Agreed to (94-0)
102,"Confirmation Michael Ryan Barrett, of Ohio, to be U.S. District Judge","May 1, 2006,  05:31 PM",Nomination Confirmed (90-0)
103,Motion to Invoke Cloture on H.R. 4939,"May 2, 2006,  11:00 AM","Cloture Motion Agreed to (92-4, 3/5 majority required)"
104,McCain Amdt. No. 3617,"May 2, 2006,  11:53 AM",Amendment Rejected (40-59)
105,"Coburn Amdt. No. 3641 ""Div IV""","May 2, 2006,  03:05 PM",Amendment Rejected (48-51)
106,Obama Amdt. No. 3810,"May 2, 2006,  05:17 PM",Amendment Agreed to (98-0)
107,"Kennedy Amdt. No. 3688, As Modified","May 3, 2006,  12:00 PM",Amendment Agreed to (53-46)
108,McCain Amdt. No. 3616,"May 3, 2006,  03:20 PM",Amendment Rejected (37-61)
109,Inouye Amdt. No. 3673,"May 3, 2006,  05:12 PM",Amendment Rejected (43-53)
110,Inouye Amdt. No. 3601,"May 3, 2006,  05:44 PM",Amendment Agreed to (51-45)
111,Thune Amdt. No. 3704,"May 4, 2006,  11:34 AM",Amendment Rejected (39-59)
112,H.R. 4939 As Amended,"May 4, 2006,  12:04 PM",Bill Passed (77-21)
113,"Confirmation Brian M. Cogan, of New York, to be U.S. District Judge","May 4, 2006,  02:31 PM",Nomination Confirmed (95-0)
114,"Confirmation Thomas M. Golden, of Pennsylvania, to be U.S. District Judge","May 4, 2006,  03:01 PM",Nomination Confirmed (96-0)
115,Motion to Invoke Cloture on the Motion to Proceed to S.22,"May 8, 2006,  05:16 PM","Cloture on the Motion to Proceed Rejected (48-42, 3/5 majority required)"
116,Motion to Invoke Cloture on the Motion to Proceed to S.23,"May 8, 2006,  05:54 PM","Cloture on the Motion to Proceed Rejected (49-44, 3/5 majority required)"
117,Motion to Invoke Cloture on the Motion to proveed to S. 1955,"May 9, 2006,  10:02 AM","Cloture Motion Agreed to (96-2, 3/5 majority required)"
118,H.R.4297 Conference Report,"May 11, 2006,  05:08 PM",Conference Report Agreed to (54-44)
119,"Motion to Invoke Cloture on the Committee Amendment (Subst.) As Modified, to S.1955","May 11, 2006,  06:12 PM","Cloture Motion Rejected (55-43, 3/5 majority required)"
120,"Confirmation Milan D. Smith, Jr., of California, to be U.S. Circuit Judge","May 16, 2006,  10:28 AM",Nomination Confirmed (93-0)
121,Isakson Amdt. No. 3961,"May 16, 2006,  12:11 PM",Amendment Rejected (40-55)
122,Salazar Amdt. No. 3994,"May 16, 2006,  12:40 PM",Amendment Agreed to (79-16)
123,Motion to Table Dorgan Amdt. No. 4017,"May 16, 2006,  04:10 PM",Motion to Table Agreed to (69-28)
124,Motion to Table Bingaman Amdt. No. 3981,"May 16, 2006,  05:16 PM",Motion to Table Failed (18-79)
125,Kyl Amdt. No. 4027,"May 17, 2006,  10:39 AM",Amendment Agreed to (99-0)
126,Sessions Amdt. No. 3979,"May 17, 2006,  02:30 PM",Amendment Agreed to (83-16)
127,Vitter Amdt. No. 3963,"May 17, 2006,  03:01 PM",Amendment Rejected (33-66)
128,Cornyn Amdt. No. 3965 As Modified,"May 17, 2006,  06:53 PM",Amendment Agreed to (50-48)
129,Kennedy Amdt. No. 4066,"May 18, 2006,  10:01 AM",Amendment Agreed to (56-43)
130,Motion to Table Ensign Amdt. No. 3985,"May 18, 2006,  12:50 PM",Motion to Table Agreed to (50-49)
131,Inhofe Amdt. No. 4064,"May 18, 2006,  05:00 PM",Amendment Agreed to (62-35)
132,Salazar Amdt. No. 4073 As Modified,"May 18, 2006,  05:31 PM",Amendment Agreed to (58-39)
133,Clinton Amdt. No. 4072,"May 18, 2006,  06:26 PM",Amendment Rejected (43-52)
134,Cornyn Amdt. No. 4038,"May 18, 2006,  06:52 PM",Amendment Agreed to (64-32)
135,Motion to Table Kyl Amdt. No. 3969,"May 18, 2006,  08:50 PM",Motion to Table Agreed to (58-35)
136,Motion to Table Chambliss Amdt. No. 4009,"May 22, 2006,  05:30 PM",Motion to Table Agreed to (50-43)
137,Ensign Amdt. No. 4076 as Modified,"May 22, 2006,  06:09 PM",Amendment Agreed to (83-10)
138,Feinstein Amdt. No. 4087,"May 23, 2006,  11:01 AM",Amendment Rejected (37-61)
139,Motion to Table Leahy Amdt. No. 4117,"May 23, 2006,  05:37 PM",Motion to Table Agreed to (79-19)
140,Grassley Amdt. No. 4177,"May 23, 2006,  06:09 PM",Amendment Agreed to (59-39)
141,Motion to Table Kennedy Amdt. No. 4106,"May 23, 2006,  06:28 PM",Motion to Table Agreed to (57-40)
142,Motion to Table Durbin Amdt. No. 4142,"May 23, 2006,  06:47 PM",Motion to Table Agreed to (63-34)
143,Motion to Table McConnell Amdt. No. 4085,"May 24, 2006,  09:31 AM",Motion to Table Failed (48-49)
144,Motion to Invoke Cloture on S. 2611,"May 24, 2006,  10:00 AM","Cloture Motion Agreed to (73-25, 3/5 majority required)"
145,Motion to Waive CBA Re:  S. 2611,"May 24, 2006,  04:52 PM","Motion Agreed to (67-31, 3/5 majority required)"
146,Byrd Amdt. No. 4127,"May 24, 2006,  05:26 PM",Amendment Agreed to (73-25)
147,Gregg Amdt. No. 4114,"May 24, 2006,  05:48 PM",Amendment Agreed to (56-42)
148,Hutchison Amdt. No. 4101,"May 24, 2006,  06:09 PM",Amendment Rejected (31-67)
149,Motion to Table Chambliss Amdt. No. 4084,"May 24, 2006,  08:21 PM",Motion to Table Agreed to (62-35)
150,Dorgan Amdt. No. 4095,"May 24, 2006,  08:57 PM",Amendment Rejected (48-49)
151,Cornyn Amdt. No. 4097,"May 25, 2006,  10:17 AM",Amendment Rejected (49-49)
152,Bingaman Amdt. No. 4131,"May 25, 2006,  11:54 AM",Amendment Agreed to (51-47)
153,Feingold Amdt. No. 4083,"May 25, 2006,  03:49 PM",Amendment Agreed to (52-45)
154,Sessions Amdt. No. 4108,"May 25, 2006,  04:21 PM",Amendment Rejected (37-60)
155,Ensign Amdt. No. 4136,"May 25, 2006,  04:42 PM",Amendment Agreed to (50-47)
156,Specter Amdt. No. 4188,"May 25, 2006,  05:14 PM",Amendment Agreed to (56-41)
157,S. 2611 As Amended,"May 25, 2006,  05:39 PM",Bill Passed (62-36)
158,Motion to Invoke Cloture on the Nomination of Brett M. Kavanaugh to be U.S. Circuit Judge,"May 25, 2006,  06:55 PM","Cloture Motion Agreed to (67-30, 3/5 majority required)"
159,Confirmation Brett M. Kavanaugh of Maryland to be U.S. Circuit Judge for the D.C. Circuit,"May 26, 2006,  08:58 AM",Nomination Confirmed (57-36)
160,"Confirmation General Michael V. Hayden, U.S. Air Force, to be Director of the Central Intelligence Agency","May 26, 2006,  09:24 AM",Nomination Confirmed (78-15)
161,Motion to Invoke Cloture on the Nomination of Dirk Kempthorne to be Secretary of the Interior,"May 26, 2006,  09:48 AM",Cloture Motion Agreed to (85-8)
162,"Confirmation Renee Marie Bumb, of New Jersey, to be U.S. District Judge","June 6, 2006,  10:21 AM",Nomination Confirmed (89-0)
163,Motion to Invoke Cloture on the Motion to Proceed to the Consideration of S. J. Res. 1,"June 7, 2006,  10:02 AM","Cloture Motion Rejected (49-48, 3/5 majority required)"
164,Motion to Invoke Cloture on the Motion to Proceed to Consideration of H.R. 8,"June 8, 2006,  10:51 AM","Cloture Motion Rejected (57-41, 3/5 majority required)"
165,Motion to Invoke Cloture on the Motion to Proceed to S. 147,"June 8, 2006,  12:54 PM","Cloture Motion Rejected (56-41, 3/5 majority required)"
166,"Confirmation Noel Lawrence Hillman, of New Jersey, to be U.S. District Judge","June 8, 2006,  02:02 PM",Nomination Confirmed (98-0)
167,"Confirmation Peter G. Sheridan, of New Jersey, to be U.S. District Judge","June 8, 2006,  02:31 PM",Nomination Confirmed (98-0)
168,Frist Amdt. No. 4208,"June 13, 2006,  12:17 PM",Amendment Agreed to (97-0)
169,Motion to Table Dorgan Amdt. No. 4230,"June 14, 2006,  03:50 PM",Motion to Table Agreed to (55-43)
170,McCain Amdt. No. 4242,"June 14, 2006,  05:01 PM",Amendment Agreed to (98-0)
171,H.R.4939 Conference Report,"June 15, 2006,  10:00 AM",Conference Report Agreed to (98-1)
172,Santorum Amdt. No. 4234,"June 15, 2006,  12:20 PM",Amendment Rejected (46-53)
173,Biden Amdt. No. 4257,"June 15, 2006,  12:49 PM",Amendment Agreed to (99-0)
174,Motion to Table McConnell Amdt. 4269,"June 15, 2006,  02:54 PM",Motion to Table Agreed to (93-6)
175,"Confirmation Sandra Segal Ikuta, of California, to be U.S. Circuit Court Judge","June 19, 2006,  05:00 PM",Nomination Confirmed (81-0)
176,Dorgan Amdt. No. 4292,"June 20, 2006,  11:18 AM",Amendment Rejected (44-52)
177,McConnell Amdt. No. 4272 As Modified,"June 20, 2006,  02:59 PM",Amendment Agreed to (64-34)
178,Nelson (FL) Amdt. No. 4265,"June 20, 2006,  03:27 PM",Amendment Agreed to (79-19)
179,Kennedy Amdt. No. 4322,"June 21, 2006,  11:20 AM",Amendment Agreed to (52-46)
180,Enzi Amdt. No. 4376,"June 21, 2006,  11:49 AM",Amendment Rejected (45-53)
181,Kerry Amdt. No. 4442,"June 22, 2006,  11:07 AM",Amendment Rejected (13-86)
182,Levin Amdt. No. 4320,"June 22, 2006,  11:44 AM",Amendment Rejected (39-60)
183,Motion to Invoke Cloture on S. 2766,"June 22, 2006,  12:02 PM","Cloture Motion Agreed to (98-1, 3/5 majority required)"
184,Chambliss Amdt. No. 4261,"June 22, 2006,  04:45 PM",Amendment Agreed to (70-28)
185,Sessions Amdt. No. 4471 As Modified,"June 22, 2006,  04:25 PM",Amendment Agreed to (98-0)
186,S. 2766 As Amended,"June 22, 2006,  05:11 PM",Bill Passed (96-0)
187,"Confirmation: Andrew J. Guilford, of California, to be U.S. District Judge","June 22, 2006,  05:05 PM",Nomination Confirmed (93-0)
188,Durbin Amdt. No. 4543,"June 27, 2006,  05:48 PM",Amendment Rejected (36-64)
189,S.J.Res.12 as Amended,"June 27, 2006,  06:14 PM","Joint Resolution Defeated (66-34, 2/3 majority required)"
190,S.3569,"June 29, 2006,  03:29 PM",Bill Passed (60-34)
191,"Vitter Amdt. No. 4548, As Modified","July 11, 2006,  12:18 PM",Amendment Agreed to (68-32)
192,Collins Amdt. No. 4560,"July 11, 2006,  06:22 PM",Amendment Agreed to (87-11)
193,Clinton Amdt No. 4563,"July 11, 2006,  06:52 PM",Amendment Rejected (32-66)
194,Motion to Waive CBA Re: Biden Amdt. No. 4553,"July 12, 2006,  02:02 PM","Motion Rejected (50-50, 3/5 majority required)"
195,Motion to Waive the Emergency Designation Re: Clinton Amdt. No. 4576,"July 12, 2006,  05:02 PM","Motion Rejected (47-53, 3/5 majority required)"
196,Motion to Waive the Emergency Designation Re: Schumer Amdt. No. 4587,"July 12, 2006,  05:35 PM","Motion Rejected (50-50, 3/5 majority required)"
197,Motion to Waive CBA Re: Dodd Amdt. No. 4641,"July 13, 2006,  10:50 AM","Motion Rejected (38-62, 3/5 majority required)"
198,Menendez Amdt. No. 4634,"July 13, 2006,  02:50 PM",Amendment Rejected (36-64)
199,"Motion to Waive CBA re:  Schumer Amdt. No. 4600 ""Emergency Designation""","July 13, 2006,  03:23 PM","Motion Rejected (46-54, 3/5 majority required)"
200,"Sessions Amdt. No. 4659, As Modified","July 13, 2006,  03:44 PM",Amendment Rejected (29-71)
201,"Sessions Amdt. No. 4660, As Modified","July 13, 2006,  04:38 PM",Amendment Rejected (34-66)
202,"Vitter Amdt. No. 4615, As Modified","July 13, 2006,  06:13 PM",Amendment Agreed to (84-16)
203,"H.R. 5441, As Amended","July 13, 2006,  07:09 PM",Bill Passed (100-0)
204,S.3504,"July 18, 2006,  03:48 PM",Bill Passed (100-0)
205,S.2754,"July 18, 2006,  04:26 PM",Bill Passed (100-0)
206,H.R.810,"July 18, 2006,  04:41 PM",Bill Passed (63-37)
207,Specter Amdt. No. 4680,"July 18, 2006,  07:07 PM",Amendment Agreed to (63-36)
208,Feingold Amdt. No. 4681,"July 19, 2006,  02:46 PM",Amendment Agreed to (54-46)
209,Inhofe Amdt. No. 4682,"July 19, 2006,  03:16 PM",Amendment Rejected (49-51)
210,McCain Amdt. No. 4684,"July 19, 2006,  05:24 PM",Amendment Rejected (19-80)
211,Inhofe Amt. No. 4683,"July 19, 2006,  05:57 PM",Amendment Rejected (43-56)
212,H.R.9,"July 20, 2006,  04:28 PM",Bill Passed (98-0)
213,"Confirmation Jerome A. Holmes, of Oklahoma, to be US Circuit Judge","July 25, 2006,  11:47 AM",Nomination Confirmed (67-30)
214,Lautenberg Amdt. No. 4689,"July 25, 2006,  04:05 PM",Amendment Rejected (48-51)
215,Boxer Amdt. No. 4694,"July 25, 2006,  06:26 PM",Amendment Agreed to (98-0)
216,"S. 403, As Amended","July 25, 2006,  06:56 PM",Bill Passed (65-34)
217,Motion to Invoke Cloture on the Motion to Proceed to S. 3711,"July 26, 2006,  10:05 AM","Cloture Motion Agreed to (86-12, 3/5 majority required)"
218,Motion to Invoke Cloture on S. 3711,"July 31, 2006,  05:31 PM","Cloture Motion Agreed to (72-23, 3/5 majority required)"
219,S. 3711,"August 1, 2006,  05:09 PM",Bill Passed (71-25)
220,Sessions Amdt. No. 4775 as Amended and Modified,"August 2, 2006,  01:59 PM",Amendment Agreed to (94-3)
221,Dodd Amdt. No. 4819,"August 2, 2006,  05:16 PM",Amendment Agreed to (97-0)
222,Motion to Table Durbin Amdt. No. 4781 As Modified,"August 2, 2006,  05:50 PM",Motion to Table Agreed to (54-43)
223,Motion to Table Coburn Amdt. No. 4787,"August 3, 2006,  11:04 AM",Motion to Table Failed (36-60)
224,"Coburn Amdt. No. 4785, As Modified","August 3, 2006,  11:40 AM",Amendment Agreed to (96-0)
225,Boxer Amdt. No. 4858,"August 3, 2006,  04:00 PM",Amendment Agreed to (97-0)
226,Coburn Amdt. No. 4848,"August 3, 2006,  04:30 PM",Amendment Agreed to (96-1)
227,Sessions Amdt. No. 4844,"August 3, 2006,  06:15 PM",Amendment Rejected (31-67)
228,Menendez Amdt. No. 4863,"August 3, 2006,  08:00 PM",Amendment Agreed to (96-0)
229,Motion to Invoke Cloture on the Motion to Proceed to Consider H.R.5970,"August 3, 2006,  09:41 PM","Cloture Motion Rejected (56-42, 3/5 majority required)"
230,H.R.4,"August 3, 2006,  10:34 PM",Bill Passed (93-5)
231,"Confirmation Kimberly Ann Moore, of Virginia, to be U.S. Circuit Judge","September 5, 2006,  05:31 PM",Nomination Confirmed (92-0)
232,Feinstein Amdt. No. 4882,"September 6, 2006,  12:00 PM",Amendment Rejected (30-70)
233,Motion to Table Kennedy Amdt. No. 4885,"September 6, 2006,  07:59 PM",Motion to Table Agreed to (54-44)
234,Motion to Table Mikulski Amdt. No. 4895,"September 6, 2006,  08:41 PM",Motion to Table Agreed to (50-48)
235,Conrad Amdt. No. 4907,"September 7, 2006,  12:00 PM",Amendment Agreed to (96-0)
236,Motion to Table Menendez Amdt. No. 4909,"September 7, 2006,  02:00 PM",Motion to Table Agreed to (51-44)
237,Motion to Table Schumer Amdt. No. 4897,"September 7, 2006,  02:30 PM",Motion to Table Failed (45-51)
238,Reed Amdt. No. 4911,"September 7, 2006,  05:34 PM",Amendment Agreed to (98-0)
239,H.R. 5631 As Amended,"September 7, 2006,  06:08 PM",Bill Passed (98-0)
240,DeMint Amdt. No. 4921 As Amended,"September 12, 2006,  12:09 PM",Amendment Agreed to (95-0)
241,Lautenberg Amdt. No. 4940,"September 12, 2006,  05:03 PM",Amendment Agreed to (85-12)
242,Hutchison Amdt. No. 4931,"September 12, 2006,  05:36 PM",Amendment Agreed to (97-0)
243,Motion to Waive CBA Re: Reid Amdt. No.4936,"September 13, 2006,  12:17 PM","Motion Rejected (41-57, 3/5 majority required)"
244,Motion to Table Biden Amdt. No. 4975,"September 13, 2006,  02:07 PM",Motion Agreed to (57-41)
245,Coleman Amdt. No. 4982,"September 13, 2006,  04:01 PM",Amendment Agreed to (95-3)
246,Meenendez Amdt. No. 4999,"September 13, 2006,  04:32 PM",Amendment Rejected (43-55)
247,Motion to Invoke Cloture on H.R.4954,"September 14, 2006,  11:30 AM","Cloture Motion Agreed to (98-0, 3/5 majority required)"
248,Motion to Table Schumer Amdt. No. 4930,"September 14, 2006,  04:02 PM",Motion to Table Agreed to (61-37)
249,H.R.4954 as Amended,"September 14, 2006,  04:37 PM",Bill Passed (98-0)
250,H.R. 5684,"September 19, 2006,  12:01 PM",Bill Passed (62-32)
251,"Confirmation Alice S. Fisher, of Virginia, to be an Assistant Attorney General","September 19, 2006,  05:44 PM",Nomination Confirmed (61-35)
252,Motion to Invoke Cloture on the Motion to Proceed to H.R. 6061,"September 20, 2006,  11:17 AM","Cloture Motion Agreed to (94-0, 3/5 majority required)"
253,"Confirmation Francisco Augusto Besosa, of Puerto Rico, to be U.S. District Judge","September 25, 2006,  05:31 PM",Nomination Confirmed (87-0)
254,Levin Amdt. No. 5086,"September 27, 2006,  04:33 PM",Amendment Rejected (43-54)
255,Specter Amdt. No. 5087,"September 28, 2006,  11:49 AM",Amendment Rejected (48-51)
256,Rockefeller Amdt. No. 5095,"September 28, 2006,  04:23 PM",Amendment Rejected (46-53)
257,Byrd Amdt. 5104,"September 28, 2006,  04:55 PM",Amendment Rejected (47-52)
258,Kennedy Amdt. No. 5088,"September 28, 2006,  05:19 PM",Amendment Rejected (46-53)
259,S. 3930 As Amended,"September 28, 2006,  06:37 PM",Bill Passed (65-34)
260,Motion to Invoke Cloture on H.R. 6061,"September 28, 2006,  07:11 PM","Cloture Motion Agreed to (71-28, 3/5 majority required)"
261,H.R.5631 Conference Report,"September 29, 2006,  10:00 AM",Conference Report Agreed to (100-0)
262,H.R. 6061,"September 29, 2006,  09:30 PM",Bill Passed (80-19)
263,Motion to Invoke Cloture on the Motion to Concur in House Amendment to S.403,"September 29, 2006,  10:04 PM","Cloture Motion Rejected (57-42, 3/5 majority required)"
264,Motion to Instruct Sgt. At Arms,"November 14, 2006,  05:06 PM",Motion Agreed to (95-1)
265,Bingaman Amdt. No. 5174,"November 16, 2006,  02:41 PM",Amendment Rejected (26-73)
266,Dorgan Amdt. No. 5178 As Modified,"November 16, 2006,  03:15 PM",Amendment Rejected (27-71)
267,Ensign Amdt. No. 5181,"November 16, 2006,  05:02 PM",Amendment Rejected (27-71)
268,Feingold Amdt. No. 5183,"November 16, 2006,  07:04 PM",Amendment Rejected (25-71)
269,Boxer Amdt. No. 5187,"November 16, 2006,  07:40 PM",Amendment Rejected (38-59)
270,H.R. 5682 As Amended,"November 16, 2006,  08:00 PM",Bill Passed (85-12)
271,"Motion to Waive CBA ""Emergency Designation"" Re: Conrad Amdt. No. 5205","December 5, 2006,  05:01 PM","Motion Rejected (56-38, 3/5 majority required)"
272,"Confirmation: Robert M. Gates, of Texas, to be Secretary of Defense","December 6, 2006,  04:39 PM",Nomination Confirmed (95-2)
273,"Motion to Invoke Cloture on the Nomination of Andrew von Eschenbach, of Texas, to be Commissioner of Food and Drugs","December 7, 2006,  10:34 AM","Cloture Motion Agreed to (89-6, 3/5 majority required)"
274,"Confirmation Andrew von Eschenbach, of Texas, to be Commissioner of Food and Drugs","December 7, 2006,  05:47 PM",Nomination Confirmed (80-11)
275,Motion to Invoke Cloture on the Nomination of Kent A. Jordan of Delaware to be U.S. Circuit Judge,"December 8, 2006,  10:32 AM","Cloture Motion Agreed to (93-0, 3/5 majority required)"
276,Confirmation Kent A. Jordan of Delaware to be U.S. Circuit Judge,"December 8, 2006,  01:03 PM",Nomination Confirmed (91-0)
277,Motion to Waive CBA Re: Motion to Concur in House Amendment to the Senate Amendment to H.R.6111.,"December 9, 2006,  12:38 AM","Motion Agreed to (67-21, 3/5 majority required)"
278,Motion to Invoke Cloture on the Motion to Concur in the House Amdt. to Senate Amdt. to H.R. 6111,"December 9, 2006,  01:06 AM","Cloture Motion Agreed to (78-10, 3/5 majority required)"
279,Motion to Concur in the House Amendment to the Senate Amendment to H.R. 6111,"December 9, 2006,  01:27 AM",Motion Agreed to (79-9)
