,title,vote_date,vote_result
0,S. Res. 19,"January 8, 2007,  12:01 PM",Resolution Agreed to (88-0)
1,S. Res. 19,"January 8, 2007,  12:01 PM",Resolution Agreed to (88-0)
2,Vitter Amdt No. 7,"January 10, 2007,  12:00 PM",Amendment Agreed to (93-2)
3,Motion to Table Vitter Amdt. No. 5,"January 10, 2007,  05:02 PM",Motion to Table Agreed to (56-40)
4,Motion to Table Vitter Amdt. No. 6,"January 10, 2007,  05:28 PM",Motion to Table Agreed to (54-41)
5,Motion to Table DeMint Amdt. No. 11,"January 11, 2007,  02:03 PM",Motion to Table Failed (46-51)
6,Motion to Waive CBA DeMint Amdt. No. 13,"January 11, 2007,  02:32 PM","Motion Rejected (25-72, 3/5 majority required)"
7,Motion to Instruct Sgt. at Arms,"January 11, 2007,  04:10 PM",Motion Agreed to (90-6)
8,"Kerry Amdt. No. 1, As Modified","January 12, 2007,  09:50 AM",Amendment Agreed to (87-0)
9,Vitter Amdt. No. 10,"January 12, 2007,  10:17 AM",Amendment Agreed to (81-6)
10,Durbin Amdt. No. 44 As Modified,"January 16, 2007,  05:35 PM",Amendment Agreed to (98-0)
11,"Demint Amdt. No. 11, As amended","January 16, 2007,  05:57 PM",Amendment Agreed to (98-0)
12,Motion to Invoke Cloture on the Reid Amdt. No. 4 to S.1,"January 16, 2007,  06:17 PM","Cloture Motion Agreed to (95-2, 2/3 majority required)"
13,Feingold Amdt. No. 65,"January 17, 2007,  08:59 PM",Amendment Agreed to (89-5)
14,"Bennett Amdt. No. 81, As amended","January 17, 2007,  09:24 PM",Amendment Agreed to (51-46)
15,"Reid Amdt No. 4, As Modified and Amended","January 17, 2007,  09:41 PM",Amendment Agreed to (88-9)
16,Motion to Invoke Cloture on the Reid Amdt No. 3 To S.1,"January 17, 2007,  09:58 PM","Cloture Motion Rejected (51-46, 2/3 majority required)"
17,Bennett Amdt No. 20,"January 18, 2007,  08:21 PM",Amendment Agreed to (55-43)
18,Lieberman Amdt No. 30,"January 18, 2007,  09:22 PM",Amendment Rejected (27-71)
19,S.1 As Amended,"January 18, 2007,  09:04 PM",Bill Passed (96-2)
20,Snowe Amdt. No. 103 As Modified,"January 23, 2007,  02:45 PM",Amendment Agreed to (99-0)
21,Sessions Amdt. No. 106 As Modified,"January 23, 2007,  04:46 PM",Amendment Agreed to (98-0)
22,Motion to Invoke Cloture on the Gregg Amdt. No. 101,"January 24, 2007,  11:34 AM","Cloture Motion Rejected (49-48, 3/5 majority required)"
23,Motion to Invoke Cloture on H.R.2,"January 24, 2007,  12:01 PM","Cloture Motion Rejected (54-43, 3/5 majority required)"
24,Allard Amdt. No. 116,"January 24, 2007,  05:11 PM",Amendment Rejected (28-69)
25,Motion to Waive Re: DeMint Amdt. No. 158,"January 25, 2007,  10:32 AM","Motion Rejected (18-76, 3/5 majority required)"
26,"Motion to Waive CBA, Ensign Amdt. No. 154","January 25, 2007,  12:17 PM","Motion Rejected (47-48, 3/5 majority required)"
27,Baucus Amdt. No. 207,"January 25, 2007,  02:05 PM",Amendment Agreed to (93-0)
28,"Motion to Waive CBA, Bunning Amdt. No. 119","January 25, 2007,  02:59 PM","Motion Rejected (42-51, 3/5 majority required)"
29,Baucus Amdt. No. 206,"January 25, 2007,  03:48 PM",Amendment Agreed to (90-0)
30,"Motion to Waive CBA, Smith Amdt. No. 113,  As Amended","January 25, 2007,  04:14 PM","Motion Rejected (43-50, 3/5 majority required)"
31,Sessions Amdt. No. 148,"January 25, 2007,  05:42 PM",Amendment Agreed to (94-0)
32,"Motion to Table, Kyl Amdt. No. 205","January 25, 2007,  06:14 PM",Motion to Table Agreed to (50-42)
33,"Confirmation Lt. Gen. David H. Petraeus, U.S. Army, to be General","January 26, 2007,  09:45 AM",Nomination Confirmed (81-0)
34,Motion to Invoke Cloture on the Baucus Amdt. No. 100,"January 30, 2007,  12:15 PM","Motion Agreed to (87-10, 3/5 majority required)"
35,"Confirmation Lisa Godbey Wood, of Georgia, to be U.S. District Judge","January 30, 2007,  04:13 PM",Nomination Confirmed (97-0)
36,"Confirmation Philip S. Gutierrez, of California, to be U.S. District Judge","January 30, 2007,  04:39 PM",Nomination Confirmed (97-0)
37,Motion to Table Kyl Amdt. No. 209,"January 31, 2007,  02:32 PM",Motion to Table Agreed to (49-48)
38,Motion to Waive C.B.A. Re: Kyl Amdt. No. 115,"January 31, 2007,  04:02 PM","Motion Rejected (46-50, 3/5 majority required)"
39,"Motion to Invoke Cloture on H.R.2, As Amended","January 31, 2007,  04:33 PM","Motion Agreed to (88-8, 3/5 majority required)"
40,"Confirmation Lawrence Joseph O' Neill, of California, to be U.S. District Judge","February 1, 2007,  11:54 AM",Nomination Confirmed (97-0)
41,"Confirmation Gregory Kent Frizzell, of Oklahoma, to be U.S. District Judge","February 1, 2007,  12:19 PM",Nomination Confirmed (99-0)
42,"H.R.2, As Amended","February 1, 2007,  05:00 PM",Bill Passed (94-3)
43,Motion to Invoke Cloture on the Motion to Proceed to S.Con.Res.2,"February 1, 2007,  05:25 PM","Motion Rejected (0-97, 3/5 majority required)"
44,Motion to Invoke Cloture on the Motion to Proceed to S. 470,"February 5, 2007,  05:44 PM","Cloture Motion Rejected (49-47, 3/5 majority required)"
45,"Confirmation Gen. George W. Casey to be Chief of Staff, U.S. Army","February 8, 2007,  11:51 AM",Nomination Confirmed (83-14)
46,Motion to Invoke Cloture on H.J.Res. 20,"February 13, 2007,  02:30 PM","Motion Agreed to (71-26, 3/5 majority required)"
47,"Confirmation Nora Barry Fischer, of Pennsylvania, to be U.S. District Judge","February 14, 2007,  04:46 PM",Nomination Confirmed (96-0)
48,H.J.Res. 20,"February 14, 2007,  07:10 AM",Joint Resolution Passed (81-15)
49,"Confirmation Norman Randy Smith, of Idaho, to be U.S. Circuit Judge for the Ninth Circuit","February 15, 2007,  10:29 AM",Nomination Confirmed (94-0)
50,"Confirmation Marcia Morales Howard, of Florida, to be U.S. District Judge","February 15, 2007,  10:58 AM",Nomination Confirmed (93-0)
51,Motion to Invoke Cloture on the Motion to Proceed to S.574,"February 17, 2007,  01:45 PM","Cloture Motion Rejected (56-34, 3/5 majority required)"
52,H.Con.Res. 67,"February 17, 2007,  02:18 PM",Bill Passed (47-33)
53,Motion to Invoke Cloture on the Motion to Proceed to S. 4,"February 27, 2007,  02:29 PM","Cloture Motion Agreed to (97-0, 3/5 majority required)"
54,Inouye Amdt. No. 285,"February 28, 2007,  05:29 PM",Amendment Agreed to (58-37)
55,DeMint Amdt. No. 279 As Modified,"February 28, 2007,  05:54 PM",Amendment Agreed to (94-2)
56,Motion to Table Schumer Amdt. No. 298,"March 1, 2007,  04:48 PM",Motion to Table Agreed to (58-38)
57,Sununu Amdt. No. 292,"March 2, 2007,  10:02 AM",Amendment Agreed to (82-0)
58,Salazar Amdt. No. 280,"March 2, 2007,  10:26 AM",Amendment Agreed to (82-1)
59,"Confirmation Carl J. Artman, of Colorado, to be Assistant Secretary of the Interior","March 5, 2007,  05:49 PM",Nomination Confirmed (87-1)
60,Motion to Table DeMint Amdt. No. 314,"March 6, 2007,  12:00 PM",Motion to Table Agreed to (51-46)
61,Motion to Table Feinstein Amdt. No. 335,"March 6, 2007,  05:34 PM",Motion to Table Agreed to (56-43)
62,Motion to Table Obama Amdt. No. 338,"March 6, 2007,  06:00 PM",Motion to Table Agreed to (58-41)
63,Leahy Amdt. No. 333,"March 6, 2007,  06:17 PM",Amendment Rejected (49-50)
64,McCaskill Amdt. No. 316 As Modified,"March 7, 2007,  01:22 PM",Amendment Agreed to (51-48)
65,Collins Amdt. No. 342,"March 7, 2007,  02:12 PM",Amendment Rejected (47-52)
66,Motion to Table Coburn Amdt. No. 345,"March 7, 2007,  06:16 PM",Motion to Table Agreed to (71-25)
67,"John Alfred Jarvey, of Iowa, to be U.S. District Judge for the Southern District of Iowa","March 8, 2007,  06:36 PM",Nomination Confirmed (95-0)
68,"Motion to Invoke Cloture on Cornyn Amdt. No. 312, As Modified","March 9, 2007,  09:30 AM","Cloture Motion Rejected (46-49, 3/5 majority required)"
69,"Motion to Invoke Cloture on Reid Amdt. No. 275, As Amended","March 9, 2007,  09:56 AM","Cloture Motion Agreed to (69-26, 3/5 majority required)"
70,Motion to Table Coburn Amdt. No. 294,"March 13, 2007,  11:47 AM",Motion to Table Agreed to (60-38)
71,Motion to Table Coburn Amdt. No. 325,"March 13, 2007,  12:34 PM",Motion to Table Agreed to (66-31)
72,Motion to Table Biden Amdt. No. 383,"March 13, 2007,  04:20 PM",Motion to Table Agreed to (73-25)
73,S. 4 As Amended,"March 13, 2007,  05:11 PM",Bill Passed (60-38)
74,Motion to Invoke Cloture on the Motion to Proceed to Consider S. J. Res. 9,"March 14, 2007,  11:17 AM","Cloture Motion Agreed to (89-9, 3/5 majority required)"
75,S. J. Res. 9,"March 15, 2007,  03:51 PM","Joint Resolution Defeated (48-50, 3/5 majority required)"
76,S. Res. 107,"March 15, 2007,  04:18 PM","Resolution Agreed to (96-2, 3/5 majority required)"
77,S. Con. Res. 20,"March 15, 2007,  04:40 PM","Concurrent Resolution Agreed to (82-16, 3/5 majority required)"
78,"Confirmation Thomas M. Hardiman, of Pennsylvania, to be U.S. Circuit Judge","March 15, 2007,  05:01 PM",Nomination Confirmed (95-0)
79,Kyl Amdt. No. 459,"March 20, 2007,  11:33 AM",Amendment Rejected (40-56)
80,Sessions Amdt. No. 460,"March 20, 2007,  12:01 PM",Amendment Rejected (47-50)
81,S.214 as Amended,"March 20, 2007,  12:16 PM",Bill Passed (94-2)
82,Baucus Amdt. No. 492,"March 21, 2007,  05:02 PM",Amendment Agreed to (97-1)
83,Kyl Amdt. No. 507,"March 21, 2007,  05:28 PM",Amendment Rejected (47-51)
84,Cornyn Amdt. No. 477,"March 21, 2007,  05:44 PM",Amendment Agreed to (63-35)
85,Sessions Amdt. 466 as Modified,"March 21, 2007,  06:01 PM",Amendment Rejected (46-52)
86,Ensign Amdt. No. 476,"March 21, 2007,  06:16 PM",Amendment Rejected (47-51)
87,Bunning Amdt. No. 483,"March 21, 2007,  06:31 PM",Amendment Agreed to (98-0)
88,Bingaman Amdt. No. 486,"March 21, 2007,  06:45 PM",Amendment Agreed to (97-1)
89,DeMint Amdt. No. 489,"March 22, 2007,  11:33 AM",Amendment Rejected (45-52)
90,Allard Amdt. No. 491,"March 22, 2007,  12:00 PM",Amendment Rejected (33-64)
91,Cornyn Amdt. No. 511,"March 22, 2007,  12:19 PM",Amendment Rejected (38-59)
92,Cornyn Amdt. No. 525 as Modified,"March 22, 2007,  12:38 PM",Amendment Rejected (23-74)
93,Ensign Amdt. No. 472,"March 22, 2007,  04:17 PM",Amendment Rejected (44-52)
94,Sanders Amdt. No. 545 as Modified,"March 22, 2007,  04:44 PM",Amendment Rejected (38-58)
95,Enzi Amendment No. 497,"March 22, 2007,  05:03 PM",Amendment Rejected (47-49)
96,Thomas Amdt. No. 498,"March 22, 2007,  05:24 PM",Amendment Rejected (29-67)
97,Conrad Amdt. No. 598,"March 22, 2007,  05:48 PM",Amendment Agreed to (54-42)
98,Coleman Amdt. No. 577,"March 22, 2007,  06:03 PM",Amendment Rejected (42-53)
99,DeMint Amdt. No. 513,"March 23, 2007,  09:50 AM",Amendment Rejected (38-61)
100,Sessions Amdt. No. 473,"March 23, 2007,  10:24 AM",Amendment Rejected (46-53)
101,Nelson (NE) Amdt. No. 626,"March 23, 2007,  10:45 AM",Amendment Rejected (25-74)
102,Kyl Amdt. No. 583,"March 23, 2007,  11:05 AM",Amendment Rejected (48-51)
103,Hatch Amdt. No. 508,"March 23, 2007,  11:26 AM",Amendment Rejected (49-50)
104,Motion to Waive CBA Re: Allard Amendment No. 521,"March 23, 2007,  11:43 AM","Motion Rejected (39-60, 3/5 majority required)"
105,Smith Amdt. No. 510 as Modified,"March 23, 2007,  11:59 AM",Amendment Agreed to (59-40)
106,Thomas Amendment No. 515,"March 23, 2007,  12:17 PM",Amendment Rejected (39-59)
107,Graham Amdt. No. 478,"March 23, 2007,  12:37 PM",Amendment Rejected (46-52)
108,Grassley Amdt. No. 471,"March 23, 2007,  12:54 PM",Amendment Rejected (44-53)
109,DeMint Amdt. No. 578,"March 23, 2007,  01:13 PM",Amendment Rejected (44-55)
110,Biden Amdt. No. 529,"March 23, 2007,  01:32 PM",Amendment Agreed to (65-33)
111,Bunning Amdt. No. 594 as Modified,"March 23, 2007,  01:52 PM",Amendment Rejected (44-55)
112,Chambliss Amendment No. 536,"March 23, 2007,  02:07 PM",Amendment Rejected (44-55)
113,Lott Amdt. No. 606,"March 23, 2007,  02:26 PM",Amendment Rejected (49-50)
114,S. Con. Res. 21 as Amended,"March 23, 2007,  02:52 PM",Resolution Agreed to (52-47)
115,"Confirmation George H. Wu, of California, to be U.S. District Judge","March 27, 2007,  12:12 PM",Nomination Confirmed (95-0)
116,Cochran Amd. No. 643,"March 27, 2007,  05:06 PM",Amendment Rejected (48-50)
117,Motion to Invoke Cloture on H.R. 1591,"March 28, 2007,  12:02 PM","Cloture Motion Agreed to (97-0, 3/5 majority required)"
118,Wyden Amdt. No. 709,"March 28, 2007,  02:44 PM",Amendment Agreed to (74-23)
119,"Burr Amdt. No. 716, As Modified","March 28, 2007,  03:12 PM",Amendment Rejected (8-89)
120,Coburn Amdt. No. 657,"March 28, 2007,  03:29 PM",Amendment Rejected (23-74)
121,Coburn Amdt. No. 648,"March 28, 2007,  03:50 PM",Amendment Rejected (45-51)
122,"Ensign Amdt. No. 752, As Modified","March 29, 2007,  09:10 AM",Amendment Agreed to (93-0)
123,DeMint Amdt. No. 704,"March 29, 2007,  09:38 AM",Amendment Agreed to (97-0)
124,Biden Amdt. No. 739,"March 29, 2007,  09:59 AM",Amendment Agreed to (98-0)
125,Is Section 431 of the Senate Language to H.R. 1591 Germane?,"March 29, 2007,  10:48 AM",Amendment Germane (57-41)
126,"H.R. 1591, As Amended","March 29, 2007,  10:36 AM",Bill Passed (51-47)
127,S. 5,"April 11, 2007,  05:53 PM","Bill Passed (63-34, 3/5 majority required)"
128,S. 30,"April 11, 2007,  06:20 PM","Bill Passed (70-28, 3/5 majority required)"
129,Motion to Invoke Cloture on the Motion to Proceed to Consider S.372,"April 12, 2007,  11:33 AM","Cloture Motion Agreed to (94-3, 3/5 majority required)"
130,Motion to Invoke Cloture on S. 372,"April 16, 2007,  05:32 PM","Cloture Motion Rejected (41-40, 3/5 majority required)"
131,"Upon Reconsideration, Motion to Invoke Cloture on S. 372","April 17, 2007,  05:46 PM","Cloture Motion Rejected (50-45, 3/5 majority required)"
132,Motion to Invoke Cloture on the Motion to Proceed to the Consideration of S. 3,"April 18, 2007,  09:48 AM","Cloture Motion Rejected (55-42, 3/5 majority required)"
133,Motion to Invoke Cloture on the Motion to Proceed to the Consideration of S. 378,"April 18, 2007,  10:17 AM","Cloture Motion Agreed to (93-3, 3/5 majority required)"
134,Motion to Table Coburn Amdt. No. 891,"April 18, 2007,  06:02 PM",Motion to Table Agreed to (59-38)
135,"Final Passage S. 378, As Amended","April 19, 2007,  02:05 PM",Bill Passed (97-0)
136,"Confirmation Halil Suleyman Ozerden, of Mississippi, to be U.S. District Judge","April 24, 2007,  12:12 PM",Nomination Confirmed (95-0)
137,DeMint Amdt. No. 929,"April 24, 2007,  02:16 PM",Amendment Agreed to (96-0)
138,"Dodd Amdt. No. 947, As Modified","April 24, 2007,  05:38 PM",Amendment Agreed to (97-0)
139,Motion to Table DeMint Amdt. No. 928,"April 24, 2007,  06:02 PM",Motion to Table Agreed to (62-35)
140,Motion to Table Coburn Amdt. No. 917,"April 24, 2007,  06:23 PM",Motion to Table Agreed to (54-43)
141,Sununu Amdt. No. 938,"April 25, 2007,  11:10 AM",Amendment Rejected (24-74)
142,DeMint Amdt. No. 930,"April 25, 2007,  03:21 PM",Amendment Rejected (22-71)
143,Coburn Amdt. No. 918,"April 25, 2007,  03:49 PM",Amendment Rejected (27-67)
144,Coburn Amdt. No. 921,"April 25, 2007,  05:33 PM",Amendment Rejected (39-57)
145,Coburn Amdt. No. 922,"April 25, 2007,  05:58 PM",Amendment Agreed to (82-14)
146,S. 761 As Amended,"April 25, 2007,  06:24 PM",Bill Passed (88-8)
147,H.R. 1591 Conference Report,"April 26, 2007,  12:56 PM",Conference Report Agreed to (51-46)
148,Allard Amdt. No. 982,"May 2, 2007,  12:26 PM",Amendment Rejected (41-53)
149,"Durbin Amdt. No. 1022, as Modified","May 2, 2007,  05:08 PM",Amendment Agreed to (94-0)
150,Motion to Invoke Cloture on the Dorgan Amdt. No. 990,"May 3, 2007,  10:36 AM","Cloture Motion Agreed to (63-28, 3/5 majority required)"
151,Cochran Amdt. No. 1010,"May 7, 2007,  04:05 PM",Amendment Agreed to (49-40)
152,Motion to Invoke Cloture on the Committee Substitute as Modified and Amended to S.1082,"May 7, 2007,  05:09 PM","Cloture Motion Agreed to (82-8, 3/5 majority required)"
153,"Confirmation Frederick J. Kapala, of Illinois, to be U.S. District Judge","May 8, 2007,  12:09 PM",Nomination Confirmed (91-0)
154,Grassley Amdt. No. 1039,"May 9, 2007,  11:49 AM",Amendment Rejected (46-47)
155,Grassley Amdt. No. 998,"May 9, 2007,  12:18 PM",Amendment Agreed to (64-30)
156,Durbin Amdt. No. 1034,"May 9, 2007,  12:37 PM",Amendment Rejected (47-47)
157,S.1082 as Amended,"May 9, 2007,  12:54 PM",Bill Passed (93-1)
158,Confirmation Debra Ann Livingston to be U.S. Circuit Judge,"May 9, 2007,  02:41 PM",Nomination Confirmed (91-0)
159,Kyl Motion to Instruct Conferees Re: S. Con. Res. 21,"May 9, 2007,  07:34 PM",Motion Agreed to (54-41)
160,Conrad Motion to Instruct Conferees Re:  S. Con. Res.21,"May 9, 2007,  07:58 PM",Motion Agreed to (51-44)
161,Gregg Motion to Instruct Conferees Re: S. Con. Res. 21,"May 9, 2007,  08:14 PM",Motion Rejected (44-51)
162,Motion to Invoke Cloture on the Motion to Proceed to Consider H.R.1495,"May 10, 2007,  09:59 AM","Cloture Motion Agreed to (89-7, 3/5 majority required)"
163,Coburn Amdt. No. 1090,"May 15, 2007,  11:43 AM",Amendment Rejected (12-77)
164,Coburn Amdt. No. 1089,"May 15, 2007,  02:23 PM",Amendment Rejected (11-79)
165,Feingold Amdt. No. 1086,"May 15, 2007,  02:55 PM",Amendment Rejected (22-69)
166,Kerry Amdt. No. 1094,"May 15, 2007,  06:11 PM","Amendment Rejected (51-42, 3/5 majority required)"
167,Motion to Invoke Cloture on the Feingold Amdt. No. 1098,"May 16, 2007,  10:44 AM","Cloture Motion Rejected (29-67, 3/5 majority required)"
168,Motion to Invoke Cloture on the Warner Amdt. No. 1134,"May 16, 2007,  11:12 AM","Cloture Motion Rejected (52-44, 3/5 majority required)"
169,Motion to Invoke Cloture on the Cochran Amdt. No. 1135,"May 16, 2007,  11:35 AM","Cloture Motion Agreed to (87-9, 3/5 majority required)"
170,H.R. 1495 As Amended,"May 16, 2007,  05:15 PM",Bill Passed (91-4)
171,Motion to Invoke cloture on the Reid Amdt. No. 1123,"May 17, 2007,  10:31 AM","Cloture Motion Agreed to (94-1, 3/5 majority required)"
172,S. Con. Res. 21 Conference Report,"May 17, 2007,  04:03 PM",Conference Report Agreed to (52-40)
173,Motion to Invoke Cloture on the Motion to Proceed to Consider S.1348,"May 21, 2007,  05:43 PM","Cloture Motion Agreed to (69-23, 3/5 majority required)"
174,Dorgan Amdt. No. 1153,"May 22, 2007,  05:47 PM",Amendment Rejected (31-64)
175,Bingaman Amdt. No. 1169,"May 23, 2007,  02:29 PM",Amendment Agreed to (74-24)
176,Akaka Amdt. No. 1186,"May 24, 2007,  12:19 PM",Amendment Agreed to (87-9)
177,Coleman Amdt. No. 1158,"May 24, 2007,  12:46 PM",Amendment Rejected (48-49)
178,Dorgan Amdt. No. 1181,"May 24, 2007,  02:15 PM",Amendment Rejected (48-49)
179,Sanders Amdt. No. 1223,"May 24, 2007,  05:27 PM",Amendment Agreed to (59-35)
180,Vitter Amdt. No. 1157,"May 24, 2007,  05:59 PM",Amendment Rejected (29-66)
181,Motion to Concur in House Amdt. to Senate Amdt to H.R.2206,"May 24, 2007,  08:26 PM",Motion Agreed to (80-14)
182,Motion to Invoke Cloture on the Motion to Proceed to Consider H.R.800,"June 26, 2007,  11:51 AM","Cloture Motion Rejected (51-48, 3/5 majority required)"
183,Motion to Invoke Cloture on the Motion to Proceed to Consider S.1639,"June 26, 2007,  12:16 PM","Cloture Motion Agreed to (64-35, 3/5 majority required)"
184,Motion to Table Div. I Amdt. No. 1934 as Modified,"June 27, 2007,  12:03 PM",Motion to Table Agreed to (53-45)
185,"Motion to Table Div. II, Amdt. No.1934 as Modified","June 27, 2007,  12:47 PM",Motion to Table Agreed to (79-18)
186,"Motion to Table Div. III of Amdt. No.1934, as Modified","June 27, 2007,  03:05 PM",Motion to Table Agreed to (57-40)
187,"Motion to Table Div. IV, Amdt. No.1934 as Modified","June 27, 2007,  03:45 PM",Motion to Table Agreed to (56-41)
188,Motion to Table Div. VI of Amdt. No.1934 as Modified,"June 27, 2007,  04:14 PM",Motion to Table Agreed to (55-40)
189,"Motion to Table Div. VII, Amdt. No.1934 as Modified","June 27, 2007,  05:34 PM",Motion to Table Failed (45-52)
190,Motion to Invoke Cloture on S.1639,"June 28, 2007,  11:04 AM","Cloture Motion Rejected (46-53, 3/5 majority required)"
191,"Confirmation Lt. Gen. Douglas E. Lute, to be Lt. Gen. US Army under title 10, U.S.C., section 601","June 28, 2007,  04:11 PM",Nomination Confirmed (94-4)
192,"Confirmation Benjamin Hale Settle, of Washington, to be US District Judge","June 28, 2007,  04:45 PM",Nomination Confirmed (99-0)
193,"Confirmation Richard Sullivan, of New York, to be US District Judge","June 28, 2007,  05:00 PM",Nomination Confirmed (99-0)
194,"Confirmation Liam O'Grady, of Virginia, to be U.S. District Judge","July 9, 2007,  05:43 PM",Nomination Confirmed (88-0)
195,"Confirmation Janet T. Neff, of Michigan, to be U.S. District Judge","July 9, 2007,  06:12 PM",Nomination Confirmed (83-4)
196,Motion to Invoke Cloture on the Webb Amdt. No. 2012,"July 11, 2007,  11:38 AM","Cloture Motion Rejected (56-41, 3/5 majority required)"
197,"Lieberman Amdt. No. 2073, as Modified","July 11, 2007,  04:13 PM",Amendment Agreed to (97-0)
198,Hagel Amdt. No. 2032,"July 11, 2007,  06:20 PM","Amendment Rejected (52-45, 3/5 majority required)"
199,"Graham Amdt. No. 2078, as Modified","July 11, 2007,  06:48 PM","Amendment Rejected (41-55, 3/5 majority required)"
200,"Sessions Amdt. No. 2024, as Modified","July 12, 2007,  04:10 PM",Amendment Agreed to (90-5)
201,"Levin Amdt. No. 2019, As Amended","July 12, 2007,  04:55 PM",Amendment Agreed to (94-0)
202,"Dorgan Amdt. No. 2135, as Amended","July 13, 2007,  09:29 AM",Amendment Agreed to (87-1)
203,Cornyn Amdt. No. 2100,"July 17, 2007,  02:48 PM",Amendment Agreed to (94-3)
204,Motion to Instruct the Sgt. At Arms,"July 17, 2007,  08:34 PM",Motion Rejected (44-47)
205,Motion to Instruct the Sgt. at Arms,"July 17, 2007,  11:59 PM",Motion Agreed to (41-37)
206,Motion to Instruct Sgt. At Arms,"July 18, 2007,  05:13 AM",Motion Agreed to (37-23)
207,Motion to Invoke Cloture on the Levin Amdt. No. 2087,"July 18, 2007,  11:04 AM","Motion Rejected (52-47, 3/5 majority required)"
208,Motion to Proceed to H.R. 2669,"July 18, 2007,  11:50 AM",Motion to Proceed Agreed to (49-48)
209,Murkowski Amdt. No. 2329,"July 19, 2007,  12:04 PM",Amendment Agreed to (73-24)
210,Kennedy Amdt. No. 2330,"July 19, 2007,  12:30 PM",Amendment Agreed to (52-45)
211,Nelson (NE) Amdt. No. 2337,"July 19, 2007,  01:47 PM",Amendment Rejected (35-62)
212,Sessions Amdt. No. 2333,"July 19, 2007,  06:31 PM",Amendment Rejected (42-55)
213,Motion to Waive CBA Re: Coleman Amdt. No. 2334,"July 19, 2007,  06:57 PM","Motion Rejected (49-48, 3/5 majority required)"
214,McConnell Amdt. No. 2351,"July 19, 2007,  07:21 PM",Amendment Agreed to (94-3)
215,Motion to Waive CBA DeMint Amdt. No. 2352,"July 19, 2007,  07:57 PM","Motion Rejected (42-54, 3/5 majority required)"
216,Motion to Waive CBA Collins Amdt. No. 2340,"July 19, 2007,  08:23 PM","Motion Rejected (57-39, 3/5 majority required)"
217,Motion to Waive CBA Stabenow Amdt. No 2358,"July 19, 2007,  09:45 PM","Motion Rejected (53-44, 3/5 majority required)"
218,Motion to Waive CBA Ensign Amdt. No. 2355,"July 19, 2007,  10:03 PM","Motion Rejected (57-40, 3/5 majority required)"
219,Motion to Waive CBA Schumer Amdt. No. 2361,"July 19, 2007,  10:32 PM","Motion Rejected (48-48, 3/5 majority required)"
220,Motion to Waive CBA Sununu Amdt. No. 2341,"July 19, 2007,  11:47 PM","Motion Rejected (47-48, 3/5 majority required)"
221,Motion to Waive CBA Cornyn Amdt No. 2339,"July 19, 2007,  11:00 PM","Motion Rejected (55-40, 3/5 majority required)"
222,Motion to Waive CBA Landrieu Amdt. No. 2363,"July 19, 2007,  11:18 PM","Motion Rejected (48-48, 3/5 majority required)"
223,Motion to Waive CBA DeMint Amdt. 2362,"July 19, 2007,  11:31 PM","Motion Rejected (48-48, 3/5 majority required)"
224,Motion to Waive CBA Dole Amdt. No. 2350,"July 19, 2007,  11:46 PM","Motion Rejected (42-54, 3/5 majority required)"
225,Motion to Waive CBA Kerry Amdt. No. 2364.,"July 20, 2007,  12:05 AM","Motion Rejected (48-48, 3/5 majority required)"
226,Motion to Waive C.B.A. re: Kyl Amdt. No. 2353,"July 20, 2007,  12:18 AM","Motion Rejected (47-49, 3/5 majority required)"
227,H.R. 2669 as Amended,"July 20, 2007,  12:36 AM",Bill Passed (78-18)
228,Brown Amdt. No. 2376,"July 23, 2007,  05:41 PM",Amendment Rejected (37-54)
229,"Kennedy Amdt. No. 2381, as Modified","July 24, 2007,  12:22 PM",Amendment Agreed to (93-0)
230,"S. 1642, as Amended","July 24, 2007,  12:46 PM",Bill Passed (95-0)
231,H. J. Res. 44,"July 24, 2007,  04:44 PM",Joint Resolution Passed (93-1)
232,Shall the Decision of the Chair Stand as the Judgement of the Senate Re: Graham Amdt. No. 2412,"July 25, 2007,  05:15 PM",Decision of Chair Sustained (52-44)
233,Graham Amdt. No. 2480,"July 26, 2007,  11:36 AM",Amendment Agreed to (89-1)
234,"Motion to Table Alexander Amdt. No. 2405, as Modified","July 26, 2007,  03:32 PM",Motion to Table Agreed to (50-44)
235,Sanders Amdt. No. 2498,"July 26, 2007,  08:34 PM",Amendment Agreed to (51-43)
236,DeMint Amdt. No. 2481 ,"July 26, 2007,  09:00 PM",Amendment Agreed to (93-1)
237,"H.R. 2638, As Amended","July 26, 2007,  10:49 PM",Bill Passed (89-4)
238,"DeMint Motion to Recommit H.R. 1 to Conference, with Instructions","July 26, 2007,  11:22 PM",Motion to Recommit Rejected (26-67)
239,"H.R. 1, Conference Report","July 26, 2007,  11:39 AM",Conference Report Agreed to (85-8)
240,Motion to Invoke Cloture on the Motion to Proceed to H.R.976,"July 30, 2007,  05:32 PM","Cloture Motion Agreed to (80-0, 3/5 majority required)"
241,Allard amendment No. 2536,"July 31, 2007,  05:21 PM",Amendment Rejected (37-59)
242,Ensign Amdt. No. 2538,"August 1, 2007,  10:31 AM",Amendment Rejected (26-58)
243,Gregg Amdt. No. 2587,"August 1, 2007,  11:14 AM",Amendment Rejected (42-53)
244,Dole Amdt No. 2554,"August 1, 2007,  06:10 PM",Amendment Rejected (32-64)
245,Motion to Table Bunning Amdt No. 2547,"August 1, 2007,  06:35 PM",Motion to Table Agreed to (53-43)
246,Lott Amdt No. 2593 as Modified,"August 1, 2007,  06:51 PM",Amendment Rejected (35-61)
247,Kerry Amdt. No. 2602 As Modified,"August 1, 2007,  07:09 PM",Amendment Rejected (36-60)
248,Motion to Invoke Cloture on the Motion to Concur in the Amendment of the House to S.1,"August 2, 2007,  11:53 AM","Cloture Motion Agreed to (80-17, 2/3 majority required)"
249,Motion to Concur in the Amendment of the House to S.1,"August 2, 2007,  01:50 PM",Motion Agreed to (83-14)
250,Motion to Waive CBA Specter Amdt. 2557,"August 2, 2007,  04:43 PM","Motion Rejected (47-52, 3/5 majority required)"
251,Motion to Waive CBA Graham Amdt. No 2558 As Modified,"August 2, 2007,  05:08 PM","Motion Rejected (39-60, 3/5 majority required)"
252,Ensign Amdt. No. 2540,"August 2, 2007,  05:27 PM",Amendment Rejected (43-55)
253,Thune Amdt. No. 2579,"August 2, 2007,  05:43 PM",Amendment Rejected (42-57)
254,Kyl Amdt. No. 2537,"August 2, 2007,  06:00 PM",Amendment Rejected (37-62)
255,Coburn Amdt. No.2627,"August 2, 2007,  07:47 PM",Amendment Rejected (37-62)
256,Vitter Amdt. No. 2596 as Modified,"August 2, 2007,  08:14 PM",Amendment Rejected (35-64)
257,Allard Amdt No. 2535 As Modified,"August 2, 2007,  08:31 PM",Amendment Rejected (49-50)
258,Hutchison Amdt No. 2620,"August 2, 2007,  08:51 PM",Amendment Rejected (21-78)
259,Motion to Waive CBA Kyl Amdt No. 2562,"August 2, 2007,  09:11 PM","Amendment Rejected (49-50, 3/5 majority required)"
260,DeMint Amdt. No. 2577,"August 2, 2007,  09:39 PM",Amendment Rejected (37-62)
261,Motion to Waive CBA on Baucus Amdt. No. 2530,"August 2, 2007,  10:00 PM","Motion Agreed to (67-32, 3/5 majority required)"
262,H.R.976 As Amended,"August 2, 2007,  10:18 PM",Bill Passed (68-31)
263,"Confirmation Timothy D. DeGiusti, of Oklahoma, to be US District Judge","August 3, 2007,  09:38 AM",Nomination Confirmed (96-0)
264,S.1927 as Amended,"August 3, 2007,  09:16 PM","Bill Passed (60-28, 3/5 majority required)"
265,S.2011,"August 3, 2007,  09:37 PM","Bill Defeated (43-45, 3/5 majority required)"
266,"Confirmation Jim Nussle, of Iowa, to be Director of the Office of Management and Budget","September 4, 2007,  06:08 PM",Nomination Confirmed (69-24)
267,Motion to Table DeMint Amdt No. 2686,"September 5, 2007,  07:02 PM",Motion to Table Agreed to (66-25)
268,Coleman Amdt. No. 2687,"September 6, 2007,  11:09 AM",Amendment Agreed to (76-15)
269,Salazar Amdt. No. 2662,"September 6, 2007,  11:41 AM",Amendment Agreed to (47-45)
270,Brown Amdt. No. 2673,"September 6, 2007,  11:59 AM",Amendment Agreed to (52-39)
271,H.R. 2642 as Amended,"September 6, 2007,  12:16 PM",Bill Passed (92-1)
272,Ensign Amdt. No. 2700,"September 6, 2007,  05:49 PM",Amendment Rejected (30-63)
273,Brownback Amdt. No. 2707,"September 6, 2007,  06:14 PM",Amendment Agreed to (48-45)
274,Boxer Amdt. No. 2719,"September 6, 2007,  06:33 PM",Amendment Agreed to (53-41)
275,Brownback Amdt. No. 2708,"September 6, 2007,  06:53 PM",Amendment Rejected (40-54)
276,Vitter Amdt. No. 2774,"September 6, 2007,  07:51 PM",Amendment Agreed to (81-10)
277,Coburn Amdt. No. 2773,"September 6, 2007,  08:17 PM",Amendment Agreed to (92-1)
278,Coburn Amdt. No. 2716,"September 6, 2007,  08:33 PM",Amendment Rejected (46-47)
279,Coburn Amdt. No. 2704,"September 6, 2007,  08:49 PM",Amendment Rejected (33-60)
280,H.R. 2764 as Amended,"September 6, 2007,  09:46 PM",Bill Passed (81-12)
281,H.R. 2669 Conference Report,"September 7, 2007,  10:15 AM",Conference Report Agreed to (79-12)
282,"Confirmation William Lindsay Osteen, of North Carolina, to be U.S. District Judge","September 10, 2007,  11:06 AM",Nomination Confirmed (86-0)
283,"Confirmation Janis Lynn Sammartino, of California, to be U.S. District Judge","September 10, 2007,  11:29 AM",Nomination Confirmed (90-0)
284,Murray Amdt. No. 2792,"September 10, 2007,  03:30 PM",Amendment Agreed to (60-33)
285,Motion to Table Coburn Amdt. No. 2810,"September 11, 2007,  04:16 PM",Motion to Table Agreed to (82-14)
286,Dorgan Amdt. No. 2797,"September 11, 2007,  07:00 PM",Amendment Agreed to (75-23)
287,Cornyn Amdt. No. 2842,"September 11, 2007,  07:28 PM",Amendment Rejected (29-69)
288,Motion to Table Coburn Amdt. No. 2811,"September 11, 2007,  07:46 PM",Motion to Table Agreed to (80-18)
289,Motion to Table DeMint Amdt. No.2844,"September 12, 2007,  09:30 AM",Motion to Table Agreed to (56-37)
290,"Motion to Table Coburn Amdt. No.2812,  Amdt. No.2813, and  Amdt. No.2814","September 12, 2007,  09:58 AM",Motion to Table Agreed to (63-32)
291,H.R.3074 as Amended,"September 12, 2007,  10:58 AM",Bill Passed (88-7)
292,Coburn Amdt. No. 2888,"September 18, 2007,  12:01 PM",Amendment Rejected (38-59)
293,H.R. 1124 as Amended,"September 18, 2007,  12:27 PM",Bill Passed (96-0)
294,Motion to Invoke Cloture on the Motion to Proceed to S. 1257,"September 18, 2007,  02:31 PM","Cloture on the Motion to Proceed Rejected (57-42, 3/5 majority required)"
295,Motion to Invoke Cloture on the Specter Amdt. No. 2022,"September 19, 2007,  10:47 AM","Cloture Motion Rejected (56-43, 3/5 majority required)"
296,Webb Amdt. No. 2909,"September 19, 2007,  05:30 PM","Amendment Rejected (56-44, 3/5 majority required)"
297,McCain Amdt. No. 2918,"September 19, 2007,  05:56 PM","Amendment Rejected (55-45, 3/5 majority required)"
298,Boxer Amdt. No. 2947,"September 20, 2007,  11:58 AM","Amendment Rejected (50-47, 3/5 majority required)"
299,Cornyn Amdt. No. 2934,"September 20, 2007,  12:36 PM","Amendment Agreed to (72-25, 3/5 majority required)"
300,Feingold Amdt. No. 2924,"September 20, 2007,  02:54 PM","Amendment Rejected (28-70, 3/5 majority required)"
301,Levin Amdt. No. 2898,"September 21, 2007,  09:57 AM","Amendment Rejected (47-47, 3/5 majority required)"
302,H.R.1495 Conference Report,"September 24, 2007,  05:51 PM",Conference Report Agreed to (81-12)
303,Biden Amdt. No. 2997 as Modified,"September 26, 2007,  12:16 PM","Amendment Agreed to (75-23, 3/5 majority required)"
304,Kyl Amdt. No. 3017 as Modified,"September 26, 2007,  12:44 PM","Amendment Agreed to (76-22, 3/5 majority required)"
305,Motion to Invoke Cloture on the Kennedy Amdt. No. 3035,"September 27, 2007,  11:17 AM","Cloture Motion Agreed to (60-39, 3/5 majority required)"
306,Hatch Amdt. No. 3047,"September 27, 2007,  11:42 AM",Amendment Agreed to (96-3)
307,Motion to Invoke Cloture on the Motion to Concur with House Amendments to the Senate Amendments to H.R.976,"September 27, 2007,  11:58 AM","Cloture Motion Agreed to (69-30, 3/5 majority required)"
308,Motion to Concur in the Amendments of the House to the Amendments of the Senate to H.R.976,"September 27, 2007,  07:54 PM",Motion Agreed to (67-29)
309,H.J.Res.43,"September 27, 2007,  08:16 PM",Joint Resolution Passed (53-42)
310,H. J. Res. 52,"September 27, 2007,  08:32 PM",Joint Resolution Passed (94-1)
311,Coburn Amdt. No. 2196,"September 27, 2007,  08:59 PM",Amendment Rejected (26-69)
312,Motion to Invoke Cloture on the Levin Amdt. No.2011 (Subst.) to H.R.1585,"September 27, 2007,  09:15 PM","Cloture Motion Agreed to (89-6, 3/5 majority required)"
313,Kennedy Amdt. No. 3058,"October 1, 2007,  05:36 PM",Amendment Agreed to (51-44)
314,H.R. 1585 as Amended,"October 1, 2007,  05:59 PM",Bill Passed (92-3)
315,Motion to Table Boxer Amdt. No. 3126 as Modified,"October 2, 2007,  04:01 PM",Motion to Table Agreed to (53-41)
316,Graham Amdt. No. 3117,"October 3, 2007,  11:46 AM",Amendment Agreed to (95-1)
317,Feingold Amdt. No. 3164,"October 3, 2007,  02:00 PM","Amendment Rejected (28-68, 3/5 majority required)"
318,Motion to Table Coburn Amdt. No. 3243,"October 4, 2007,  04:37 PM",Motion to Table Agreed to (61-31)
319,Brown Amdt. No. 3260 as Modified,"October 15, 2007,  05:46 PM",Amendment Agreed to (85-3)
320,DeMint Amdt. No.3289,"October 16, 2007,  12:00 PM",Amendment Agreed to (90-0)
321,Ensign Amdt. No. 3294,"October 16, 2007,  03:32 PM",Amendment Agreed to (91-0)
322,Motion to Table Ensign Amdt. No.3295,"October 16, 2007,  03:57 PM",Motion to Table Agreed to (68-25)
323,Motion to Table Thune Amdt. No.3317,"October 16, 2007,  04:16 PM",Motion to Table Agreed to (62-31)
324,Motion to Table Dole Amdt. No.3313,"October 16, 2007,  05:01 PM",Motion to Table Agreed to (50-42)
325,Motion to Table Vitter Amdt. No.3277,"October 16, 2007,  06:01 PM",Motion to Table Agreed to (52-42)
326,"Motion to Commit H.R.3093 to the Committee on Appropriations, with Instructions","October 16, 2007,  06:53 PM",Motion Rejected (44-50)
327,"H.R. 3093, As Amended","October 16, 2007,  07:14 PM",Bill Passed (75-19)
328,DeMint Amdt. No.3338,"October 18, 2007,  12:33 PM",Amendment Rejected (34-61)
329,Harkin Amdt. No.3368,"October 18, 2007,  02:34 PM",Amendment Agreed to (90-3)
330,Byrd Amdt. No.3362,"October 18, 2007,  03:01 PM",Amendment Agreed to (89-4)
331,Brown Amdt. No.3348,"October 18, 2007,  03:17 PM",Amendment Agreed to (81-12)
332,Motion to Table Coburn Amdt. No.3321,"October 18, 2007,  03:37 PM",Motion to Table Failed (42-52)
333,Reid Amdt. No.3395,"October 18, 2007,  05:56 PM",Amendment Agreed to (68-25)
334,Vitter Amdt. No.3330,"October 18, 2007,  06:22 PM",Amendment Rejected (41-52)
335,Sessions Amdt. No.3373,"October 18, 2007,  06:37 PM",Amendment Rejected (46-47)
336,Motion to Table Allard Amdt. No. 3369,"October 22, 2007,  05:35 PM",Motion to Table Agreed to (68-21)
337,Menendez Amdt. No. 3347 as Modified,"October 22, 2007,  06:04 PM",Amendment Agreed to (88-3)
338,Enzi Amdt. No. 3437,"October 23, 2007,  11:34 AM",Amendment Agreed to (65-28)
339,Motion To Table Coburn Amdt. No. 3358,"October 23, 2007,  12:01 PM",Motion to Table Agreed to (68-26)
340,Motion To Table DeMint Amdt. 3387,"October 23, 2007,  12:20 PM",Motion to Table Agreed to (60-34)
341,Cardin Amdt. No. 3400,"October 23, 2007,  05:58 PM",Amendment Agreed to (92-0)
342,Ensign Amdt. No. 3342,"October 23, 2007,  06:22 PM",Amendment Agreed to (91-3)
343,Ensign Amdt. No. 3352,"October 23, 2007,  06:38 PM",Amendment Agreed to (92-2)
344,Bingaman Amdt. No. 3440 as Modified,"October 23, 2007,  06:55 PM",Amendment Agreed to (88-6)
345,"McConnell Motion to Commit H.R. 3043 to the Committee on Appropriations, with Instructions","October 23, 2007,  07:32 PM",Motion Rejected (40-54)
346,H.R. 3043 as Amended,"October 23, 2007,  07:48 PM",Bill Passed (75-19)
347,"Motion to Invoke Cloture on the Nomination of Leslie Southwick, of Mississippi, to be U.S. Circuit Judge","October 24, 2007,  11:03 AM","Cloture Motion Agreed to (62-35, 3/5 majority required)"
348,"Confirmation Leslie Southwick, of Mississippi, to be U.S. Circuit Judge","October 24, 2007,  11:28 AM",Nomination Confirmed (59-38)
349,Motion to Invoke Cloture on the Motion to Proceed to Consider S. 2205,"October 24, 2007,  12:27 PM","Cloture Motion Rejected (52-44, 3/5 majority required)"
350,Sununu Amdt. No. 3453,"October 25, 2007,  12:15 PM",Amendment Rejected (28-66)
351,Sununu Amdt. No. 3456 as Modified,"October 25, 2007,  03:16 PM",Amendment Rejected (27-64)
352,Coburn Amdt. No.3474,"October 30, 2007,  11:43 AM",Amendment Rejected (24-67)
353,Motion to Invoke Cloture on S.294,"October 30, 2007,  12:11 PM","Cloture Motion Agreed to (79-13, 3/5 majority required)"
354,DeMint Amdt. No.3467,"October 30, 2007,  04:04 PM",Amendment Rejected (27-65)
355,S.294 as Amended,"October 30, 2007,  04:29 PM",Bill Passed (70-22)
356,Motion to Invoke Cloture on the Motion to Proceed to Consider H.R.3963,"October 31, 2007,  03:48 PM","Cloture Motion Agreed to (62-33, 3/5 majority required)"
357,Motion to Invoke Cloture on H.R.3963,"November 1, 2007,  04:45 PM","Cloture Motion Agreed to (65-30, 3/5 majority required)"
358,H.R.3963,"November 1, 2007,  05:15 PM",Bill Passed (64-30)
359,"Motion to Waive Rule XXVIII, Paragraph 3, Re: H.R. 3043 Conference Report","November 7, 2007,  04:16 PM","Motion Rejected (47-46, 3/5 majority required)"
360,Motion to Recede and Amend the Bill,"November 7, 2007,  04:42 PM",Motion Agreed to (56-37)
361,"Shall H.R. 1495 Pass, the Objections of the President of the United States to the Contrary Notwithstanding?","November 8, 2007,  11:45 AM","Veto Overridden (79-14, 2/3 majority required)"
362,"Confirmation Michael B. Mukasey of New York, to be Attorney General","November 8, 2007,  11:04 PM",Nomination Confirmed (53-40)
363,"Confirmation Robert M. Dow Jr., of Illinois, to be U.S. District Judge","November 13, 2007,  10:11 AM",Nomination Confirmed (86-0)
364,H.R.1429 Conference Report,"November 14, 2007,  04:30 PM",Conference Report Agreed to (95-0)
365,Motion to Invoke Cloture on the Motion to Proceed to Consider S.2340,"November 16, 2007,  09:39 AM","Cloture Motion Rejected (45-53, 3/5 majority required)"
366,Motion to Invoke Cloture on the Motion to Proceed to Consider H.R.4156,"November 16, 2007,  10:05 AM","Cloture Motion Rejected (53-45, 3/5 majority required)"
367,Motion to Invoke Cloture on the Harkin Amdt. No. 3500 (Subst.) to H.R.2419,"November 16, 2007,  10:48 AM","Cloture Motion Rejected (55-42, 3/5 majority required)"
368,H.R. 3688,"December 4, 2007,  02:29 PM",Bill Passed (77-18)
369,Motion to Invoke Cloture on the Motion to Proceed to H.R. 3996,"December 6, 2007,  11:32 AM","Cloture Motion Rejected (46-48, 3/5 majority required)"
370,H.R. 3996 as Amended,"December 6, 2007,  06:23 PM",Bill Passed (88-5)
371,Motion to Invoke Cloture on the Motion to Concur in the House Amdts. to the Senate Amdts. to H.R. 6,"December 7, 2007,  09:47 AM","Cloture Motion Rejected (53-42, 3/5 majority required)"
372,Lugar Amdt. No. 3711,"December 11, 2007,  03:46 PM",Amendment Rejected (37-58)
373,Gregg Amdt. No. 3671,"December 12, 2007,  12:24 PM",Amendment Rejected (37-58)
374,Gregg Amdt. No. 3672,"December 12, 2007,  12:50 PM",Amendment Rejected (39-56)
375,Alexander Amdt. No. 3551,"December 12, 2007,  06:29 PM",Amendment Rejected (19-75)
376,Alexander Amdt.; No. 3553,"December 12, 2007,  06:54 PM",Amendment Rejected (14-79)
377,Gregg Amdt. No. 3673,"December 12, 2007,  07:14 PM","Amendment Rejected (41-53, 3/5 majority required)"
378,Sessions Amdt. No. 3596 As Modified,"December 12, 2007,  08:21 PM",Amendment Rejected (35-58)
379,Dorgan Amdt. No. 3695 as Modified,"December 13, 2007,  09:50 AM","Amendment Rejected (56-43, 3/5 majority required)"
380,Motion to Invoke Cloture on the Motion to Concur in the House Amendment to the Senate Amendment with an Amendment to H.R. 6,"December 13, 2007,  09:54 AM","Cloture Motion Rejected (59-40, 3/5 majority required)"
381,Klobuchar Amdt. No. 3810,"December 13, 2007,  04:09 PM","Amendment Rejected (48-47, 3/5 majority required)"
382,Tester Amdt. No. 3666,"December 13, 2007,  04:34 PM","Amendment Rejected (40-55, 3/5 majority required)"
383,Brown Amdt. No. 3819,"December 13, 2007,  04:55 PM","Amendment Rejected (32-63, 3/5 majority required)"
384,Craig Amdt. No. 3640,"December 13, 2007,  05:14 PM","Amendment Rejected (37-58, 3/5 majority required)"
385,"Motion to Concur in the Amendment of the House to the Amendment of the Senate to the Text of H.R. 6, with an Amendment","December 13, 2007,  06:25 PM",Motion Agreed to (86-8)
386,Motion to Invoke Cloture on the Harkin Amdt. No. 3500 to H.R. 2419,"December 13, 2007,  09:02 PM","Cloture Motion Agreed to (78-12, 3/5 majority required)"
387,S. 2338 as Amended,"December 14, 2007,  11:43 AM",Bill Passed (93-1)
388,H.R. 1585 Conference Report,"December 14, 2007,  01:26 PM",Conference Report Agreed to (90-3)
389,H.R. 2419 as Amended,"December 14, 2007,  03:03 PM",Bill Passed (79-14)
390,Motion to Invoke Cloture on the Motion to Proceed to Consider S. 2248,"December 17, 2007,  12:19 PM","Cloture Motion Agreed to (76-10, 3/5 majority required)"
391,Motion to Invoke Cloture on the Reid motion to Concur in the House Amdts. to the Senate Amdt. to H.R. 2764,"December 18, 2007,  05:21 PM","Cloture Motion Rejected (44-51, 3/5 majority required)"
392,Feingold Amdt. No. 3875,"December 18, 2007,  06:59 PM","Amendment Rejected (24-71, 3/5 majority required)"
393,Levin Amdt. No. 3876,"December 18, 2007,  08:14 PM","Amendment Rejected (50-45, 3/5 majority required)"
394,"McConnell Motion to Concur in House Amdt. No. 2 to the Senate Amdt. to H.R. 2764, with an Amdt. No. 3874","December 18, 2007,  08:35 PM","Motion Agreed to (70-25, 3/5 majority required)"
395,"Reid Motion to Concur in House Amdt. No. 1 to Senate Amdt. To H.R. 2764, with an Amdt. No. 3877","December 18, 2007,  09:14 PM","Motion Rejected (48-46, 3/5 majority required)"
396,Reid Motion to Concur in House Amdt. No. 1 to Senate Amdt. to H.R. 2764,"December 18, 2007,  10:34 PM",Motion Agreed to (76-17)
397,"Confirmation John Daniel Tinder, of Indiana, to be U.S. Circuit Judge","December 18, 2007,  11:00 PM",Nomination Confirmed (93-0)
