,title,vote_date,vote_result
0,S.Res. 14,"January 26, 2011,  02:26 PM",Resolution Agreed to (97-0)
1,S.Res. 14,"January 26, 2011,  02:26 PM",Resolution Agreed to (97-0)
2,S. Res. 28,"January 27, 2011,  04:37 PM","Resolution Agreed to (92-4, 3/5 majority required)"
3,S. Res. 29,"January 27, 2011,  05:03 PM","Resolution Agreed to (81-15, 3/5 majority required)"
4,S. Res. 8,"January 27, 2011,  05:20 PM","Resolution Rejected (12-84, 2/3 majority required)"
5,S. Res. 10 As Amended,"January 27, 2011,  05:38 PM","Resolution Rejected (44-51, 2/3 majority required)"
6,S. Res. 21 As Amended,"January 27, 2011,  05:56 PM","Resolution Rejected (46-49, 2/3 majority required)"
7,Levin Amdt. No. 28,"February 2, 2011,  05:20 PM","Amendment Rejected (44-54, 3/5 majority required)"
8,Motion to Waive All Budgetary Discipline Re: Stabenow Amdt. No. 9,"February 2, 2011,  05:45 PM","Motion Agreed to (81-17, 3/5 majority required)"
9,Motion to Waive All Applicable Budgetary Discipline Re: McConnell Amdt. No. 13,"February 2, 2011,  06:05 PM","Motion Rejected (47-51, 3/5 majority required)"
10,Whitehouse Amdt. No. 8,"February 3, 2011,  05:11 PM",Amendment Agreed to (96-1)
11,Motion to Table Paul Amdt. No. 19,"February 3, 2011,  05:37 PM",Motion to Table Agreed to (55-42)
12,"Confirmation Diana Saldana, of Texas, to be U.S. District Judge","February 7, 2011,  05:33 PM",Nomination Confirmed (94-0)
13,"Confirmation Paul Kinloch Holmes III, of Arkansas, to be U.S. District Judge","February 7, 2011,  06:01 PM",Nomination Confirmed (95-0)
14,Nelson (FL) Amdt. No. 34,"February 8, 2011,  10:30 AM",Amendment Agreed to (96-1)
15,"Confirmation Edward J. Davila, of California, to be United States District Judge for the Northern District of California","February 14, 2011,  05:32 PM",Nomination Confirmed (93-0)
16,Nelson (NE) Amdt. No. 58 As Amended,"February 15, 2011,  12:07 PM",Amendment Agreed to (98-0)
17,Wicker Amdt. No. 14 As Modified,"February 15, 2011,  02:46 PM","Amendment Rejected (47-51, 3/5 majority required)"
18,Motion to Table Paul Amdt. No. 21,"February 15, 2011,  05:09 PM",Motion to Table Agreed to (51-47)
19,H.R. 514 As Amended,"February 15, 2011,  06:08 PM",Bill Passed (86-12)
20,Motion to Invoke Cloture on S. 223,"February 17, 2011,  02:02 PM","Cloture Motion Agreed to (96-2, 3/5 majority required)"
21,Motion to Table McCain Amdt. No. 4,"February 17, 2011,  04:31 PM",Motion to Table Agreed to (61-38)
22,Motion to Table Paul Amdt. No. 18,"February 17, 2011,  05:02 PM",Motion to Table Agreed to (52-47)
23,Motion to Table Coburn Amdt. No. 80 As Modified,"February 17, 2011,  07:15 PM",Motion to Table Failed (34-65)
24,Motion to Table Coburn Amdt. No. 91,"February 17, 2011,  07:42 PM",Motion to Table Agreed to (59-40)
25,S. 223 As Amended,"February 17, 2011,  08:16 PM",Bill Passed (87-8)
26,"Confirmation Steve C. Jones, of Georgia, to be United States District Judge for the Northern District of Georgia","February 28, 2011,  05:31 PM",Nomination Confirmed (90-0)
27,Leahy-Grassley Amdt. No. 121 As Modified,"March 1, 2011,  05:01 PM",Amendment Agreed to (97-2)
28,Motion to Table Toomey-Vitter Amdt. No. 112 As Modified,"March 1, 2011,  05:29 PM",Motion to Table Agreed to (52-47)
29,H. J. Res. 44,"March 2, 2011,  11:02 AM",Joint Resolution Passed (91-9)
30,Lee Amdt. No. 115,"March 2, 2011,  05:16 PM","Amendment Rejected (58-40, 3/5 majority required)"
31,Motion to Table Feinstein Amdt. No. 133 As Modified,"March 3, 2011,  12:32 PM",Motion to Table Agreed to (87-13)
32,"Confirmation James E. Shadid, of Illinois, to be U.S. District Judge for the Central District of Illinois","March 7, 2011,  05:31 PM",Nomination Confirmed (89-0)
33,"Confirmation Anthony J. Battaglia, of California, to the be United States District Judge for the Southern District of California","March 7, 2011,  05:58 PM",Nomination Confirmed (89-0)
34,Motion to Invoke Cloture on S. 23,"March 7, 2011,  06:14 PM","Cloture Motion Agreed to (87-3, 3/5 majority required)"
35,S. 23 as Amended,"March 8, 2011,  05:55 PM",Bill Passed (95-5)
36,H.R. 1,"March 9, 2011,  03:00 PM","Bill Defeated (44-56, 3/5 majority required)"
37,Inouye Amdt. No. 149,"March 9, 2011,  03:26 PM","Amendment Rejected (42-58, 3/5 majority required)"
38,"Confirmation Max Oliver Cogburn, Jr., of North Carolina, to be U.S. District Judge","March 10, 2011,  02:55 PM",Nomination Confirmed (96-0)
39,"Confirmation James Emanuel Boasberg, of the District of Columbia, to be U.S. District Judge","March 14, 2011,  05:32 PM",Nomination Confirmed (96-0)
40,Motion to Invoke Cloture on the Motion to Proceed to S. 493,"March 14, 2011,  05:58 PM","Motion to Proceed Agreed to (84-12, 3/5 majority required)"
41,Nelson (NE) Amdt. No. 182,"March 16, 2011,  10:34 AM",Amendment Agreed to (98-1)
42,Snowe Amdt. No. 193,"March 16, 2011,  11:02 AM",Amendment Agreed to (99-0)
43,Casey Amdt. No. 216,"March 16, 2011,  05:25 PM",Amendment Agreed to (99-0)
44,H.J.Res. 48,"March 17, 2011,  02:45 PM",Joint Resolution Passed (87-13)
45,"Confirmation Amy Berman Jackson, of the District of Columbia, to be U.S. District Judge","March 17, 2011,  03:12 PM",Nomination Confirmed (97-0)
46,"Confirmation Mae A. D'Agostino, of New York, to be U.S. District Judge","March 28, 2011,  05:35 PM",Nomination Confirmed (88-0)
47,"Confirmation Jimmie V. Reyna, of Maryland, to be United States Circuit Judge for the Federal Circuit","April 4, 2011,  05:32 PM",Nomination Confirmed (86-0)
48,Menendez Amdt. No. 284,"April 5, 2011,  12:11 PM","Amendment Rejected (41-58, 3/5 majority required)"
49,H.R. 4,"April 5, 2011,  12:37 PM","Bill Passed (87-12, 3/5 majority required)"
50,"Motion to Table Paul Motion to Commit S. 493, to Committee on Foreign Relations, with Instructions","April 5, 2011,  02:55 PM",Motion to Table Agreed to (90-10)
51,Baucus Amdt. No. 236,"April 6, 2011,  04:05 PM","Amendment Rejected (7-93, 3/5 majority required)"
52,Stabenow Amdt. No. 277,"April 6, 2011,  04:33 PM","Amendment Rejected (7-93, 3/5 majority required)"
53,Rockefeller Amdt. No. 215,"April 6, 2011,  04:50 PM","Amendment Rejected (12-88, 3/5 majority required)"
54,McConnell Amdt. No. 183,"April 6, 2011,  05:10 PM","Amendment Rejected (50-50, 3/5 majority required)"
55,Coburn Amdt. No. 281,"April 6, 2011,  05:26 PM","Amendment Agreed to (100-0, 3/5 majority required)"
56,Inouye Amdt. No. 286,"April 6, 2011,  05:42 PM","Amendment Rejected (57-43, 3/5 majority required)"
57,Coburn Amdt. No. 273,"April 6, 2011,  06:01 PM","Amendment Agreed to (64-36, 3/5 majority required)"
58,"Confirmation John A. Kronstadt, of California, to be United States District Judge","April 12, 2011,  12:03 PM",Nomination Confirmed (96-0)
59,H. Con. Res. 35,"April 14, 2011,  04:50 PM","Concurrent Resolution Rejected (47-53, 3/5 majority required)"
60,H. Con. Res. 36,"April 14, 2011,  05:14 PM","Concurrent Resolution Rejected (42-58, 3/5 majority required)"
61,H.R. 1473,"April 14, 2011,  05:28 PM","Bill Passed (81-19, 3/5 majority required)"
62,"Confirmation Kevin Hunter Sharp, of Tennessee, to be United States District Judge","May 2, 2011,  05:32 PM",Nomination Confirmed (89-0)
63,S. Res. 159,"May 3, 2011,  03:49 PM",Resolution Agreed to (97-0)
64,"Motion to Invoke Cloture on the Nomination of James Michael Cole, of the District of Columbia, to be Deputy Attorney General","May 9, 2011,  05:32 PM","Cloture Motion Rejected (50-40, 3/5 majority required)"
65,"Confirmation Edward Milton Chen, of California, to be U.S. District Judge for the Northern District of California","May 10, 2011,  05:16 PM",Nomination Confirmed (56-42)
66,"Confirmation Arenda L. Wright Allen, of Virginia, to be United States District Judge","May 11, 2011,  03:01 PM",Nomination Confirmed (96-0)
67,"Confirmation Michael Francis Urbanski, of Virginia, to be U.S. District Judge for the Western District of Virginia","May 12, 2011,  02:00 PM",Nomination Confirmed (94-0)
68,"Confirmation Susan L. Carney, of Connecticut, to be U.S. Circuit Judge","May 17, 2011,  12:15 PM",Nomination Confirmed (71-28)
69,Motion to Proceed to the Consideration of S. 940,"May 17, 2011,  06:17 PM","Motion to Proceed Rejected (52-48, 3/5 majority required)"
70,Motion to Proceed to the Consideration of S. 953,"May 18, 2011,  02:30 PM",Motion to Proceed Rejected (42-57)
71,"Motion to Invoke Cloture on the Nomination of Goodwin Liu, of California, to be U.S. Circuit Judge for the Ninth Circuit","May 19, 2011,  02:06 PM","Cloture Motion Rejected (52-43, 3/5 majority required)"
72,Motion to Invoke Cloture on the Motion to Proceed to Consider S. 1038,"May 23, 2011,  05:01 PM","Cloture on the Motion to Proceed Agreed to (74-8, 3/5 majority required)"
73,Motion to Table the Motion to Proceed to S. 1038,"May 24, 2011,  06:13 PM",Motion to Table Agreed to (74-13)
74,Motion to Proceed to Consider H. Con. Res. 34,"May 25, 2011,  05:22 PM",Motion to Proceed Rejected (40-57)
75,Motion to Proceed to Consider S. Con. Res. 18,"May 25, 2011,  05:44 PM",Motion to Proceed Rejected (0-97)
76,Motion to Proceed to Consider S. Con. Res. 21,"May 25, 2011,  06:08 PM",Motion to Proceed Rejected (42-55)
77,Motion to Proceed to Consider S. Con. Res. 20,"May 25, 2011,  06:23 PM",Motion to Proceed Rejected (7-90)
78,Motion to Invoke Cloture on the Motion to Concur in the House Amendment to S. 990 with Amdt. No. 347,"May 26, 2011,  10:01 AM","Cloture Motion Agreed to (79-18, 3/5 majority required)"
79,Motion to Table Paul Amdt. No. 363,"May 26, 2011,  04:34 PM",Motion to Table Agreed to (85-10)
80,Motion to Table Paul Amdt. No. 365,"May 26, 2011,  05:00 PM",Motion to Table Agreed to (91-4)
81,Motion to Concur in the House Amendment to S. 990 with Amdt. No. 347,"May 26, 2011,  05:16 PM",Motion Agreed to (72-23)
82,"Confirmation Donald B. Verrilli, Jr. to be Solicitor General of the U.S.","June 6, 2011,  05:31 PM",Nomination Confirmed (72-16)
83,Tester Amdt. No. 392,"June 8, 2011,  02:04 PM","Amendment Rejected (54-45, 3/5 majority required)"
84,Snowe Amdt. No. 390,"June 9, 2011,  02:14 PM","Amendment Rejected (53-46, 3/5 majority required)"
85,"Confirmation Claire C. Cecchi, of New Jersey, to be U.S. District Judge","June 14, 2011,  12:09 PM",Nomination Confirmed (98-0)
86,Motion to Invoke Cloture on the Coburn Amdt. No. 436,"June 14, 2011,  02:24 PM","Cloture Motion Rejected (40-59, 3/5 majority required)"
87,Feinstein Amdt. No. 476 As Modified,"June 16, 2011,  02:02 PM","Amendment Agreed to (73-27, 3/5 majority required)"
88,McCain Amdt. 411,"June 16, 2011,  02:25 PM","Amendment Rejected (41-59, 3/5 majority required)"
89,"Confirmation Michael H. Simon, of Oregon, to be U.S. District Judge","June 21, 2011,  12:10 PM",Nomination Confirmed (64-35)
90,"Confirmation Leon E. Panetta, of California, to be Secretary of Defense","June 21, 2011,  04:18 PM",Nomination Confirmed (100-0)
91,Motion to Invoke Cloture on S. 782,"June 21, 2011,  04:52 PM","Cloture Motion Rejected (49-51, 3/5 majority required)"
92,Vitter Amdt. No. 499,"June 23, 2011,  12:31 PM","Amendment Rejected (47-51, 3/5 majority required)"
93,DeMint Amdt. No. 510,"June 23, 2011,  02:02 PM",Amendment Rejected (41-57)
94,"Confirmation James Michael Cole, of the District of Columbia, to be Deputy Attorney General","June 28, 2011,  12:08 PM",Nomination Confirmed (55-42)
95,Motion to Instruct the Sgt At Arms to Request the Presence of Absentee Senators,"June 28, 2011,  06:02 PM",Motion Agreed to (44-40)
96,DeMint Amdt. No. 501,"June 29, 2011,  11:08 AM","Amendment Rejected (44-55, 3/5 majority required)"
97,DeMint Amdt. No. 511,"June 29, 2011,  11:35 AM",Amendment Rejected (25-74)
98,S. 679 as Amended,"June 29, 2011,  11:53 AM","Bill Passed (79-20, 3/5 majority required)"
99,Coburn Amdt. No. 521,"June 29, 2011,  06:11 PM","Amendment Rejected (63-34, 2/3 majority required)"
100,S. Res. 116 as Amended,"June 29, 2011,  06:36 PM",Resolution Agreed to (89-8)
101,"Confirmation David H. Petraeus, of New Hampshire, to be Director of the Central Intelligence Agency","June 30, 2011,  02:00 PM",Nomination Confirmed (94-0)
102,Motion to Instruct the Sergeant at Arms to Request Absent Senators,"July 5, 2011,  05:03 PM",Motion Agreed to (83-8)
103,Motion to Invoke Cloture on the Motion to Proceed to Consider S. 1323,"July 7, 2011,  09:59 AM","Cloture on the Motion to Proceed Agreed to (74-22, 3/5 majority required)"
104,Motion to Proceed to Consider S. 1323,"July 11, 2011,  05:36 PM",Motion to Proceed Agreed to (69-27)
105,Motion to Invoke Cloture on S. 1323,"July 13, 2011,  10:44 AM","Cloture Motion Rejected (51-49, 3/5 majority required)"
106,Motion to Invoke Cloture on the Motion to Proceed to H.R. 2055,"July 13, 2011,  11:10 AM","Cloture on the Motion to Proceed Agreed to (89-11, 3/5 majority required)"
107,Motion to Invoke Cloture on the Motion to Waive Section 303 of the Congressional Budget Act on H.R. 2055,"July 14, 2011,  03:38 PM","Cloture Motion Agreed to (71-26, 3/5 majority required)"
108,"Motion to Waive Section 303 of the Congressional Budget Act on H.R. 2055, any amendments thereto and motions thereon","July 14, 2011,  04:02 PM",Motion Agreed to (56-40)
109,"Confirmation J. Paul Oetken, of New York, to be U.S. District Judge for the Southern District of New York","July 18, 2011,  05:32 PM",Nomination Confirmed (80-13)
110,Motion to Table Vitter Amdt. No. 568,"July 20, 2011,  12:04 PM",Motion to Table Agreed to (69-30)
111,Motion to Table Coburn Amdt. No. 564,"July 20, 2011,  04:53 PM",Motion to Table Agreed to (69-30)
112,H.R. 2055 as Amended,"July 20, 2011,  05:23 PM",Bill Passed (97-2)
113,Motion to Table the Motion to Proceed to Consider H.R. 2560,"July 22, 2011,  10:05 AM",Motion to Table Agreed to (51-46)
114,"Confirmation Paul A. Engelmayer of New York, to be United States District Judge","July 26, 2011,  12:17 PM",Nomination Confirmed (98-0)
115,"Confirmation Robert S. Mueller, III, of California, to be Director of the Federal Bureau of Investigation","July 27, 2011,  04:04 PM",Nomination Confirmed (100-0)
116,Motion to Instruct the Sergeant at Arms to Request Absent Senators,"July 29, 2011,  07:10 PM",Motion Agreed to (76-23)
117,Motion to Table the Motion to Concur in the House Amendment to S. 627,"July 29, 2011,  08:00 PM",Motion to Table Agreed to (59-41)
118,Motion to Instruct the Sgt. At Arms to Request Absent Senators,"July 30, 2011,  05:39 PM",Motion Agreed to (75-20)
119,"Motion to Invoke Cloture on the Motion to Concur in the House Amendment to S. 627, with Amdt. No. 589","July 31, 2011,  01:01 PM","Cloture Motion Rejected (50-49, 3/5 majority required)"
120,Motion to Concur in the House Amendment to S. 365,"August 2, 2011,  12:16 PM","Motion Agreed to (74-26, 3/5 majority required)"
121,"Confirmation Bernice Bouie Donald, of Tennessee, to be U.S. Circuit Judge for the Sixth Circuit","September 6, 2011,  05:36 PM",Nomination Confirmed (96-2)
122,Motion to Invoke Cloture on the Motion to Proceed to H.R. 1249,"September 6, 2011,  06:05 PM","Cloture Motion Agreed to (93-5, 3/5 majority required)"
123,Sessions Amdt. No. 600,"September 8, 2011,  04:05 PM",Amendment Rejected (47-51)
124,Cantwell Amdt. No. 595,"September 8, 2011,  04:37 PM",Amendment Rejected (13-85)
125,Motion to Table Coburn Amdt. No. 599 as Modified,"September 8, 2011,  04:51 PM",Motion to Table Agreed to (50-48)
126,H.R. 1249,"September 8, 2011,  05:30 PM",Bill Passed (89-9)
127,Motion to Proceed to the Consideration of S.J.Res. 25,"September 8, 2011,  07:50 PM",Motion to Proceed Rejected (45-52)
128,Motion to Invoke Cloture on the Motion to Proceed to Consider H. J. Res. 66,"September 12, 2011,  05:31 PM","Cloture Motion Rejected (53-33, 3/5 majority required)"
129,Upon Reconsideration Cloture on the Motion to Proceed to Consider H.J.Res. 66,"September 13, 2011,  04:18 PM","Cloture on the Motion to Proceed Agreed to (61-38, 3/5 majority required)"
130,Coburn Amdt. No. 610,"September 15, 2011,  04:04 PM","Amendment Rejected (54-45, 3/5 majority required)"
131,Paul Amdt. No. 613,"September 15, 2011,  04:34 PM","Amendment Rejected (20-78, 3/5 majority required)"
132,Reid Amdt. No. 602,"September 15, 2011,  05:01 PM","Amendment Agreed to (62-37, 3/5 majority required)"
133,Paul Amdt. No. 621,"September 15, 2011,  05:31 PM","Amendment Rejected (14-84, 3/5 majority required)"
134,Paul Amdt. No. 622,"September 15, 2011,  05:51 PM","Amendment Rejected (36-61, 3/5 majority required)"
135,H.R. 2887,"September 15, 2011,  06:08 PM",Bill Passed (92-6)
136,Motion to Invoke Cloture on the Motion to Proceed to Consider H.R. 2832,"September 19, 2011,  05:31 PM","Cloture Motion Agreed to (84-8, 3/5 majority required)"
137,"Confirmation Timothy M. Cain, of South Carolina, to be U.S. District Judge for the District of South Carolina","September 20, 2011,  05:20 PM",Nomination Confirmed (99-0)
138,McConnell Amdt. No. 626 as Modified,"September 20, 2011,  05:49 PM","Amendment Rejected (45-55, 3/5 majority required)"
139,Hatch Amdt. No. 641,"September 21, 2011,  12:33 PM","Amendment Rejected (44-54, 3/5 majority required)"
140,McCain Amdt. No. 625,"September 21, 2011,  01:06 PM","Amendment Rejected (46-53, 3/5 majority required)"
141,Hatch Amdt. No. 642,"September 21, 2011,  05:05 PM","Amendment Rejected (40-57, 3/5 majority required)"
142,Kyl Amdt. No. 645,"September 21, 2011,  05:31 PM","Amendment Rejected (43-54, 3/5 majority required)"
143,Rubio Amdt. No. 651,"September 22, 2011,  04:34 PM","Amendment Rejected (34-62, 3/5 majority required)"
144,Thune Amdt. No. 650,"September 22, 2011,  05:02 PM","Amendment Rejected (44-52, 3/5 majority required)"
145,Cornyn Amdt. No. 634,"September 22, 2011,  05:33 PM","Amendment Rejected (48-48, 3/5 majority required)"
146,Casey Amdt. No. 633,"September 22, 2011,  05:53 PM","Amendment Agreed to (69-28, 3/5 majority required)"
147,H.R. 2832 as Amended,"September 22, 2011,  06:26 PM","Bill Passed (70-27, 3/5 majority required)"
148,Motion to Table the Motion to Concur in the House Amendment to the Senate Amendment to H.R. 2608 with an Amendment No. 655,"September 23, 2011,  11:16 AM",Motion to Table Agreed to (59-36)
149,Motion to Invoke Cloture on the Motion to Concur in the House Amdt. to the Senate Amdt. with an Amdt. No. 656,"September 26, 2011,  06:17 PM","Cloture Motion Rejected (54-35, 3/5 majority required)"
150,Motion to Concur in the House Amdt. to the Senate Amdt. with an Amdt. No. 665,"September 26, 2011,  06:55 PM","Motion Agreed to (79-12, 3/5 majority required)"
151,"Confirmation Henry F. Floyd, of South Carolina, to be United States Circuit Judge for the Fourth Circuit","October 3, 2011,  05:33 PM",Nomination Confirmed (96-0)
152,Motion to Invoke Cloture on the Motion to Proceed to Consider S. 1619.,"October 3, 2011,  05:59 PM","Cloture Motion Agreed to (79-19, 3/5 majority required)"
153,Motion to Invoke Cloture on S. 1619,"October 6, 2011,  10:32 AM","Cloture Motion Agreed to (62-38, 3/5 majority required)"
154,Shall the Decision of the Chair Stand as the Judgment of the Senate,"October 6, 2011,  06:41 PM",Decision of Chair Not Sustained (48-51)
155,"Confirmation Jane Margaret Triche-Milazzo, of Louisiana, to be U.S. District Judge.","October 11, 2011,  05:36 PM",Nomination Confirmed (98-0)
156,S.1619,"October 11, 2011,  06:05 PM",Bill Passed (63-35)
157,Motion to Invoke Cloture on the Motion to Proceed to S. 1660,"October 11, 2011,  06:34 PM","Cloture Motion Rejected (50-49, 3/5 majority required)"
158,H.R. 3080,"October 12, 2011,  07:17 PM",Bill Passed (83-15)
159,H.R. 3079,"October 12, 2011,  07:46 PM",Bill Passed (77-22)
160,H.R. 3078,"October 12, 2011,  08:05 PM",Bill Passed (66-33)
161,"Alison J. Nathan, of New York, to be United States District Judge","October 13, 2011,  02:00 PM",Nomination Confirmed (48-44)
162,"Susan Owens Hickey, of Arkansas, to be United States District Judge","October 13, 2011,  02:25 PM",Nomination Confirmed (83-8)
163,"Confirmation Cathy Bissoon, of Pennsylvania, to be United States District Judge","October 17, 2011,  05:31 PM",Nomination Confirmed (82-3)
164,"Cornyn Amendment No. 775, As Modified","October 18, 2011,  04:37 PM",Amendment Agreed to (99-0)
165,McCain Amendment No. 740,"October 18, 2011,  05:03 PM",Amendment Rejected (44-55)
166,"Confirmation Robert David Mariani, of Pennsylvania, to be United States District Judge","October 19, 2011,  12:10 PM",Nomination Confirmed (82-17)
167,Motion to Table McCain Amdt. No. 739,"October 19, 2011,  12:37 PM",Motion to Table Agreed to (59-39)
168,"Confirmation Heather A. Higginbottom, of D.C., to be Deputy Director of the Office of Management and Budget","October 20, 2011,  12:04 PM",Nomination Confirmed (64-36)
169,Vitter Amdt. No. 769 As Modified,"October 20, 2011,  12:31 PM","Amendment Rejected (45-55, 3/5 majority required)"
170,Webb Amdt. No. 750 As Modified,"October 20, 2011,  12:53 PM","Amendment Rejected (57-43, 3/5 majority required)"
171,Merkley Amdt. No. 879 As Modified,"October 20, 2011,  02:02 PM","Amendment Rejected (55-44, 3/5 majority required)"
172,Grassley Amdt. No. 860,"October 20, 2011,  02:34 PM","Amendment Rejected (46-54, 3/5 majority required)"
173,"Confirmation John Edgar Bryson, of California, to be Secretary of Commerce","October 20, 2011,  07:23 PM","Nomination Confirmed (74-26, 3/5 majority required)"
174,Motion to Invoke Cloture on the Motion to Proceed to S. 1723,"October 20, 2011,  09:55 PM","Cloture on the Motion to Proceed Rejected (50-50, 3/5 majority required)"
175,Motion to Invoke Cloture on the Motion to Proceed to S. 1726,"October 20, 2011,  10:24 PM","Cloture on the Motion to Proceed Rejected (57-43, 3/5 majority required)"
176,Vitter Amdt. No. 917,"October 20, 2011,  10:48 PM","Amendment Rejected (41-57, 3/5 majority required)"
177,Menendez Amdt. No. 857,"October 20, 2011,  11:06 PM","Amendment Agreed to (60-38, 3/5 majority required)"
178,Gillibrand Amdt. No. 869,"October 20, 2011,  11:35 PM",Amendment Agreed to (58-41)
179,Sessions Amdt. No. 810,"October 20, 2011,  11:59 PM","Amendment Rejected (41-58, 3/5 majority required)"
180,Coburn Amdt. No. 791,"October 21, 2011,  12:14 AM",Amendment Agreed to (84-15)
181,"Coburn Amdt. No. 792, As Modified","October 21, 2011,  12:30 AM","Amendment Rejected (59-40, 3/5 majority required)"
182,Coburn Amdt. No. 796,"October 21, 2011,  12:46 AM","Amendment Agreed to (73-26, 3/5 majority required)"
183,Ayotte Amdt. No. 753,"October 21, 2011,  01:04 AM","Amendment Rejected (47-52, 3/5 majority required)"
184,Motion to Invoke Cloture on the Inouye Amdt. No. 738,"October 21, 2011,  01:16 AM","Cloture Motion Agreed to (82-16, 3/5 majority required)"
185,"Confirmation Stephen A. Higginson, of Louisiana, to be U.S. Circuit Judge","October 31, 2011,  05:34 PM",Nomination Confirmed (88-0)
186,Coburn Amdt. No. 800,"November 1, 2011,  10:16 AM",Amendment Rejected (13-85)
187,Paul Amdt. No. 821,"November 1, 2011,  10:46 AM","Amendment Rejected (38-60, 3/5 majority required)"
188,DeMint Amdt. No. 763,"November 1, 2011,  11:05 AM",Amendment Rejected (44-54)
189,Coburn Amdt No.801,"November 1, 2011,  11:28 AM",Amendment Rejected (41-57)
190,Lee Motion to Recommit H.R. 2112 to the Committee on Appropriations,"November 1, 2011,  11:45 AM",Motion to Recommit Rejected (39-60)
191,H.R. 2112 as Amended,"November 1, 2011,  12:01 PM",Bill Passed (69-30)
192,Motion to Proceed to Consider S. 1769,"November 3, 2011,  02:59 PM","Motion to Proceed Rejected (51-49, 3/5 majority required)"
193,Motion to Proceed to Consider S. 1786,"November 3, 2011,  03:27 PM","Motion to Proceed Rejected (47-53, 3/5 majority required)"
194,"Scott Wesley Skavdahl, of Wyoming, to be U.S. District Judge","November 3, 2011,  03:43 PM",Nomination Confirmed (96-0)
195,Motion to Invoke Cloture on the Motion to Proceed to H.R. 674,"November 7, 2011,  05:33 PM","Cloture on the Motion to Proceed Agreed to (94-1, 3/5 majority required)"
196,"Evan Jonathan Wallach, of New York, to be United States Circuit Judge","November 8, 2011,  12:16 PM",Nomination Confirmed (99-0)
197,Motion to Proceed to S. J. Res. 6,"November 10, 2011,  12:08 PM",Motion to Proceed Rejected (46-52)
198,Motion to Proceed to S.J.Res. 27,"November 10, 2011,  12:37 PM",Motion to Proceed Rejected (41-56)
199,McCain Amdt. No. 928,"November 10, 2011,  01:49 PM","Amendment Rejected (40-56, 3/5 majority required)"
200,"Tester Amdt. No. 927, As Modified","November 10, 2011,  02:14 PM","Amendment Agreed to (94-1, 3/5 majority required)"
201,H.R. 674 As Amended,"November 10, 2011,  02:33 PM",Bill Passed (95-0)
202,Motion to Invoke Cloture on the Motion to Proceed to Consider H.R. 2354,"November 10, 2011,  02:52 PM","Cloture Motion Agreed to (81-14, 3/5 majority required)"
203,"Confirmation Sharon L. Gleason, of Alaska, to be U.S. District Judge","November 15, 2011,  12:02 PM",Nomination Confirmed (87-8)
204,"Confirmation Yvonne Gonzalez Rogers, of California, to be U.S. District Judge","November 15, 2011,  12:28 PM",Nomination Confirmed (89-6)
205,Conference Report to Accompany H.R. 2112,"November 17, 2011,  06:41 PM","Conference Report Agreed to (70-30, 3/5 majority required)"
206,"Confirmation Christopher Droney, of Connecticut, to be United States Circuit Judge for the Second Circuit","November 28, 2011,  05:33 PM",Nomination Confirmed (88-0)
207,Udall (CO) Amdt. No. 1107,"November 29, 2011,  02:35 PM",Amendment Rejected (38-60)
208,Paul Amdt. No. 1064,"November 29, 2011,  06:10 PM","Amendment Rejected (30-67, 3/5 majority required)"
209,Motion to Invoke Cloture on S. 1867,"November 30, 2011,  11:15 AM","Cloture Motion Agreed to (88-12, 3/5 majority required)"
210,Feinstein Amdt. No. 1125,"December 1, 2011,  02:02 PM",Amendment Rejected (45-55)
211,Feinstein Amdt. No. 1126,"December 1, 2011,  06:08 PM",Amendment Rejected (45-55)
212,Feinstein Amdt. No. 1456,"December 1, 2011,  06:36 PM",Amendment Agreed to (99-1)
213,Menendez Amdt. No. 1414,"December 1, 2011,  06:54 PM",Amendment Agreed to (100-0)
214,Sessions Amdt. No. 1274,"December 1, 2011,  07:24 PM",Amendment Rejected (41-59)
215,S. 1867 As Amended,"December 1, 2011,  08:02 PM",Bill Passed (93-7)
216,Motion to Proceed to Consider S. 1917,"December 1, 2011,  08:27 PM","Motion to Proceed Rejected (51-49, 3/5 majority required)"
217,Motion to Proceed to Consider S. 1931,"December 1, 2011,  08:46 PM","Motion to Proceed Rejected (20-78, 3/5 majority required)"
218,"Confirmation Edgardo Ramos, of Connecticut, to be U.S. District Judge for the Southern District of New York","December 5, 2011,  05:31 PM",Nomination Confirmed (89-0)
219,"Cloture on the Nomination of Caitlin Joan Halligan, of New York, to be U.S. Circuit Judge","December 6, 2011,  12:03 PM","Cloture Motion Rejected (54-45, 3/5 majority required)"
220,"Cloture on the Nomination of Richard Cordray, of Ohio, to be Director, Bureau of Consumer Financial Protection","December 8, 2011,  10:30 AM","Cloture Motion Rejected (53-45, 3/5 majority required)"
221,Motion to Proceed to S. 1944,"December 8, 2011,  02:31 PM","Motion to Proceed Rejected (50-48, 3/5 majority required)"
222,Motion to Proceed to S. 1931,"December 8, 2011,  02:59 PM","Motion to Proceed Rejected (22-76, 3/5 majority required)"
223,"Cloture on the Nomination of Norman L. Eisen, of the District of Columbia, to be Ambassador to the Czech Republic","December 12, 2011,  05:32 PM","Cloture Motion Agreed to (70-16, 3/5 majority required)"
224,"Cloture on the Nomination of Mari Carmen Aponte, of the District of Columbia, to be Ambassador to the Republic of El Salvador","December 12, 2011,  06:10 PM","Cloture Motion Rejected (49-37, 3/5 majority required)"
225,S.J.Res. 24,"December 14, 2011,  11:09 AM","Joint Resolution Defeated (21-79, 2/3 majority required)"
226,S.J.Res. 10,"December 14, 2011,  11:39 AM","Joint Resolution Defeated (47-53, 2/3 majority required)"
227,Conference Report To Accompany H.R. 1540,"December 15, 2011,  04:02 PM",Conference Report Agreed to (86-13)
228,"Confirmation Morgan Christen, of Alaska, to be U.S. Circuit Judge","December 15, 2011,  04:32 PM",Nomination Confirmed (95-3)
229,Reid-McConnell Amdt. No. 1465,"December 17, 2011,  09:21 AM","Amendment Agreed to (89-10, 3/5 majority required)"
230,H.R. 3672,"December 17, 2011,  10:03 AM","Bill Passed (72-27, 3/5 majority required)"
231,H. Con. Res. 94,"December 17, 2011,  10:22 AM","Concurrent Resolution Rejected (43-56, 3/5 majority required)"
232,Conference Report to Accompany H.R. 2055,"December 17, 2011,  10:44 AM","Conference Report Agreed to (67-32, 3/5 majority required)"
