,title,vote_date,vote_result
0,nomination-ann l. aiken to be u.s. district judge for the OR district,"January 28, 1998,  02:15 PM",Nomination Confirmed (67-30)
1,nomination-ann l. aiken to be u.s. district judge for the OR district,"January 28, 1998,  02:15 PM",Nomination Confirmed (67-30)
2,"nomination- carlos r. moreno, to be u.s. district judge of central CA","February 3, 1998,  12:01 PM",Nomination Confirmed (96-0)
3,"nomination- christine miller, for judge of u.s. court of fed'l claims","February 3, 1998,  12:29 PM",Nomination Confirmed (96-0)
4,robb amendment (SP 1575),"February 4, 1998,  10:37 AM",Amendment Rejected (35-63)
5,Motion to table reid amdt no. 1640,"February 4, 1998,  11:14 AM",Motion to Table Agreed to (62-36)
6,daschle amdt no. 1642,"February 4, 1998,  11:40 AM",Amendment Rejected (35-63)
7,s.1575,"February 4, 1998,  12:00 PM",Bill Passed (76-22)
8,cloture motion re: nomination of David Satcher,"February 10, 1998,  11:02 AM","Cloture on the Motion to Proceed Agreed to (75-23, 3/5 majority required)"
9,Nomination David Satcher (TN) to be Asst. Secretary of H.H.S. and Surgeon General,"February 10, 1998,  11:32 AM",Nomination Confirmed (63-35)
10,motion to invoke cloture on motion to proceed to consider s.1601,"February 11, 1998,  10:02 AM","Cloture Motion Rejected (42-54, 3/5 majority required)"
11,nomination-margaret m. morrow to be u.s. district judge-central CA,"February 11, 1998,  06:00 PM",Nomination Confirmed (67-28)
12,MOTION TO TABLE MCCAIN AMDT NO. 1646,"February 24, 1998,  04:00 PM",Motion to Table Failed (48-51)
13,Shall the bill pass,"February 25, 1998,  06:09 PM","Veto Overridden (78-20, 2/3 majority required)"
14,motion to table snowe amendment no. 1647,"February 25, 1998,  06:34 PM",Motion to Table Failed (47-50)
15,motion to table mccain amendment no. 1646 as amended,"February 25, 1998,  07:07 PM",Motion to Table Failed (48-50)
16,motion to invoke cloture on mccain amendment no. 1646 as amended,"February 26, 1998,  11:01 AM","Cloture Motion Rejected (51-48, 3/5 majority required)"
17,motion to invoke cloture on s.1663,"February 26, 1998,  11:25 AM","Cloture Motion Rejected (45-54, 3/5 majority required)"
18,nomination richard l young to be us district judge,"March 2, 1998,  05:39 PM",Nomination Confirmed (81-0)
19,motion to table wellstone amendment no. 1679,"March 3, 1998,  03:56 PM",Motion to Table Agreed to (54-43)
20,DeWine/Lautenberg amendment (sp1682),"March 4, 1998,  10:31 AM",Amendment Agreed to (62-32)
21,dorgan amendment no. 1697,"March 5, 1998,  10:40 AM",Amendment Agreed to (52-47)
22,bingaman amendment no. 1696 as modified,"March 5, 1998,  11:05 AM",Amendment Rejected (43-56)
23,motion to table mcconnell amdt no 1708,"March 6, 1998,  11:00 AM",Motion to Table Agreed to (58-37)
24,Passage,"March 9, 1998,  05:32 PM",Bill Passed (93-1)
25,"D'Amato amdt. no. 1931, as amended","March 10, 1998,  05:45 PM",Amendment Agreed to (96-4)
26,motion to waive CBA re: mack amdt no. 1906,"March 11, 1998,  03:42 PM","Motion Rejected (18-80, 3/5 majority required)"
27,motion to table McCain amdt no. 1968,"March 11, 1998,  04:22 PM",Motion to Table Agreed to (71-26)
28,"motion to invoke cloture on chafee amdt no. 1676, as amended","March 11, 1998,  06:00 PM","Cloture Motion Agreed to (96-3, 3/5 majority required)"
29,McCain amdt no. 1726,"March 12, 1998,  10:47 AM",Amendment Agreed to (78-22)
30,"chafee amdt no. 1676, as amended","March 12, 1998,  02:15 PM",Amendment Agreed to (96-4)
31,S.RES.187,"March 12, 1998,  03:51 PM",Resolution Agreed to (95-5)
32,"S. Con. Res. 78, as amended","March 13, 1998,  09:33 AM",Concurrent Resolution Agreed to (93-0)
33,"Jeremy Fogel, to be U.S. District Judge","March 16, 1998,  05:30 PM",Nomination Confirmed (90-0)
34,motion to invoke cloture on the motion to proceed,"March 17, 1998,  12:15 PM","Cloture Motion Agreed to (74-24, 3/5 majority required)"
35,"susan graber, of oregon, to be U.S. Circuit Judge for the 9th Circuit","March 17, 1998,  02:15 PM",Nomination Confirmed (98-0)
36,motion to proceed to exec session to consider NATO protocols,"March 18, 1998,  12:43 PM",Motion to Proceed Agreed to (55-44)
37,S. Con. Res. 85,"March 18, 1998,  05:46 PM",Concurrent Resolution Agreed to (98-0)
38,motion to invoke cloture on h.r.2646,"March 19, 1998,  05:15 PM","Cloture Motion Rejected (55-44, 3/5 majority required)"
39,Motion to table Amdt. No. 2063,"March 23, 1998,  05:35 PM",Motion to Table Agreed to (61-31)
40,motion to table gramm amdt no 2104,"March 24, 1998,  04:58 PM",Motion to Table Agreed to (76-24)
41,Motion to table Feingold Amdt. No. 2121,"March 25, 1998,  01:55 PM",Motion to Table Agreed to (92-8)
42,motion to table nickles amdt no 2131,"March 25, 1998,  03:26 PM",Motion to Table Agreed to (68-31)
43,helms amdt no. 2130,"March 25, 1998,  06:30 PM",Amendment Agreed to (90-10)
44,MCCONNELLAMDT NO 2100,"March 26, 1998,  11:51 AM",Amendment Agreed to (84-16)
45,motion to table kennedy amdt no. 2164,"March 26, 1998,  04:31 PM",Motion to Table Agreed to (51-49)
46,fourth motion to invoke cloture: h.r.2646,"March 26, 1998,  05:33 PM","Cloture Motion Rejected (58-42, 3/5 majority required)"
47,s.j.res.42,"March 26, 1998,  07:25 PM",Joint Resolution Defeated (45-54)
48,nomination M.Margaret McKeown of WA to be us circuit judge 9th circui,"March 27, 1998,  09:04 AM",Nomination Confirmed (80-11)
49,sessions amdt no 2166,"March 31, 1998,  10:29 AM",Amendment Agreed to (96-0)
50,motion to waive cba re: murray amdt no. 2165,"March 31, 1998,  02:20 PM","Motion Rejected (46-52, 3/5 majority required)"
51,Gregg Amdt. No.2168,"March 31, 1998,  04:01 PM",Amendment Agreed to (79-19)
52,motion to wave C.B.A. Re: Dodd amdt No.2173,"March 31, 1998,  04:28 PM","Motion Rejected (50-48, 3/5 majority required)"
53,Kyl amdt. no. 2169,"April 1, 1998,  12:09 PM",Amendment Agreed to (51-47)
54,Motion to wave CBA Conrad Amdt No.2174,"April 1, 1998,  02:13 PM","Motion Rejected (46-54, 3/5 majority required)"
55,Motion to wave CBA Re: Coverdell Amdt No.2199,"April 1, 1998,  02:39 PM","Motion Rejected (38-62, 3/5 majority required)"
56,Roth Amdt. No. 2209,"April 1, 1998,  05:21 PM",Amendment Agreed to (51-49)
57,Motion to table Moseley-Braun Amdt No. 2175,"April 1, 1998,  07:24 PM",Motion to Table Agreed to (54-46)
58,Motion to wave CBA Re: Hollings and No.2193,"April 1, 1998,  07:53 PM","Motion Rejected (42-58, 3/5 majority required)"
59,Faircloth Amdt. No.2251,"April 1, 1998,  07:53 PM",Amendment Agreed to (99-0)
60,Motion to wave CBA Re: Craig Amdt. No.2211,"April 1, 1998,  08:30 PM","Motion Rejected (54-45, 3/5 majority required)"
61,Nom.-G. Patrick Murphy of Il. to be U.S. Dist. Judge - Southern Dist.,"April 2, 1998,  09:09 AM",Nomination Confirmed (98-1)
62,Hutchison Amdt. No.2279,"April 2, 1998,  09:50 AM",Amendment Agreed to (59-40)
63,Motion to table Dorgan Amdt. No.2280,"April 2, 1998,  10:18 AM",Motion to Table Failed (1-98)
64,Motion to waive CBA Re: Allard Amdt. No.2170,"April 2, 1998,  10:41 AM","Motion Rejected (53-45, 3/5 majority required)"
65,Motion to waive CBA Re: Lautenberg Amdt. No. 2195,"April 2, 1998,  11:04 AM","Motion Rejected (47-52, 3/5 majority required)"
66,Bond amdt. No. 2213,"April 2, 1998,  11:24 AM",Amendment Agreed to (97-2)
67,Motion to table Bumpers Amdt. No.2228,"April 2, 1998,  11:43 AM",Motion to Table Agreed to (55-44)
68,Brownback Amdt. No.2177,"April 2, 1998,  04:57 PM",Amendment Agreed to (52-46)
69,Motion to waive CBA re: Lautenberg Amdt. No.2244,"April 2, 1998,  05:29 PM","Motion Rejected (42-55, 3/5 majority required)"
70,"Motion to table Specter amdt. no. 2254, as modified","April 2, 1998,  05:48 PM",Motion to Table Agreed to (57-41)
71,kyl amdt no. 2221,"April 2, 1998,  06:04 PM",Amendment Agreed to (50-48)
72,nickles amdt no. 2282,"April 2, 1998,  06:21 PM",Amendment Agreed to (98-0)
73,Motion to table Kennedy Amdt. No.2183,"April 2, 1998,  06:35 PM",Motion to Table Agreed to (51-47)
74,Hutchison Amdt. No.2208,"April 2, 1998,  06:50 PM",Amendment Agreed to (53-45)
75,Rockefeller Amdt. No.2284,"April 2, 1998,  07:07 PM",Amendment Agreed to (98-0)
76,Domenici Amdt. No.2283,"April 2, 1998,  07:22 PM",Amendment Agreed to (52-46)
77,Grams Amdt. No.2222,"April 2, 1998,  07:40 PM",Amendment Agreed to (50-48)
78,motion to table amdt no. 2184,"April 2, 1998,  07:57 PM",Motion to Table Agreed to (54-44)
79,kempthorne amdt no. 2285,"April 2, 1998,  08:26 PM",Amendment Agreed to (55-43)
80,motion to waive re: nickles amdt no. 2257,"April 2, 1998,  08:43 PM","Motion Rejected (59-39, 3/5 majority required)"
81,Motion to table Murray Amdt. No.2216,"April 2, 1998,  09:13 PM",Motion to Table Agreed to (55-43)
82,Motion to waive CBA Feingold Amdt. No.2224,"April 2, 1998,  09:29 PM","Motion Rejected (47-51, 3/5 majority required)"
83,Motion to waive Robb Amdt. No.2232,"April 2, 1998,  09:50 PM","Motion Rejected (31-67, 3/5 majority required)"
84,s.con.res.86 as amended,"April 2, 1998,  10:13 PM",Concurrent Resolution Agreed to (57-41)
85,Motion to table Gorton Amdt No. 2287,"April 21, 1998,  10:02 AM",Motion to Table Agreed to (72-25)
86,Motion to table Kennedy Amdt. No. 2289,"April 21, 1998,  10:32 AM",Motion to Table Agreed to (56-41)
87,Motion to table Glenn Amdt. No. 2017,"April 21, 1998,  02:35 PM",Motion to Table Agreed to (60-38)
88,"Mack Amdt. No.2288, as amended","April 21, 1998,  03:02 PM",Amendment Agreed to (63-35)
89,Hutchison Amdt No.2291,"April 21, 1998,  03:24 PM",Amendment Agreed to (69-29)
90,Motion to table Moseley-Braun Amdt. No.2292,"April 21, 1998,  04:48 PM",Motion to Table Agreed to (56-42)
91,Gorton Amdt. No.2293,"April 22, 1998,  03:48 PM",Amendment Agreed to (50-49)
92,Hutchinson Amdt. No.2296,"April 22, 1998,  04:15 PM",Amendment Agreed to (99-0)
93,Murray Amdt. No.2295,"April 22, 1998,  04:33 PM",Amendment Rejected (49-50)
94,Ashcroft Amdt. No.2300,"April 22, 1998,  04:54 PM",Amendment Agreed to (52-47)
95,Coats Amdt. No.2297,"April 23, 1998,  09:37 AM",Amendment Rejected (46-54)
96,"Kempthorne Amdt. No.2302, as modified","April 23, 1998,  10:05 AM",Amendment Agreed to (58-42)
97,Landrieu Amdt. No.2301,"April 23, 1998,  10:26 AM",Amendment Rejected (34-66)
98,Motion to waive C.B.A. Re: Dodd Amdt. No. 2305,"April 23, 1998,  11:44 AM","Motion Rejected (46-53, 3/5 majority required)"
99,Motion to table Levin Amdt. No.2303,"April 23, 1998,  02:23 PM",Motion to Table Agreed to (61-39)
100,Boxer Amdt. No.2306,"April 23, 1998,  02:50 PM",Amendment Rejected (49-51)
101,Bingaman Amdt. No. 2308,"April 23, 1998,  03:14 PM",Amendment Agreed to (74-26)
102,H.R.2646 as amended,"April 23, 1998,  07:38 PM",Bill Passed (56-43)
103,s.con.res.90,"April 23, 1998,  08:01 PM",Resolution Agreed to (97-0)
104,Nomination - Scott Fleming to be assistant secretary of DOE,"April 27, 1998,  06:00 PM",Nomination Confirmed (92-0)
105,H.R.1757 Conference Report,"April 28, 1998,  02:29 PM",Conference Report Agreed to (51-49)
106,Harkin Amdt. No.2312,"April 28, 1998,  02:54 PM",Amendment Rejected (24-76)
107,Kyl Ex. Amdt. No.2310,"April 28, 1998,  05:01 PM",Amendment Agreed to (90-9)
108,Smith Amdt. No.2314,"April 29, 1998,  11:53 AM",Amendment Agreed to (97-0)
109,Hutchison Executive Amdt. No.2317,"April 29, 1998,  05:01 PM",Amendment Rejected (37-62)
110,Craig Amdt. No.2316,"April 30, 1998,  03:26 PM",Amendment Rejected (20-80)
111,Moynihan Amdt. No.2321,"April 30, 1998,  03:59 PM",Amendment Rejected (17-83)
112,Warner Amdt. No.2322,"April 30, 1998,  04:18 PM",Amendment Rejected (41-59)
113,Conrad Executive Amdt. No.2320,"April 30, 1998,  07:05 PM",Amendment Rejected (16-84)
114,Motion to table Ashcroft Amdt. No.2318,"April 30, 1998,  07:30 PM",Motion to Table Agreed to (82-18)
115,Bingaman Amdt. No.2324,"April 30, 1998,  07:55 PM",Amendment Rejected (23-76)
116,Smith Amdt. No.2328,"April 30, 1998,  09:51 PM",Amendment Rejected (16-83)
117,Res. of Ratification to Treaty Doc. No.105-36,"April 30, 1998,  10:25 PM","Resolution of Ratification Agreed to (80-19, 2/3 majority required)"
118,Conference Report on H.R.3579,"April 30, 1998,  10:44 PM",Conference Report Agreed to (88-11)
119,H.R.1385 as amended,"May 5, 1998,  05:30 PM",Bill Passed (91-7)
120,Roth Amdt. No.2339,"May 6, 1998,  10:35 AM",Amendment Agreed to (56-42)
121,bond amdt no. 2341,"May 6, 1998,  01:18 PM",Amendment Rejected (25-74)
122,Thompson Amdt. No.2356,"May 7, 1998,  10:00 AM",Amendment Rejected (42-57)
123,Faircloth Amdt. No.2360,"May 7, 1998,  10:48 AM",Amendment Rejected (35-64)
124,Mack Amdt. No.2372,"May 7, 1998,  03:29 PM",Amendment Rejected (40-59)
125,Motion to waive CBA RE: Coverdell amdt. No.2353,"May 7, 1998,  06:12 PM","Motion Rejected (37-60, 3/5 majority required)"
126,h.r.2676,"May 7, 1998,  06:35 PM",Bill Passed (97-0)
127,"H.R. 1273, as amended","May 12, 1998,  12:18 PM",Bill Passed (99-0)
128,Motion to recommit to conference - S.1150,"May 12, 1998,  03:21 PM",Motion to Recommit Rejected (23-77)
129,Conference Report,"May 12, 1998,  04:04 PM",Conference Report Agreed to (92-8)
130,S.1618 as amended,"May 12, 1998,  06:27 PM",Bill Passed (99-0)
131,Motion to invoke cloture on motion to proceed s.1873,"May 13, 1998,  11:39 AM","Cloture on the Motion to Proceed Rejected (59-41, 3/5 majority required)"
132,s.1244 as amended,"May 13, 1998,  12:17 PM",Bill Passed (100-0)
133,Motion to table Re: Sarbanes Amdt. No. 2395,"May 13, 1998,  05:28 PM",Motion to Table Agreed to (69-30)
134,Motion to table Sarbanes Amdt. No.2396,"May 13, 1998,  05:52 PM",Motion to Table Agreed to (72-27)
135,S.1260 as amended,"May 13, 1998,  06:30 PM",Bill Passed (79-21)
136,Motion to table Hutchinson Amdt. No.2387,"May 14, 1998,  03:02 PM",Motion to Table Failed (24-76)
137,S.2037 as amended,"May 14, 1998,  05:51 PM",Bill Passed (99-0)
138,Motion to table Kennedy Amdt. No.2418,"May 18, 1998,  05:51 PM",Motion to Table Agreed to (60-38)
139,Motion to table Kennedy Amdt. No. 2417,"May 18, 1998,  06:18 PM",Motion to Table Agreed to (59-39)
140,Motion to table Bumpers amdt. No.2416,"May 18, 1998,  06:36 PM",Motion to Table Agreed to (74-24)
141,S.1723 as amended,"May 18, 1998,  06:51 PM",Bill Passed (78-20)
142,Motion to table Faircloth Amdt. No.2421,"May 19, 1998,  05:02 PM",Motion to Table Agreed to (58-39)
143,Motion to table Ashcroft Amdt. No.2427,"May 20, 1998,  03:22 PM",Motion to Table Agreed to (72-26)
144,Motion to table Kennedy Amdt. No.2422,"May 20, 1998,  04:00 PM",Motion to Table Agreed to (58-40)
145,Motion to table Gregg Amdt No.2433,"May 21, 1998,  03:35 PM",Motion to Table Failed (37-61)
146,H.R.2709 as amended,"May 22, 1998,  01:12 PM",Bill Passed (90-4)
147,Conference Report H.R.2400,"May 22, 1998,  03:43 PM",Conference Report Agreed to (88-5)
148,Motion to invoke cloture on motion to proceed to consider h.r.1270,"June 2, 1998,  05:04 PM","Cloture on the Motion to Proceed Rejected (56-39, 3/5 majority required)"
149,Motion to table amdt. no.2438,"June 4, 1998,  05:45 PM",Motion to Table Failed (29-66)
150,Motion to Invoke Cloture on Modified Committee Substitute to S.1415,"June 9, 1998,  02:15 PM","Cloture Motion Rejected (42-56, 3/5 majority required)"
151,"Coverdell Amdt. No. 2451, as modified","June 9, 1998,  06:14 PM",Amendment Agreed to (52-46)
152,Daschle Amdt. No. 2634,"June 9, 1998,  06:40 PM",Amendment Rejected (45-53)
153,Motion to Invoke Cloture on Modified Committee Substitute on S.1415,"June 10, 1998,  11:04 AM","Cloture Motion Rejected (43-55, 3/5 majority required)"
154,Motion to Table Gramm Amdt. No. 2686 as Modified,"June 10, 1998,  06:44 PM",Motion to Table Failed (48-50)
155,Motion to Table Daschle Amdt. No. 2688,"June 10, 1998,  07:12 PM",Motion to Table Agreed to (55-43)
156,Motion to invoke cloture on modified Committee substitute,"June 11, 1998,  12:01 PM","Cloture Motion Rejected (43-56, 3/5 majority required)"
157,Motion to Table Kerry Amdt. No. 2689,"June 11, 1998,  02:10 PM",Motion to Table Failed (33-66)
158,Motion to Table Faircloth Amdt. No. 2701,"June 11, 1998,  05:45 PM",Motion to Table Agreed to (50-45)
159,Motion to Table Reed Amdt. No. 2702,"June 15, 1998,  05:11 PM",Motion to Table Failed (47-47)
160,Gorton Amdt. No. 2705,"June 16, 1998,  02:32 PM",Amendment Agreed to (49-48)
161,Motion to Invoke Cloture on Modified Committee Substitute to S.1415,"June 17, 1998,  05:19 PM","Cloture Motion Rejected (57-42, 3/5 majority required)"
162,Motion to Waive CBA RE: S.1415,"June 17, 1998,  05:55 PM","Motion Rejected (53-46, 3/5 majority required)"
163,Motion to Instruct Sgt-at-Arms to Request Attendance of Absentees,"June 18, 1998,  10:36 AM",Motion for Attendance Agreed to (96-2)
164,Motion to Table Motion to Waive CBA RE: AMDT. No. 2138,"June 18, 1998,  11:13 AM",Motion to Table Agreed to (54-44)
165,"s.2138, as amended","June 18, 1998,  04:09 PM",Bill Passed (98-1)
166,Nomination - Susan Oki Mollway U.S. Dist. Judge Central Dist. Hawaii,"June 22, 1998,  05:12 PM",Nomination Confirmed (56-34)
167,motion to table warner for hutchinson amdt no. 2737,"June 23, 1998,  10:27 AM",Motion to Table Failed (14-82)
168,Motion to Table Division I of Amdt. No. 2737,"June 23, 1998,  12:28 PM",Motion to Table Failed (0-96)
169,H.R.2646 Conference Report,"June 24, 1998,  11:51 AM",Conference Report Agreed to (59-36)
170,"Thurmond Amdt. No. 2975, as amended","June 24, 1998,  03:50 PM",Amendment Agreed to (90-5)
171,"motion to table smith amdt no 2912, as modified","June 24, 1998,  05:06 PM",Motion to Table Agreed to (65-31)
172,Snowe Amdt. No.2979,"June 24, 1998,  08:01 PM",Amendment Agreed to (56-37)
173,Wellstone Amdt. No.2902,"June 25, 1998,  10:01 AM",Amendment Rejected (18-74)
174,Inhofe Amdt. No.2981,"June 25, 1998,  10:44 AM",Amendment Agreed to (48-45)
175,harkin amdt no. 2982,"June 25, 1998,  11:29 AM",Amendment Rejected (38-55)
176,Murray Amdt. No.2794,"June 25, 1998,  04:36 PM",Amendment Rejected (44-49)
177,Motion to Table Reid Amdt. No.3009,"June 25, 1998,  05:07 PM",Motion to Table Agreed to (49-44)
178,Feingold Amdt. No.2808,"June 25, 1998,  08:48 PM",Amendment Rejected (20-72)
179,Bumpers Amdt. No.3012,"June 25, 1998,  09:10 PM",Amendment Rejected (19-73)
180,byrd amdt no 3011,"June 25, 1998,  10:07 PM",Amendment Rejected (39-53)
181,S.2057 as amended,"June 25, 1998,  08:46 PM",Bill Passed (88-4)
182,"Nomination A. Howard Matz to be U.S. Dist. Judge, Central Dist. of CA","June 26, 1998,  10:18 AM",Nomination Confirmed (85-0)
183,"Nomination Victoria Roberts to be U.S. Dist. Judge, Eastern Dist.of M","June 26, 1998,  10:45 AM",Nomination Confirmed (85-0)
184,Motion to Invoke Cloture on Motion to Proceed to Consider S.648,"July 7, 1998,  09:35 AM","Cloture Motion Agreed to (71-24, 3/5 majority required)"
185,Bumpers Amdt. No. 3062,"July 7, 1998,  06:32 PM",Amendment Rejected (33-66)
186,Motion to Table Dorgan Appeal Chair Ruling RE: Conf Rpt to H.R.2676,"July 8, 1998,  03:59 PM",Motion to Table Agreed to (76-22)
187,Motion to Table Murray Appeal of Chair Ruling RE: Conf. Rprt. H.R.267,"July 8, 1998,  05:46 PM",Motion to Table Agreed to (50-48)
188,motion to invoke cloture lott amdt no. 3064 to s. 648,"July 9, 1998,  10:12 AM","Cloture Motion Rejected (51-47, 3/5 majority required)"
189,H.R.2676 Conference Report,"July 9, 1998,  10:36 AM",Conference Report Agreed to (96-2)
190,s. 2282 as amended,"July 9, 1998,  04:12 PM",Bill Passed (98-0)
191,wellstone amdt no. 3111,"July 9, 1998,  05:25 PM",Amendment Agreed to (56-42)
192,kennedy amdt no. 3119,"July 9, 1998,  09:55 PM",Amendment Rejected (39-58)
193,bingaman amdt no. 3116,"July 9, 1998,  10:23 PM",Amendment Rejected (23-74)
194,Harkin Amdt. No. 3118,"July 9, 1998,  10:41 PM",Amendment Rejected (41-56)
195,"h.r.6, as amended","July 9, 1998,  10:57 PM",Bill Passed (96-1)
196,S.CON.RES.107,"July 10, 1998,  09:36 AM",Concurrent Resolution Agreed to (92-0)
197,motion to invoke cloture on motion to proceed to S. 2271,"July 13, 1998,  05:50 PM","Cloture Motion Rejected (52-42, 3/5 majority required)"
198,motion to waive cba re: daschle amdt no. 2729,"July 14, 1998,  10:10 AM","Motion Rejected (43-55, 3/5 majority required)"
199,Daschle Amdt No. 3127,"July 14, 1998,  05:15 PM",Amendment Agreed to (99-0)
200,motion to table Daschle Amdt No. 3146,"July 15, 1998,  02:01 PM",Motion to Table Agreed to (56-43)
201,motion to table Lugar Amdt No 3156,"July 15, 1998,  06:02 PM",Motion to Table Agreed to (53-46)
202,motion to table Bryan Amdt No. 3157,"July 15, 1998,  06:33 PM",Motion to Table Agreed to (70-29)
203,Motion to table Dodd Amdt. No. 3158,"July 15, 1998,  08:47 PM",Motion to Table Failed (38-60)
204,Motion to table Torricelli Amdt. No. 3160,"July 15, 1998,  09:28 PM",Motion to Table Failed (30-67)
205,Motion to table Kerrey Amdt. No. 3161,"July 15, 1998,  09:57 PM",Motion to Table Failed (49-49)
206,Grassley Amdt. No. 3172,"July 16, 1998,  11:41 AM",Amendment Agreed to (71-28)
207,Harkin Amdt No. 3175,"July 16, 1998,  05:03 PM",Amendment Agreed to (65-34)
208,motion to waive cba re: Harkin Amdt No 3193,"July 16, 1998,  07:00 PM","Motion Rejected (49-50, 3/5 majority required)"
209,H.R.4101,"July 16, 1998,  07:35 PM",Bill Passed (97-2)
210,motion to waive cba re: Wellstone Amdt No. 3199,"July 17, 1998,  09:10 AM","Motion Rejected (54-40, 3/5 majority required)"
211,motion to table Nickles Amdt. No 3202,"July 17, 1998,  09:40 AM",Motion to Table Agreed to (69-27)
212,motion to table Sessions Amdt No. 3206,"July 17, 1998,  10:01 AM",Motion to Table Agreed to (58-37)
213,motion to invoke cloture on H.R. 4112,"July 21, 1998,  10:01 AM","Cloture Motion Agreed to (83-16, 3/5 majority required)"
214,"h.r.4112, as amended","July 21, 1998,  10:37 AM",Bill Passed (90-9)
215,Craig Amdt no. 3238,"July 21, 1998,  04:51 PM",Amendment Agreed to (72-28)
216,motion to table Boxer amdt no 3230,"July 21, 1998,  05:18 PM",Motion to Table Agreed to (61-39)
217,Smith (NH) Amdt No. 3234,"July 21, 1998,  06:01 PM",Amendment Agreed to (69-31)
218,"Bumpers Amdt No. 3243, as modified","July 22, 1998,  09:40 AM",Amendment Rejected (41-59)
219,Graham Amdt No 3244,"July 22, 1998,  10:09 AM",Amendment Agreed to (56-44)
220,motion to table Sessions Amdt No 3245,"July 22, 1998,  12:14 PM",Motion to Table Agreed to (64-36)
221,Gregg Amdt no 3255,"July 22, 1998,  04:13 PM",Amendment Agreed to (55-45)
222,Hollings Amdt No 3254,"July 22, 1998,  04:38 PM",Amendment Rejected (47-53)
223,McCain Amdt No 3257,"July 22, 1998,  09:33 PM",Amendment Rejected (47-53)
224,motion to table Durbin Amdt No 3260,"July 22, 1998,  10:05 PM",Motion to Table Agreed to (69-31)
225,Bumpers Amdt No. 3263,"July 22, 1998,  10:24 PM",Amendment Rejected (50-50)
226,Motion to table the motion to reconsider Bumpers Amdt. No. 3263,"July 22, 1998,  10:38 PM",Motion to Table Motion to Reconsider Agreed to (51-49)
227,motion to table Feingold Amdt no. 3264,"July 22, 1998,  11:03 PM",Motion to Table Agreed to (63-36)
228,Craig Amdt. No. 3268,"July 23, 1998,  09:16 AM",Amendment Rejected (18-82)
229,Kyl Amdt. No. 3266,"July 23, 1998,  10:47 AM",Amendment Agreed to (90-10)
230,Nickles Amdt no 3272,"July 23, 1998,  12:30 PM",Amendment Agreed to (53-47)
231,Motion to Table Kerry Amdt. No. 3276,"July 23, 1998,  01:08 PM",Motion to Table Failed (34-66)
232,Lieberman Amdt. No. 3280,"July 23, 1998,  01:32 PM",Amendment Agreed to (98-2)
233,Smith Amdt. No. 3258 as amended.,"July 23, 1998,  03:16 PM",Amendment Agreed to (68-31)
234,S.2260 as amended.,"July 23, 1998,  03:41 PM",Bill Passed (99-0)
235,"S. 2307, as amended","July 24, 1998,  09:18 AM",Bill Passed (90-1)
236,Motion to Table Gramm Amdt. No. 3336,"July 27, 1998,  05:33 PM",Motion to Table Failed (44-50)
237,Motion to Table Hagel Amdt. No. 3337,"July 27, 1998,  06:09 PM",Motion to Table Agreed to (53-42)
238,motion to table Shelby Amdt no 3338,"July 28, 1998,  10:06 AM",Motion to Table Agreed to (59-39)
239,"h.r.1151, as amended","July 28, 1998,  10:35 AM",Bill Passed (92-6)
240,Motion to Table Feinstein Amdt. No. 3351,"July 28, 1998,  12:47 PM",Motion to Table Agreed to (54-44)
241,motion to waive cba re: Hutchinson Amdt no. 3249,"July 28, 1998,  06:30 PM","Motion Rejected (49-49, 3/5 majority required)"
242,Motion to Table Brownback Amdt. No. 3359,"July 29, 1998,  11:34 AM",Motion to Table Failed (48-51)
243,Motion to Table Amdt. No. 3365,"July 29, 1998,  03:36 PM",Motion to Table Agreed to (57-42)
244,Harkin Amdt. No. 3374,"July 29, 1998,  05:29 PM",Amendment Rejected (46-53)
245,Motion to Table Baucus Amdt. No. 3378,"July 29, 1998,  07:16 PM",Motion to Table Failed (21-76)
246,motion to table McConnell Amdt no. 3379,"July 30, 1998,  02:05 PM",Motion to Table Failed (45-54)
247,motion to table Feingold Amdt no. 3397,"July 30, 1998,  03:18 PM",Motion to Table Agreed to (80-19)
248,motino to table Hutchinson Amdt no. 3124,"July 30, 1998,  03:51 PM",Motion to Table Failed (29-70)
249,motion to table Hutchison Amdt no. 3413,"July 30, 1998,  05:42 PM",Motion to Table Agreed to (68-31)
250,Hutchinson Amdt no. 3419,"July 30, 1998,  06:06 PM",Amendment Agreed to (99-0)
251,Motion to Table Durbin Amdt. No. 3465,"July 30, 1998,  08:00 PM",Motion to Table Agreed to (84-15)
252,H.R.4103 as amended,"July 30, 1998,  09:51 PM",Bill Passed (97-2)
253,H.R.4059 Conference Report,"September 1, 1998,  09:39 AM",Conference Report Agreed to (87-3)
254,Specter Amdt no. 3506,"September 1, 1998,  06:04 PM",Amendment Agreed to (49-44)
255,H.R. 629 Conference Report,"September 2, 1998,  10:23 AM",Conference Report Agreed to (78-15)
256,motion to table Kyl amdt no 3522,"September 2, 1998,  12:45 PM",Motion to Table Agreed to (74-19)
257,motion to table McCain amdt no. 3500 as modified,"September 2, 1998,  03:03 PM",Motion to Table Failed (11-80)
258,motion to table Dodd amdt no.,"September 2, 1998,  05:49 PM",Motion to Table Agreed to (50-43)
259,"S. 2334, as amended","September 2, 1998,  04:26 PM",Bill Passed (90-3)
260,H.R.4104 as amended.,"September 3, 1998,  02:07 PM",Bill Passed (91-5)
261,motion to table Jeffords amdt no. 3541,"September 8, 1998,  03:24 PM",Motion to Table Failed (0-83)
262,Motion to Invoke Cloture on Motion to Proceed to Consider S.1873,"September 9, 1998,  09:47 AM","Cloture on the Motion to Proceed Rejected (59-41, 3/5 majority required)"
263,Cloture Motion RE: Motion to Proceed To Consideration of S.1301,"September 9, 1998,  05:00 PM","Cloture on the Motion to Proceed Agreed to (99-1, 3/5 majority required)"
264,motion to invoke cloture on McCain amdt no. 3554,"September 10, 1998,  01:46 PM","Cloture Motion Rejected (52-48, 3/5 majority required)"
265,Motion to Invoke Cloture on Motion to Proceed to Consider S.1645,"September 11, 1998,  10:00 AM","Cloture on the Motion to Proceed Agreed to (97-0, 3/5 majority required)"
266,cloture on motion to proceed to S. 1981,"September 14, 1998,  05:35 PM","Cloture Motion Rejected (52-42, 3/5 majority required)"
267,motion to table Harkin amdt no. 3580,"September 14, 1998,  06:33 PM",Motion to Table Agreed to (53-41)
268,Motion to Table Bumpers Amdt. No. 3591,"September 15, 1998,  02:37 PM",Motion to Table Agreed to (58-40)
269,Motion to Table Ashcroft Amdt. No. 3593,"September 15, 1998,  05:32 PM",Motion to Table Agreed to (76-22)
270,motion to instruct Sgt-At-Arms,"September 16, 1998,  01:59 PM",Motion Agreed to (94-1)
271,motion to instruct Sgt-At-Arms,"September 16, 1998,  05:38 PM",Motion Agreed to (97-1)
272,motion to adjourn,"September 16, 1998,  06:09 PM",Motion Agreed to (55-43)
273,Motion to Table Reed Amdt No. 3596,"September 17, 1998,  12:03 PM",Motion to Table Failed (47-52)
274,Moyion to Table Dodd Amdt. No. 3598,"September 17, 1998,  02:00 PM",Motion to Table Agreed to (58-40)
275,Motion to Table Amdt. No. 3597,"September 17, 1998,  02:27 PM",Motion to Table Agreed to (72-26)
276,Hatch AMdt. No. 3600,"September 17, 1998,  08:03 PM",Amendment Agreed to (89-0)
277,"passage of H.R. 1122, notwithstanding the President's Veto","September 18, 1998,  09:34 AM","Veto Sustained (64-36, 2/3 majority required)"
278,motion to table Kennedy amdt no. 3540,"September 22, 1998,  02:26 PM",Motion to Table Agreed to (55-44)
279,motion to table Feingold amdt no. 3602,"September 22, 1998,  03:00 PM",Motion to Table Agreed to (57-42)
280,motion to table Feingold amdt no. 3565,"September 22, 1998,  03:30 PM",Motion to Table Failed (47-52)
281,motion to table Reed amdt no. 3610,"September 22, 1998,  04:07 PM",Motion to Table Agreed to (63-36)
282,cloture motion re: committee amendment to S. 1645,"September 22, 1998,  04:42 PM","Cloture Motion Rejected (54-45, 3/5 majority required)"
283,Motion to Table Harkin Amdt. No. 3616,"September 23, 1998,  12:05 PM",Motion to Table Agreed to (71-27)
284,passage of H.R. 3150,"September 23, 1998,  01:53 PM",Bill Passed (97-1)
285,y,"September 24, 1998,  09:36 AM","Cloture Motion Agreed to (96-1, 3/5 majority required)"
286,Inhofe amdt no. 3620,"September 24, 1998,  10:16 AM",Amendment Rejected (46-51)
287,motion to table Torricelli amdt no 3627,"September 24, 1998,  12:11 PM",Motion to Table Agreed to (69-27)
288,H.R. 4057 as amended,"September 25, 1998,  09:33 AM",Bill Passed (92-1)
289,motion to invoke cloture re: S.2176,"September 28, 1998,  05:29 PM","Cloture Motion Rejected (53-38, 3/5 majority required)"
290,Conference Report to Accompany H.R.6,"September 29, 1998,  10:40 AM",Conference Report Agreed to (96-0)
291,Conference Report to Accompany H.R.4103,"September 29, 1998,  11:06 AM",Conference Report Agreed to (94-2)
292,Motion to Invoke Cloture on the Motion to Proceed to S.442,"September 29, 1998,  11:25 AM","Cloture on the Motion to Proceed Agreed to (89-6, 3/5 majority required)"
293,H.R.3616 Conference Report,"October 1, 1998,  12:00 PM",Conference Report Agreed to (96-2)
294,S.1092 as amended,"October 1, 1998,  05:52 PM",Bill Passed (59-38)
295,"Nomination: Sonia Sotomayor to be U.S.Circuit Judge, 2nd Circuit","October 2, 1998,  10:35 AM",Nomination Confirmed (67-29)
296,motion to table Bumpers amdt no. 3677,"October 2, 1998,  11:52 AM",Motion to Table Agreed to (66-29)
297,Motion to Invoke Cloture on Motion to Proceed to Consider H.R.10,"October 5, 1998,  05:35 PM","Cloture on the Motion to Proceed Agreed to (93-0, 3/5 majority required)"
298,conference report H.R. 4101,"October 6, 1998,  03:15 PM",Conference Report Agreed to (55-43)
299,motion to table Graham amdt. no. 3729,"October 6, 1998,  05:01 PM",Motion to Table Agreed to (83-15)
300,motion to table Bumpers amdt no. 3742,"October 6, 1998,  05:41 PM",Motion to Table Agreed to (71-27)
301,Motion to Proceed to Consider H.R.10,"October 7, 1998,  10:11 AM",Motion to Proceed Agreed to (88-11)
302,Motion to Invoke Cloture on S.442,"October 7, 1998,  10:38 AM","Cloture Motion Agreed to (94-4, 3/5 majority required)"
303,Coats Amdt. No. 3695 as Modified and Amended.,"October 7, 1998,  12:00 PM",Amendment Agreed to (98-1)
304,"Motion to Table Hutchinson Amdt. No. 3760, as Modified","October 7, 1998,  02:07 PM",Motion to Table Failed (30-68)
305,Mccain Amdt. No. 3783,"October 7, 1998,  05:47 PM",Amendment Rejected (45-52)
306,Motion to Table Mccain Amdt. No. 3719 (As Amended and Modified),"October 7, 1998,  06:56 PM",Motion to Table Failed (28-69)
307,conference report H.R. 4194,"October 8, 1998,  11:04 AM",Conference Report Agreed to (96-1)
308,S. 442 as amended,"October 8, 1998,  12:44 PM",Bill Passed (96-2)
309,nomination William A. Fletcher re: U.S.Circuit Judge for 9th Circuit,"October 8, 1998,  03:29 PM",Nomination Confirmed (57-41)
310,H.R.2431 as Amended,"October 9, 1998,  09:51 AM",Bill Passed (98-0)
311,Motion to Table Motion to Proceed to Consider H.R.4250,"October 9, 1998,  11:26 AM",Motion to Table Agreed to (50-47)
312,Motion to Proceed to Consider Conference Report on H.R.4104,"October 9, 1998,  03:46 PM",Motion to Proceed Agreed to (58-39)
313,Motion to Proceed to Consider Conference Report on H.R.3150,"October 9, 1998,  06:00 PM",Motion to Proceed Agreed to (94-2)
314,Conference Report H.R. 4328,"October 21, 1998,  09:02 AM",Conference Report Agreed to (65-29)
