,title,vote_date,vote_result
0,"Confirmation Janet L. Yellen, to be Chairman of the Board of Governors of the Federal Reserve System","January 6, 2014,  05:30 PM",Nomination Confirmed (56-26)
1,"Confirmation Janet L. Yellen, to be Chairman of the Board of Governors of the Federal Reserve System","January 6, 2014,  05:30 PM",Nomination Confirmed (56-26)
2,Motion to Invoke Cloture on the Motion to Proceed to S. 1845,"January 7, 2014,  10:44 AM","Cloture on the Motion to Proceed Agreed to (60-37, 3/5 majority required)"
3,Motion to Table the Motion to Commit S.1845 to the Committee on Finance,"January 9, 2014,  04:18 PM",Motion to Table Failed (42-54)
4,"Motion to Proceed to the Motion to Reconsider the Motion to Invoke Cloture on the Nomination of Robert Wilkins, to be U.S. Circuit Judge","January 9, 2014,  04:42 PM",Motion to Proceed Agreed to (53-41)
5,"Motion to Reconsider the Motion to Invoke Cloture on the Nomination of Robert Wilkins, to be U.S. Circuit Judge","January 9, 2014,  05:04 PM",Motion to Reconsider Agreed to (54-40)
6,Upon Reconsideration Motion to Invoke Cloture on the Nomination of Robert Wilkins to be U.S. Circuit Judge for the D.C. Circuit,"January 9, 2014,  05:21 PM",Cloture Motion Agreed to (55-38)
7,"Confirmation Robert Leon Wilkins, of D.C., to be U.S. Circuit Judge for the D.C. Circuit","January 13, 2014,  05:31 PM",Nomination Confirmed (55-43)
8,Motion to Table the Motion to Commit S. 1845 to the Committee on Finance with Instructions,"January 14, 2014,  03:22 PM",Motion to Table Failed (45-55)
9,Motion to Invoke Cloture on Amdt. No. 2631 to S. 1845,"January 14, 2014,  03:46 PM","Cloture Motion Rejected (52-48, 3/5 majority required)"
10,Motion to Invoke Cloture on S. 1845,"January 14, 2014,  04:05 PM","Cloture Motion Rejected (55-45, 3/5 majority required)"
11,H.J.Res. 106,"January 15, 2014,  12:17 PM",Joint Resolution Passed (86-14)
12,Motion to Invoke Cloture on the Motion to Concur in the House Amendment to Senate Amendment to H.R. 3547,"January 16, 2014,  05:27 PM","Cloture Motion Agreed to (72-26, 3/5 majority required)"
13,Motion to Concur in the House Amendment to the Senate Amendment to H.R. 3547,"January 16, 2014,  05:54 PM",Motion Agreed to (72-26)
14,Motion to Invoke Cloture on the Motion to Proceed to S.1926,"January 27, 2014,  05:39 PM","Cloture on the Motion to Proceed Agreed to (86-13, 3/5 majority required)"
15,Motion to Waive All Applicable Budgetary Discipline Re: S. 1926,"January 29, 2014,  04:46 PM","Motion Agreed to (64-35, 3/5 majority required)"
16,Toomey Amdt. No. 2707 As Modified,"January 30, 2014,  11:19 AM",Amendment Rejected (34-65)
17,Coburn Amdt. No. 2697,"January 30, 2014,  11:48 AM",Amendment Rejected (24-75)
18,Heller Amdt. No. 2700,"January 30, 2014,  12:10 PM",Amendment Rejected (49-50)
19,S. 1926 As Amended,"January 30, 2014,  01:55 PM",Bill Passed (67-32)
20,Motion to Invoke Cloture on the Conference Report to Accompany H.R. 2642,"February 3, 2014,  05:31 PM","Cloture Motion Agreed to (72-22, 3/5 majority required)"
21,Conference Report to Accompany H.R. 2642,"February 4, 2014,  02:35 PM",Conference Report Agreed to (68-32)
22,Motion to Table Amdt. No. 2631,"February 4, 2014,  03:06 PM",Motion to Table Agreed to (98-0)
23,Motion to Invoke Cloture on Amdt. No. 2714 to S.1845,"February 6, 2014,  02:00 PM","Cloture Motion Rejected (58-40, 3/5 majority required)"
24,Motion to Invoke Cloture on S.1845,"February 6, 2014,  02:28 PM","Cloture Motion Rejected (55-43, 3/5 majority required)"
25,"Confirmation Max Sieben Baucus, of Montana, to be Ambassador to the People's Republic of China","February 6, 2014,  02:48 PM",Nomination Confirmed (96-0)
26,"Confirmation Richard Stengel, of New York, to be Under Secretary of State","February 11, 2014,  05:00 PM",Nomination Confirmed (90-8)
27,"Confirmation Sarah Sewall, of Massachusetts, to be an Under Secretary of State","February 11, 2014,  05:26 PM",Nomination Confirmed (97-1)
28,"Confirmation Charles Hammerman Rivkin, of DC, to be an Assistant Secretary of State","February 11, 2014,  05:43 PM",Nomination Confirmed (92-6)
29,"Confirmation Tina S. Kaidanow, of D.C., to be Coordinator for Counterterrorism","February 12, 2014,  11:36 AM",Nomination Confirmed (98-0)
30,"Confirmation Daniel Bennett Smith, of Virginia, to be an Assistant Secretary of State","February 12, 2014,  12:01 PM",Nomination Confirmed (98-0)
31,"Confirmation Catherine Ann Novelli, of VA, to be United States Alternate Governor of the International Bank for Reconstruction and Development","February 12, 2014,  12:17 PM",Nomination Confirmed (97-0)
32,Motion to Invoke Cloture on the Motion to Concur in the House Amendment to S.540,"February 12, 2014,  01:55 PM","Cloture Motion Agreed to (67-31, 3/5 majority required)"
33,Motion to Concur in the House Amendment to S.540,"February 12, 2014,  02:55 PM",Motion Agreed to (55-43)
34,Motion to Concur in the House Amendment to S.25,"February 12, 2014,  03:20 PM",Motion Agreed to (95-3)
35,"Motion to Invoke Cloture on the Nomination of Jeffrey Meyer, of CT, to be U.S. District Judge","February 24, 2014,  05:42 PM",Cloture Motion Agreed to (55-37)
36,"Confirmation Jeffrey Alker Meyer, of Connecticut, to be U.S. District Judge for the District of Connecticut","February 24, 2014,  07:06 PM",Nomination Confirmed (91-2)
37,"Motion to Invoke Cloture on the Nomination of James MAxwell Moody, Jr., of Arkansas, to be U.S. District Judge for the Eastern District of Arkansas","February 24, 2014,  07:33 PM",Cloture Motion Agreed to (58-34)
38,"Confirmation James Maxwell Moody, Jr., of Arkansas, to be U.S. District Judge for the Eastern District","February 25, 2014,  11:16 AM",Nomination Confirmed (95-4)
39,"Motion to Invoke Cloture on the Nomination of James Donato, of California, to be U.S. District Judge","February 25, 2014,  11:45 AM",Cloture Motion Agreed to (55-42)
40,"Confirmation James Donato, of California, to be U.S. District Judge for the Northern District","February 25, 2014,  12:04 PM",Nomination Confirmed (90-5)
41,"Motion to Invoke Cloture on the Nomination of Beth Labson Freeman, of California, to be U.S. District Judge","February 25, 2014,  12:22 PM",Cloture Motion Agreed to (56-42)
42,"Confirmation Beth Labson Freeman, of California, to be U.S. District Judge for the Northern District","February 25, 2014,  12:39 PM",Nomination Confirmed (91-7)
43,Motion to Invoke Cloture on the Motion to Proceed to S. 1982,"February 25, 2014,  03:34 PM","Cloture on the Motion to Proceed Agreed to (99-0, 3/5 majority required)"
44,Motion to Table the Motion to Commit S. 1982 to the Committee on Veterans' Affairs,"February 27, 2014,  01:57 PM",Motion to Table Failed (44-52)
45,Motion to Waive All Applicable Budgetary Discipline Re: S.1982,"February 27, 2014,  02:26 PM","Motion Rejected (56-41, 3/5 majority required)"
46,"Confirmation, Michael L. Connor, of New Mexico, to be Deputy Secretary of the Interior","February 27, 2014,  02:45 PM",Nomination Confirmed (97-0)
47,"Motion to Invoke Cloture on the Nomination of Debo P. Adegbile, of New York, to be Assistant Attorney General","March 5, 2014,  11:58 AM",Cloture Motion Rejected (47-52)
48,"Motion to Invoke Cloture on the Nomination of Pedro A. Delgado Hernandez, of Puerto Rico, to be United States District Judge","March 5, 2014,  12:27 PM",Cloture Motion Agreed to (57-41)
49,"Confirmation Pedro A. Hernandez, of Puerto Rico, to be U.S. District Judge","March 5, 2014,  04:00 PM",Nomination Confirmed (98-0)
50,"Motion to Invoke Cloture on the Nomination of Pamela L. Reeves, of TN, to be U.S. District Judge","March 5, 2014,  04:27 PM",Cloture Motion Agreed to (62-37)
51,Confirmation Pamela L. Reeves of Tennessee to be U.S. District Judge,"March 5, 2014,  04:46 PM",Nomination Confirmed (99-0)
52,"Motion to Invoke Cloture on the Nomination of Timothy L. Brooks, of Arkansas, to be U.S. District Judge","March 5, 2014,  05:02 PM",Cloture Motion Agreed to (59-41)
53,"Confirmation Timothy L. Brooks, of Arkansas, to be U.S. District Judge","March 5, 2014,  05:18 PM",Nomination Confirmed (100-0)
54,"Motion to Invoke Cloture on the Nomination of Vince Girdhari Chhabria, of California, to be U.S. District Judge","March 5, 2014,  05:34 PM",Cloture Motion Agreed to (57-43)
55,"Confirmation Vince Girdhari Chhabria, of California, to be U.S. District Judge","March 5, 2014,  05:51 PM",Nomination Confirmed (58-41)
56,"Motion to Invoke Cloture on the Nomination of Rose E. Gottemoeller, of Virginia, to be Under Secretary of State","March 5, 2014,  06:11 PM",Cloture Motion Agreed to (55-45)
57,"Confirmation Rose Eilene Gottemoeller, of Virginia, to be Under Secretary of State for Arms Control and International Security","March 6, 2014,  11:20 AM",Nomination Confirmed (58-42)
58,Motion to Invoke Cloture on S. 1752,"March 6, 2014,  02:01 PM","Cloture Motion Rejected (55-45, 3/5 majority required)"
59,Motion to Invoke Cloture on S. 1917,"March 6, 2014,  02:29 PM","Cloture Motion Agreed to (100-0, 3/5 majority required)"
60,"Motion to Invoke Cloture on the Nomination of Carolyn B. McHugh, of Utah, to be U.S. Circuit Judge","March 10, 2014,  05:33 PM",Cloture Motion Agreed to (62-34)
61,S. 1917,"March 10, 2014,  06:03 PM",Bill Passed (97-0)
62,"Motion to Invoke Cloture on the Nomination of Matthew Leitman, of Michigan, to be U.S. District Judge","March 11, 2014,  11:32 AM",Cloture Motion Agreed to (55-43)
63,"Motion to Invoke Cloture on the Nomination of Judith Ellen Levy, of Michigan, to be U.S. District Judge","March 11, 2014,  12:00 PM",Cloture Motion Agreed to (56-42)
64,"Motion to Invoke Cloture on the Nomination of Laurie J. Michelson, of Michigan, to be U.S. District Judge","March 11, 2014,  12:17 PM",Cloture Motion Agreed to (56-43)
65,"Motion to Invoke Cloture on the Nomination of Linda Vivienne Parker, of Michigan, to be U.S. District Judge","March 11, 2014,  12:36 PM",Cloture Motion Agreed to (56-42)
66,"Confirmation Carolyn B. McHugh, of Utah, to be U.S. Circuit Judge for the Tenth Circuit","March 12, 2014,  10:32 AM",Nomination Confirmed (98-0)
67,"Confirmation Matthew Frederick Leitman, of Michigan, to be U.S. District Judge for the Eastern District of Michigan","March 12, 2014,  10:59 AM",Nomination Confirmed (98-0)
68,"Confirmation Judith Ellen Levy, of Michigan, to be U.S. District Judge for the Eastern District of Michigan","March 12, 2014,  11:15 AM",Nomination Confirmed (97-0)
69,"Confirmation Laurie J. Michelson, of Michigan, to be U.S. District Judge for the Eastern District of Michigan","March 12, 2014,  11:34 AM",Nomination Confirmed (98-0)
70,"Confirmation Linda Vivienne Parker, of Michigan, to be U.S. District Judge for the Eastern District of Michigan","March 12, 2014,  11:52 AM",Nomination Confirmed (60-37)
71,Enzi Amdt. No. 2812,"March 12, 2014,  02:30 PM",Amendment Agreed to (98-0)
72,Franken Amdt. No. 2822,"March 12, 2014,  02:57 PM",Amendment Agreed to (93-6)
73,Landrieu Amdt. No. 2818,"March 12, 2014,  05:17 PM",Amendment Agreed to (98-0)
74,"Coburn Amendment No. 2830, As Modified","March 13, 2014,  12:15 PM",Amendment Agreed to (100-0)
75,"Confirmation Caroline Diane Krass, of the District of Columbia, to be General Counsel of the Central Intelligence Agency","March 13, 2014,  02:28 PM",Nomination Confirmed (95-4)
76,S. 1086 As Amended,"March 13, 2014,  03:17 PM",Bill Passed (96-2)
77,H.R. 3370,"March 13, 2014,  04:34 PM","Bill Passed (72-22, 3/5 majority required)"
78,Motion to Invoke Cloture on the Motion to Proceed to S.2124,"March 24, 2014,  05:33 PM","Cloture on the Motion to Proceed Agreed to (78-17, 3/5 majority required)"
79,"Motion to Invoke Cloture on the Nomination of Christopher Reid Cooper, of D.C., to be U.S. District Judge","March 26, 2014,  11:02 AM",Cloture Motion Agreed to (56-43)
80,"Motion to Invoke Cloture on the Nomination of M. Douglas Harpool, of Missouri, to be U.S. District Judge","March 26, 2014,  11:30 AM",Cloture Motion Agreed to (56-43)
81,"Motion to Invoke Cloture on the Nomination of Gerald McHugh, Jr., of Pennsylvania, to be U.S. District Judge","March 26, 2014,  11:47 AM",Cloture Motion Agreed to (56-43)
82,"Motion to Invoke Cloture on the Nomination of Edward G. Smith, of Pennsylvania, to be U.S. District Judge","March 26, 2014,  12:09 PM",Cloture Motion Agreed to (75-23)
83,"Confirmation Christopher Reid Cooper, of D.C., to be U.S. District Judge for the District of Columbia","March 26, 2014,  02:33 PM",Nomination Confirmed (100-0)
84,"Confirmation M. Douglas Harpool, of Missouri, to be U.S. District Judge","March 26, 2014,  03:01 PM",Nomination Confirmed (93-5)
85,"Confirmation Gerald Austin McHugh, Jr., of Pennsylvania, to be U.S. District Judge","March 26, 2014,  03:21 PM",Nomination Confirmed (59-41)
86,"Confirmation Edward G. Smith, of Pennsylvania, to be U.S. District Judge","March 26, 2014,  03:41 PM",Nomination Confirmed (69-31)
87,Menendez Amdt. No. 2867,"March 27, 2014,  12:01 PM",Amendment Agreed to (98-2)
88,"Motion to Invoke Cloture on the Nomination of John B. Owens, of California, to be U.S. District Judge","March 27, 2014,  01:48 PM",Cloture Motion Agreed to (54-44)
89,Motion to Invoke Cloture on the Motion to Proceed to H.R. 3979,"March 27, 2014,  02:10 PM","Cloture on the Motion to Proceed Agreed to (65-34, 3/5 majority required)"
90,"Confirmation John B. Owens, of California, to the U.S. Cirguit Judge for the Ninth Circuit","March 31, 2014,  05:34 PM",Nomination Confirmed (56-43)
91,Motion to Waive All Applicable Budgetary Discipline Re: H.R. 4302,"March 31, 2014,  06:13 PM","Motion Agreed to (64-35, 3/5 majority required)"
92,H.R. 4302,"March 31, 2014,  06:31 PM","Bill Passed (64-35, 3/5 majority required)"
93,"Kevin Whitaker, of Virginia, to be Ambassador Extraordinary and Plenipotentiary to the Republic of Colombia","April 1, 2014,  02:29 PM",Nomination Confirmed (99-0)
94,"Confirmation John P. Carlin, of New York, to be Assistant Attorney General","April 1, 2014,  02:56 PM",Nomination Confirmed (99-1)
95,Motion to Invoke Cloture on Amdt. No. 2874 to H.R. 3979,"April 2, 2014,  10:01 AM","Cloture Motion Agreed to (61-38, 3/5 majority required)"
96,Motion to Table Reid Amdt. No. 2878,"April 2, 2014,  04:32 PM",Motion to Table Failed (46-50)
97,Motion to Table the Motion to Appeal the Ruling of the Chair,"April 2, 2014,  04:59 PM",Motion to Table Agreed to (67-29)
98,Motion to Waive All Applicable Budgetary Discipline Re: Amdt. No. 2874,"April 3, 2014,  02:33 PM","Motion Agreed to (60-36, 3/5 majority required)"
99,Motion to Invoke Cloture on H.R. 3979,"April 3, 2014,  03:02 PM","Cloture Motion Agreed to (61-35, 3/5 majority required)"
100,H.R. 3979 As Amended,"April 7, 2014,  05:32 PM",Bill Passed (59-38)
101,"Confirmation Neil Gregory Kornze, of Nevada, to be Director of the Bureau of Land Management","April 8, 2014,  04:32 PM",Nomination Confirmed (71-28)
102,Motion to Invoke Cloture on the Motion to Proceed to S. 2199,"April 9, 2014,  11:02 AM","Cloture on the Motion to Proceed Rejected (53-44, 3/5 majority required)"
103,"Confirmation Wanda Felton, of New York, to be First Vice President of the Export-Import Bank of the United States","April 9, 2014,  03:31 PM",Nomination Confirmed (75-21)
104,"Confirmation Terrell McSweeny, of the District of Columbia, to be a Federal Trade Commissioner","April 9, 2014,  03:58 PM",Nomination Confirmed (95-1)
105,"Motion to Invoke Cloture on the Nomination of Michelle T. Friedland, of California, to be U.S. Circuit Judge","April 10, 2014,  10:32 AM",Cloture Motion Agreed to (56-41)
106,Motion to Instruct the Sgt. at Arms,"April 10, 2014,  03:00 PM",Motion for Attendance Agreed to (55-37)
107,"Confirmation Michelle T. Friedland, of California, to be U.S. Circuit Judge for the Ninth Circuit","April 28, 2014,  05:32 PM",Nomination Confirmed (51-40)
108,"Motion to Invoke Cloture on the Nomination of David Weil, to be Administrator of the Wage and Hour Division","April 28, 2014,  06:04 PM",Cloture Motion Agreed to (51-42)
109,"Confirmation David Weil, to be Administrator of the Wage and Hour Division, Department of Labor","April 28, 2014,  06:21 PM",Nomination Confirmed (51-42)
110,"Motion to Invoke Cloture on the Nomination of Sheryl H. Lipman, of TN, to be U.S. District Judge","April 29, 2014,  11:02 AM",Cloture Motion Agreed to (58-39)
111,"Motion to Invoke Cloture on the Nomination of Stanley Bastian, of WA, to be U.S. District Judge","April 29, 2014,  11:33 AM",Cloture Motion Agreed to (55-41)
112,"Motion to Invoke Cloture on the Nomination of Manish S. Shah, of IL, to be U.S. District Judge","April 29, 2014,  11:50 AM",Cloture Motion Agreed to (57-40)
113,"Motion to Invoke Cloture on the Nomination of Daniel D. Crabtree, of Kansas, to be U.S. District Judge","April 29, 2014,  12:06 PM",Cloture Motion Agreed to (57-39)
114,"Motion to Invoke Cloture on the Nomination of Cynthia Ann Bashant, of California, to be U.S. District Judge","April 29, 2014,  12:23 PM",Cloture Motion Agreed to (56-41)
115,"Motion to Invoke Cloture on the Nomination of Jon David Levy, of Maine, to be U.S. District Judge","April 29, 2014,  12:39 PM",Cloture Motion Agreed to (63-34)
116,Motion to Invoke Cloture on the Motion to Proceed to S. 2223,"April 30, 2014,  12:01 PM","Cloture on the Motion to Proceed Rejected (54-42, 3/5 majority required)"
117,"Confirmation Sheryl H. Lipman, of Tennessee, to be U.S. District Judge for the Western District of Tennessee","April 30, 2014,  04:00 PM",Nomination Confirmed (95-0)
118,"Confirmation Stanley Allen Bastian, of Washington, to be U.S. District Judge for the Eastern District of Washington","April 30, 2014,  04:30 PM",Nomination Confirmed (95-0)
119,"Confirmation Manish S. Shah, of Illinois, to be U.S. District Judge for the Northern District of Illinois","April 30, 2014,  04:46 PM",Nomination Confirmed (95-0)
120,"Confirmation Daniel D. Crabtree, of Kansas, to be U.S. District Judge for the District of Kansas","April 30, 2014,  05:03 PM",Nomination Confirmed (94-0)
121,"Confirmation Cynthia Ann Bashant, of California, to be U.S. District Judge for the Southern District of California","April 30, 2014,  05:21 PM",Nomination Confirmed (94-0)
122,"Confirmation Jon David Levy, of Maine, to be U.S. District Judge for the District of Maine","April 30, 2014,  05:42 PM",Nomination Confirmed (75-20)
123,"Motion to Invoke Cloture on Theodore David Chuang, of Maryland, to be U.S. District Judge for the District of Maryland","May 1, 2014,  11:17 AM",Cloture Motion Agreed to (54-43)
124,"Motion to Invoke Cloture on George Jarrod Hazel, of Maryland, to be U.S. District Judge for the District of Maryland","May 1, 2014,  11:45 AM",Cloture Motion Agreed to (55-42)
125,"Motion to Invoke Cloture on Nancy L. Moritz, to be U.S. Circuit Judge for the Tenth Circuit","May 1, 2014,  12:02 PM",Cloture Motion Agreed to (60-38)
126,"Confirmation Theodore David Chuang, of Maryland, to be U.S. District Judge for the District of Maryland","May 1, 2014,  01:47 PM",Nomination Confirmed (53-42)
127,"Confirmation George Jarrod Hazel, of Maryland, to be U.S. District Judge for the District of Maryland","May 1, 2014,  02:12 PM",Nomination Confirmed (95-0)
128,"Confirmation Janice Marion Schneider, of New York, to be an Assistant Secretary","May 1, 2014,  02:28 PM",Nomination Confirmed (64-32)
129,"Confirmation Nancy L. Moritz, of Kansas, to be U.S. Circuit Judge for the Tenth Circuit","May 5, 2014,  05:33 PM",Nomination Confirmed (90-3)
130,Motion to Invoke Cloture on the Motion to Proceed to S. 2262,"May 6, 2014,  11:16 AM","Cloture on the Motion to Proceed Agreed to (79-20, 3/5 majority required)"
131,Motion to Table Reid Amdt. No. 3023,"May 7, 2014,  03:47 PM",Motion to Table Failed (45-52)
132,Motion to Table Reid Amdt. No. 3025,"May 7, 2014,  04:13 PM",Motion to Table Failed (45-51)
133,"Motion to Invoke Cloture on the Nomination of Indira Talwani, of Massachusetts, to be U.S. District Judge","May 8, 2014,  11:18 AM",Cloture Motion Agreed to (55-41)
134,"Motion to Invoke Cloture on the Nomination of James D. Peterson, of Wisconsin, to be U.S. District Judge","May 8, 2014,  11:47 AM",Cloture Motion Agreed to (56-40)
135,"Motion to Invoke Cloture on the Nomination of Nancy J. Rosenstengel, of Illinois, to be U.S. District Judge","May 8, 2014,  12:05 PM",Cloture Motion Agreed to (54-42)
136,"Confirmation Indira Talwani, of Massachusetts, to be U.S. District Judge","May 8, 2014,  01:47 PM",Nomination Confirmed (94-0)
137,"Confirmation James D. Peterson, of Wisconsin, to be U.S. District Judge","May 8, 2014,  02:10 PM",Nomination Confirmed (70-24)
138,"Confirmation Nancy J. Rosenstengel, of Illinois, to be U.S. District Judge","May 8, 2014,  02:27 PM",Nomination Confirmed (95-0)
139,"Motion to Invoke Cloture on the Nomination of Robin S. Rosenbaum, of Florida, to be U.S. Circuit Judge","May 8, 2014,  02:44 PM",Cloture Motion Agreed to (57-37)
140,"Confirmation of Robin S. Rosenbaum of Florida, to be U.S. Circuit Judge for the Eleventh Circuit","May 12, 2014,  05:33 PM",Nomination Confirmed (91-0)
141,Motion to Invoke Cloture on S. 2262,"May 12, 2014,  06:10 PM","Cloture Motion Rejected (55-36, 3/5 majority required)"
142,Motion to Invoke Cloture on the Motion to Proceed to H.R. 3474,"May 13, 2014,  11:12 AM","Cloture Motion Agreed to (96-3, 3/5 majority required)"
143,"Motion to Invoke Cloture on the Nomination of Steven Paul Logan, of Arizona, to be U.S. District Judge for the District of Arizona","May 14, 2014,  11:16 AM",Cloture Motion Agreed to (58-37)
144,"Motion to Invoke Cloture on the Nomination of John Joseph Tuchi, of Arizona, to be U.S. District Judge for the District of Arizona","May 14, 2014,  11:45 AM",Cloture Motion Agreed to (62-35)
145,"Motion to Invoke Cloture on the Nomination of Diane J. Humetewa, of Arizona, to be U.S. District Judge for the District of Arizona","May 14, 2014,  12:04 PM",Cloture Motion Agreed to (64-34)
146,"Confirmation Steven Paul Logan, of Arizona, to be U.S. District Judge for the District of Arizona","May 14, 2014,  05:18 PM",Nomination Confirmed (96-0)
147,"Confirmation John Joseph Tuchi, of Arizona, to be U.S. District Judge for the District of Arizona","May 14, 2014,  05:44 PM",Nomination Confirmed (96-0)
148,"Confirmation Diane J. Humetewa, of Arizona, to be U.S. District Judge for the District of Arizona","May 14, 2014,  06:03 PM",Nomination Confirmed (96-0)
149,"Motion to Invoke cloture on Rosemary Marquez, of Arizona, to be U.S. District Judge for the District of Arizona","May 15, 2014,  11:18 AM",Cloture Motion Agreed to (58-35)
150,"Motion to Invoke Cloture on Douglas L. Rayes, of Arizona, to be U.S. District Judge for the District of Arizona","May 15, 2014,  11:49 AM",Cloture Motion Agreed to (59-35)
151,"Motion to Invoke Cloture on James Alan Soto, of Arizona, to be U.S. District Judge for the District of Arizona","May 15, 2014,  12:07 PM",Cloture Motion Agreed to (61-35)
152,"Confirmation Rosemary Marquez, of Arizona, to be U.S. District Judge for the District of Arizona","May 15, 2014,  01:48 PM",Nomination Confirmed (81-15)
153,"Confirmation Douglas L. Rayes, of Arizona, to be U.S. District Judge for the District of Arizona","May 15, 2014,  02:15 PM",Nomination Confirmed (77-19)
154,"Confirmation James Alan Soto, of Arizona, to be U.S. District Judge for the District of Arizona","May 15, 2014,  02:36 PM",Nomination Confirmed (93-1)
155,"Motion to Invoke Cloture of Gregg Jeffrey Costa, of Texas, to be U.S. Circuit Judge for the Fifth Circuit","May 15, 2014,  02:52 PM",Cloture Motion Agreed to (58-36)
156,Motion to Invoke Cloture on Amdt. No. 3060 to H.R. 3474,"May 15, 2014,  03:21 PM","Cloture Motion Rejected (53-40, 3/5 majority required)"
157,"Confirmation Gregg Jeffrey Costa, of Texas, to be U.S. Circuit Judge for the Fifth Circuit","May 20, 2014,  05:37 PM",Nomination Confirmed (97-0)
158,"Motion to Invoke Cloture on the Nomination of Stanley Fischer, of New York, to be a Member of the Board of Governors","May 20, 2014,  06:04 PM",Cloture Motion Agreed to (62-35)
159,"Confirmation Stanley Fischer, of New York, to be a Member of the Board of Governors, Federal Reserve System","May 21, 2014,  12:16 PM",Nomination Confirmed (68-27)
160,"Motion to Invoke Cloture Re: David Jeremiah Barron, of Massachusetts, to be United States Circuit Judge for the First Circuit","May 21, 2014,  02:14 PM",Cloture Motion Agreed to (52-43)
161,"Confirmation David Jeremiah Barron, of Massachusetts, to be U.S. Circuit Judge for the First Circuit","May 22, 2014,  01:49 PM",Nomination Confirmed (53-45)
162,Conference Report to Accompany H.R. 3080,"May 22, 2014,  02:15 PM","Conference Report Agreed to (91-7, 3/5 majority required)"
163,"Motion to Invoke Cloture on the Nomination of Keith M. Harper, of Maryland, for the rank of Ambassador as U.S. Representative to UN Human Rights Counsel","June 2, 2014,  05:33 PM",Cloture Motion Agreed to (51-37)
164,"Confirmation Keith M. Harper, of Maryland, for the Rank of Ambassador as U.S. Representative to the U.N. Human Rights Council","June 3, 2014,  12:01 PM",Nomination Confirmed (52-42)
165,"Motion to Invoke Cloture on the Nomination of Sharon Y. Bowen, of New York, to be Commissioner of the Commodity Futures Trading Commission","June 3, 2014,  12:27 PM",Cloture Motion Agreed to (50-44)
166,"Confirmation Sharon Y. Bowen, of New York, to be Commissioner of the Commodity Futures Trading Commission","June 3, 2014,  04:05 PM",Nomination Confirmed (48-46)
167,"Motion to Invoke Cloture on the Nomination of Mark G. Mastroianni, of Massachusetts, to be U.S. District Judge","June 3, 2014,  04:38 PM",Cloture Motion Agreed to (56-39)
168,"Motion to Invoke Cloture on the Nomination of Bruce Hendricks, of South Carolina, to be U.S. District Judge","June 3, 2014,  04:55 PM",Cloture Motion Agreed to (59-35)
169,"Motion to Invoke Cloture on the Nomination of Tanya S. Chutkan, of the District of Columbia, to be U.S. District Judge","June 3, 2014,  05:13 PM",Cloture Motion Agreed to (54-40)
170,Confirmation Mark G. Mastroianni to be U.S. District Judge for the District of Massachusetts,"June 4, 2014,  11:01 AM",Nomination Confirmed (92-2)
171,Confirmation Bruce Howe Hendricks to be U.S. District Judge for the District of South Carolina,"June 4, 2014,  11:30 AM",Nomination Confirmed (95-0)
172,Confirmation Tanya S. Chutkan to be U.S. District Judge for the District of Columbia,"June 4, 2014,  11:46 AM",Nomination Confirmed (95-0)
173,Motion to Invoke Cloture on the Nomination of Sylvia Mathews Burwell to be Secretary of Health and Human Services,"June 4, 2014,  12:05 PM",Cloture Motion Agreed to (67-28)
174,"Confirmation Sylvia Mathews Burwell, of West Virginia, to be Secretary of Health and Human Services","June 5, 2014,  01:45 PM",Nomination Confirmed (78-17)
175,"Motion to Invoke Cloture on the Nomination of M. Hannah Lauck, of Virginia, to be United States District Judge for the Eastern District","June 9, 2014,  05:32 PM",Cloture Motion Agreed to (52-32)
176,"Motion to Invoke Cloture on the Nomination of Leo T. Sorokin, of Massachusetts, to be U.S. District Judge","June 9, 2014,  06:03 PM",Cloture Motion Agreed to (52-33)
177,"Motion to Invoke Cloture on the Nomination of Richard Franklin Boulware II, of  Nevada, to be U.S. District Judge","June 9, 2014,  06:20 PM",Cloture Motion Agreed to (53-34)
178,"Confirmation of M. Hannah Lauck, of Virginia, to be United States District Judge for the Eastern District","June 10, 2014,  10:13 AM",Nomination Confirmed (90-0)
179,"Confirmation of Leo T. Sorokin, of Massachusetts, to be United States District Judge for the District of Massachusetts","June 10, 2014,  12:01 PM",Nomination Confirmed (91-0)
180,"Confirmation of Richard Franklin Boulware II, of Nevada, to be United States District Judge for the District of Nevada","June 10, 2014,  12:32 PM",Nomination Confirmed (58-35)
181,"Motion to Invoke Cloture on the Nomination of Lael Brainard, of the District of Columbia, to be a Member of the Board of Governors of the Federal Reserve System","June 10, 2014,  02:30 PM",Cloture Motion Agreed to (59-35)
182,"Motion to Invoke Cloture on the Nomination of Jerome H. Powell, of Maryland, to be a Member of the Board of Governors of the Federal Reserve System","June 10, 2014,  02:58 PM",Cloture Motion Agreed to (58-36)
183,"Motion to Invoke Cloture on the Nomination of Stanley Fischer, of New York, to be Vice Chairman of the Board of Governors of the Federal  Reserve System","June 10, 2014,  03:16 PM",Cloture Motion Agreed to (56-38)
184,Motion to Invoke Cloture on the Motion to Proceed to S.2432,"June 11, 2014,  10:01 AM","Cloture on the Motion to Proceed Rejected (56-38, 3/5 majority required)"
185,Motion to Waive All Applicable Budgetary Discipline Re: H.R. 3230,"June 11, 2014,  04:06 PM","Motion Agreed to (75-19, 3/5 majority required)"
186,"H.R. 3230, As Amended","June 11, 2014,  04:34 PM",Bill Passed (93-3)
187,"Confirmation Crystal Nix-Hines, of California, to be Ambassador United Nations Educational, Scientific, and Cultural Organization","June 12, 2014,  12:00 PM",Nomination Confirmed (52-41)
188,"Confirmation Lael Brainard, of the District of Columbia, to be a Member of the Board of Governors of the Federal Reserve System","June 12, 2014,  01:46 PM",Nomination Confirmed (61-31)
189,"Confirmation Jerome H. Powell, of Maryland, to be a Member of the Board of Governors of the Federal Reserve System","June 12, 2014,  02:12 PM",Nomination Confirmed (67-24)
190,"Confirmation Stanley Fischer, of New York, to be Vice Chairman of the Board of Governors of the Federal Reserve System","June 12, 2014,  02:29 PM",Nomination Confirmed (63-24)
191,"Motion to Invoke Cloture on the Nomination of Salvador Mendoza, Jr., of Washington, to be U.S. District Judge","June 16, 2014,  05:31 PM",Cloture Motion Agreed to (55-37)
192,"Motion to Invoke Cloture on the Nomination of Staci Michelle Yandle, of Illinois, to be U.S. District Judge","June 16, 2014,  06:01 PM",Cloture Motion Agreed to (55-37)
193,"Motion to Invoke Cloture on the Nomination of Darrin P. Gayles, of Florida, to be U.S. District Judge","June 16, 2014,  06:18 PM",Cloture Motion Agreed to (55-37)
194,"Confirmation Salvador Mendoza, Jr., of Washington, to be U.S. District Judge","June 17, 2014,  11:03 AM",Nomination Confirmed (92-4)
195,"Confirmation Staci Michelle Yandle, of Illinois, to be U.S. District Judge","June 17, 2014,  11:34 AM",Nomination Confirmed (52-44)
196,"Confirmation Darrin P. Gayles, of Florida, to be U.S. District Judge","June 17, 2014,  11:54 AM",Nomination Confirmed (98-0)
197,"Motion to Invoke Cloture on the Nomination of Peter Kadzik, of New York, to be Assistant Attorney General","June 17, 2014,  12:10 PM",Cloture Motion Agreed to (54-43)
198,"Confirmation Peter Joseph Kadzik, of New York, to be an Assistant Attorney General","June 17, 2014,  05:13 PM",Nomination Confirmed (55-43)
199,Motion to Invoke Cloture on the Motion to Proceed to H.R. 4660,"June 17, 2014,  05:13 PM","Cloture Motion Agreed to (95-3, 3/5 majority required)"
200,"Confirmation Gustavo Velasquez Aguilar, to be Assistant Secretary of HUD","June 19, 2014,  01:48 PM",Nomination Confirmed (54-38)
201,"Motion to Invoke Cloture on the Nomination of Paul G. Byron, of Florida, to be U.S. District Judge","June 23, 2014,  05:36 PM",Cloture Motion Agreed to (53-30)
202,"Motion to Invoke Cloture on the Nomination of Carlos Mendoza, of Florida, to be U.S. District Judge","June 23, 2014,  06:06 PM",Cloture Motion Agreed to (53-31)
203,"Motion to Invoke Cloture on the Nomination of Beth Bloom, of Florida, to be U.S. District Judge","June 23, 2014,  06:20 PM",Cloture Motion Agreed to (53-31)
204,"Motion to Invoke Cloture on the Nomination of Geoffrey Crawford, of Vermont, to be U.S. District Judge","June 23, 2014,  06:35 PM",Cloture Motion Agreed to (52-32)
205,"Confirmation Paul G. Byron, of Florida, to be U.S. District Judge","June 24, 2014,  11:02 AM",Nomination Confirmed (94-0)
206,"Confirmation Carlos Eduardo Mendoza, of Florida, to be U.S. District Judge","June 24, 2014,  11:33 AM",Nomination Confirmed (94-0)
207,"Confirmation Beth Bloom, of Florida, to be U.S. District Judge","June 24, 2014,  11:46 AM",Nomination Confirmed (95-0)
208,"Confirmation Geoffrey W. Crawford, of Vermont, to be U.S. District Judge","June 24, 2014,  12:02 PM",Nomination Confirmed (95-0)
209,"Motion to Invoke Cloture on the Nomination of Leon Rodriguez, of Maryland, to be Director of the U.S. Citizenship Immigration Services, Department of Homeland Security","June 24, 2014,  12:21 PM",Cloture Motion Agreed to (52-44)
210,"Confirmation Leon Rodriguez, of Maryland, to be Director of the United States Citizenship and Immigration Services","June 24, 2014,  04:33 PM",Nomination Confirmed (52-44)
211,Flake Amdt. No. 3379,"June 25, 2014,  02:28 PM",Amendment Rejected (33-63)
212,Lee Amdt. No. 3380,"June 25, 2014,  02:54 PM",Amendment Rejected (40-58)
213,"H.R. 803, As Amended","June 25, 2014,  03:13 PM",Bill Passed (95-3)
214,"Motion to Invoke Cloture on Cheryl Ann Krause, of New Jersey, to be U.S. Circuit Judge for the Third Circuit","June 26, 2014,  11:46 AM",Cloture Motion Agreed to (57-39)
215,"Confirmation Stuart E. Jones, of Virginia, to be Ambassador of U.S.A. to the Republic of Iraq","June 26, 2014,  01:45 PM",Nomination Confirmed (93-0)
216,"Confirmation Cheryl Ann Krause, of New Jersey, to be United States Circuit Judge for the Third Circuit","July 7, 2014,  05:30 PM",Nomination Confirmed (93-0)
217,Motion to Invoke Cloture on the Motion to Proceed to S. 2363,"July 7, 2014,  06:04 PM","Cloture on the Motion to Proceed Agreed to (82-12, 3/5 majority required)"
218,"Confirmation Julian Castro, of Texas, to be Secretary of Housing and Urban Development","July 9, 2014,  12:02 PM",Nomination Confirmed (71-26)
219,Motion to Invoke Cloture on S. 2363,"July 10, 2014,  11:47 AM","Cloture Motion Rejected (41-56, 3/5 majority required)"
220,"Confirmation Shaun L. S. Donovan, of New York, to be Director of the Office of Management and Budget","July 10, 2014,  02:04 PM",Nomination Confirmed (75-22)
221,"Motion to Invoke Cloture on the Nomination of Norman C. Bay, of New Mexico, to be a Member of FERC","July 15, 2014,  12:04 PM",Cloture Motion Agreed to (51-45)
222,"Motion to Invoke Cloture on the Nomination of Cheryl A. LaFleur, of Massachusetts, to be a Member of FERC","July 15, 2014,  12:29 PM",Cloture Motion Agreed to (85-10)
223,"Confirmation Norman C. Bay, of New Mexico, to be a Member of FERC","July 15, 2014,  03:16 PM",Nomination Confirmed (52-45)
224,"Confirmation Cheryl A. LaFleur, of Massachusetts, to be a Member of FERC","July 15, 2014,  03:43 PM",Nomination Confirmed (90-7)
225,"Motion to Invoke Cloture on the Nomination of Ronnie L. White, of Missouri, to be U.S. District Judge for the Eastern District of Missouri","July 16, 2014,  10:16 AM",Cloture Motion Agreed to (54-43)
226,"Confirmation Ronnie L. White, of Missouri, to be U.S. District Judge for the Eastern District of Missouri","July 16, 2014,  12:21 PM",Nomination Confirmed (53-44)
227,Motion to Invoke Cloture on the Motion to Proceed to S.2578,"July 16, 2014,  02:09 PM","Cloture on the Motion to Proceed Rejected (56-43, 3/5 majority required)"
228,Motion to Waive All Applicable Budgetary Discipline re: Coburn Amdt. No. 3549,"July 17, 2014,  12:03 PM","Motion Rejected (48-49, 3/5 majority required)"
229,Flake Amdt. No. 3551,"July 17, 2014,  12:36 PM",Amendment Agreed to (97-0)
230,S.2244 As Amended,"July 17, 2014,  12:51 PM",Bill Passed (93-4)
231,"Motion to Invoke Cloture on the Nomination of Julie E. Carnes, of Georgia, to be U.S. Circuit Judge for the Eleventh Circuit","July 17, 2014,  01:52 PM",Cloture Motion Agreed to (68-23)
232,"Confirmation Julie E. Carnes, of Georgia, to be U.S. Circuit Judge for the Eleventh Circuit","July 21, 2014,  05:31 PM",Nomination Confirmed (94-0)
233,"Motion to Invoke Cloture on Andre Birotte, Jr., of California, to be U.S. District Judge","July 22, 2014,  10:47 AM",Cloture Motion Agreed to (56-43)
234,"Motion to Invoke Cloture on Robin L. Rosenberg, of Florida, to be U.S. District Judge","July 22, 2014,  11:46 AM",Cloture Motion Agreed to (58-42)
235,"Motion to Invoke Cloture on John W. deGravelles, of Louisiana, to be U.S. District Judge","July 22, 2014,  11:33 AM",Cloture Motion Agreed to (57-39)
236,"Confirmation Andre Birotte, Jr., of California, to be U.S. District Judge, Central District of California","July 22, 2014,  02:16 PM",Nomination Confirmed (100-0)
237,"Confirmation Robin L. Rosenberg, of Florida, to be U.S. District Judge, Southern District of Florida","July 22, 2014,  02:41 PM",Nomination Confirmed (100-0)
238,"Confirmation John W. deGravelles, of Louisiana, to be U.S. District Judge, Middle District of Louisiana","July 22, 2014,  02:59 PM",Nomination Confirmed (100-0)
239,Motion to Invoke Cloture on the Motion to Proceed to S. 2569,"July 23, 2014,  11:01 AM","Cloture Motion Agreed to (93-7, 3/5 majority required)"
240,"Motion to Invoke Cloture on the Nomination of Pamela Harris, of Maryland, to be U.S. Circuit Judge for the Fourth Circuit","July 24, 2014,  01:48 PM",Cloture Motion Agreed to (54-41)
241,"Confirmation Pamela Harris, of Maryland, to be U.S. Circuit Judge for the Fourth Circuit","July 28, 2014,  05:31 PM",Nomination Confirmed (50-43)
242,"Confirmation Robert Alan McDonald, of Ohio, to be Secretary of Veterans Affairs","July 29, 2014,  02:47 PM",Nomination Confirmed (97-0)
243,Wyden Amdt. No. 3582,"July 29, 2014,  05:42 PM","Amendment Agreed to (71-26, 3/5 majority required)"
244,Carper Amdt. No. 3583,"July 29, 2014,  06:08 PM","Amendment Agreed to (66-31, 3/5 majority required)"
245,Lee Amdt. No. 3584,"July 29, 2014,  06:28 PM","Amendment Rejected (28-69, 3/5 majority required)"
246,Toomey Amdt. No. 3585,"July 29, 2014,  06:44 PM","Amendment Rejected (47-50, 3/5 majority required)"
247,"H.R. 5021, as Amended","July 29, 2014,  06:58 PM","Bill Passed (79-18, 3/5 majority required)"
248,Motion to Invoke Cloture on S. 2569,"July 30, 2014,  10:50 AM","Cloture Motion Rejected (54-42, 3/5 majority required)"
249,Motion to Invoke Cloture on the Motion to Proceed to S. 2648,"July 30, 2014,  11:18 AM","Cloture Motion Agreed to (63-33, 3/5 majority required)"
250,Motion to Table Reid Amdt. No. 3751,"July 31, 2014,  06:50 PM",Motion to Table Failed (43-52)
251,Motion to Waive All Applicable Budgetary Discipline Re: S.2648,"July 31, 2014,  07:22 PM","Motion Rejected (50-44, 3/5 majority required)"
252,Motion to Waive All Applicable Budgetary Discipline Re: Conference Report on H.R. 3230,"July 31, 2014,  08:06 PM","Motion Agreed to (86-8, 3/5 majority required)"
253,Conference Report to Accompany H.R. 3230,"July 31, 2014,  08:24 PM","Conference Report Agreed to (91-3, 3/5 majority required)"
254,Motion to Recede in the Senate Amendment to H.R. 5021,"July 31, 2014,  08:48 PM",Motion Agreed to (81-13)
255,"Motion to Invoke Cloture on the Nomination of Jill A. Pryor, of Georgia, to be U.S. Circuit Judge for the Eleventh Circuit","July 31, 2014,  09:05 PM",Cloture Motion Agreed to (58-33)
256,"Confirmation Jill A. Pryor, of Georgia, to be U.S. Circuit Judge","September 8, 2014,  05:32 PM",Nomination Confirmed (97-0)
257,"Confirmation Henry J. Aaron, of D.C., to be a Member of the Social Security Advisory Board","September 8, 2014,  06:12 PM",Nomination Confirmed (54-43)
258,Motion to Invoke Cloture on the Motion to Proceed to S.J.Res. 19,"September 8, 2014,  06:31 PM","Cloture on the Motion to Proceed Agreed to (79-18, 3/5 majority required)"
259,Upon Reconsideration Motion to Invoke Cloture on the Motion to Proceed to S. 2199,"September 10, 2014,  02:08 PM","Cloture on the Motion to Proceed Agreed to (73-25, 3/5 majority required)"
260,Motion to Invoke Cloture on S.J.Res. 19,"September 11, 2014,  01:46 PM","Cloture Motion Rejected (54-42, 3/5 majority required)"
261,Motion to Invoke Cloture on S. 2199,"September 15, 2014,  05:31 PM","Cloture Motion Rejected (52-40, 3/5 majority required)"
262,"Motion to Invoke Cloture on the Nomination of Jeffery Baran, of Virginia, to be a Member of the Nuclear Regulatory Commission","September 15, 2014,  06:01 PM",Cloture Motion Agreed to (52-39)
263,"Motion to Invoke Cloture on the Nomination of Stephen G. Burns, of Maryland, to be a Member of the Nuclear Regulatory Commission","September 15, 2014,  06:17 PM",Cloture Motion Agreed to (54-37)
264,"Confirmation Jeffery Martin Baran, of Virginia, to be a Member of the Nuclear Regulatory Commission","September 16, 2014,  02:16 PM",Nomination Confirmed (56-44)
265,"Confirmation Stephen G. Burns, of Maryland, to be a Member of the Nuclear Regulatory Commission","September 16, 2014,  02:42 PM",Nomination Confirmed (60-40)
266,"Confirmation John R. Bass, of New York, to be Ambassador of the United States to the Republic of Turkey","September 17, 2014,  12:02 PM",Nomination Confirmed (98-0)
267,Motion to Table Amdt. No. 3852,"September 18, 2014,  05:28 PM",Motion to Table Failed (50-50)
268,Motion to Invoke Cloture on H.J.Res. 124,"September 18, 2014,  05:58 PM","Cloture Motion Agreed to (73-27, 3/5 majority required)"
269,H.J. Res. 124,"September 18, 2014,  06:18 PM",Joint Resolution Passed (78-22)
270,"Motion to Invoke Cloture on the Nomination of Randolph D. Moss, of Maryland, to be U.S. District Judge for D.C. ","November 12, 2014,  05:44 PM",Cloture Motion Agreed to (53-45)
271,"Motion to Invoke Cloture on the Nomination of Leigh Martin May, of Georgia, to be U.S. District Judge for Northern District of Georgia","November 12, 2014,  06:09 PM",Cloture Motion Agreed to (67-30)
272,"Confirmation Randolph D. Moss, of Maryland, to be U.S. District Judge for the District of Columbia","November 13, 2014,  02:29 PM",Nomination Confirmed (54-45)
273,"Confirmation Leigh Martin May, of Georgia, to be U.S. District Judge for the Northern District of Georgia","November 13, 2014,  02:54 PM",Nomination Confirmed (99-0)
274,Motion to Invoke Cloture on the Motion to Concur in the House Amendment to S. 1086,"November 13, 2014,  03:12 PM","Cloture Motion Agreed to (96-1, 3/5 majority required)"
275,Motion to Concur in the House Amendment to S.1086,"November 17, 2014,  05:33 PM",Motion Agreed to (88-1)
276,"Motion to Invoke Cloture on the Nomination of Leslie Joyce Abrams, of Georgia, to be U.S. District Judge","November 17, 2014,  06:05 PM",Cloture Motion Agreed to (68-28)
277,"Motion to Invoke Cloture on the Nomination of Mark Howard Cohen, of Georgia, to be U.S. District Judge","November 17, 2014,  06:26 PM",Cloture Motion Agreed to (67-29)
278,"Motion to Invoke Cloture on the Nomination of Eleanor Louise Ross, of Georgia, to be U.S. District Judge","November 17, 2014,  06:45 PM",Cloture Motion Agreed to (66-29)
279,S.2280,"November 18, 2014,  05:55 PM","Bill Defeated (59-41, 3/5 majority required)"
280,"Confirmation Leslie Joyce Abrams, of Georgia, to be U.S. District Judge","November 18, 2014,  06:28 PM",Nomination Confirmed (100-0)
281,Motion to Invoke Cloture on the Motion to Proceed to S. 2685,"November 18, 2014,  07:26 PM","Cloture Motion Rejected (58-42, 3/5 majority required)"
282,"Motion to Invoke Cloture on the Nomination of Pamela Pepper, of Wisconsin, to be U.S. District Judge","November 19, 2014,  03:03 PM",Cloture Motion Agreed to (58-39)
283,"Motion to Invoke Cloture on the Nomination of Brenda K. Sannes, of New York, to be U.S. District Judge","November 19, 2014,  03:33 PM",Cloture Motion Agreed to (55-42)
284,"Motion to Invoke Cloture on the Nomination of Madeline Cox Arleo, of New Jersey, to be U.S. District Judge","November 19, 2014,  03:50 PM",Cloture Motion Agreed to (56-40)
285,"Motion to Invoke Cloture on the Nomination of Wendy Beetlestone, of Pennsylvania, to be U.S. District Judge","November 19, 2014,  04:11 PM",Cloture Motion Agreed to (58-38)
286,"Motion to Invoke Cloture on the Nomination of Victor Allen Bolden, of Connecticut, to be U.S. District Judge","November 19, 2014,  04:29 PM",Cloture Motion Agreed to (51-44)
287,"Confirmation Pamela Pepper, of Wisconsin, to be U.S. District Judge","November 20, 2014,  02:03 PM",Nomination Confirmed (95-0)
288,"Confirmation Brenda K. Sannes, of New York, to be U.S. District Judge","November 20, 2014,  02:29 PM",Nomination Confirmed (96-0)
289,"Confirmation Victor Allen Bolden, of Connecticut, to be U.S. District Judge","November 20, 2014,  02:48 PM",Nomination Confirmed (49-46)
290,"Motion to Invoke Cloture on the Nomination of Noah Bryson Mamet, of California, to be Ambassador to the Argentine Republic","December 1, 2014,  05:33 PM",Cloture Motion Agreed to (50-36)
291,"Motion to Invoke Cloture on the Nomination of Colleen Bradley Bell, of California, to be Ambassador to Hungary","December 1, 2014,  06:05 PM",Cloture Motion Agreed to (50-36)
292,"Confirmation Noah Bryson Mamet, of California, to be Ambassador of the USA to the Argentine Republic","December 2, 2014,  10:33 AM",Nomination Confirmed (50-43)
293,"Confirmation Colleen Bradley Bell, of California, to be Ambassador of the USA to Hungary","December 2, 2014,  11:01 AM",Nomination Confirmed (52-42)
294,"Motion to Invoke Cloture on the Nomination of Nani A. Coloretti, of California, to be Deputy Secretary of Housing and Urban Development","December 2, 2014,  11:25 AM",Cloture Motion Agreed to (59-34)
295,"Motion to Invoke Cloture on the Nomination of Robert S. Adler, of the District of Columbia, to be Commissioner of the Consumer Product Safety Commission","December 2, 2014,  11:50 AM",Cloture Motion Agreed to (52-40)
296,"Confirmation Nani A. Coloretti, of California, to be Deputy Secretary of Housing and Urban Development","December 2, 2014,  04:13 PM",Nomination Confirmed (68-28)
297,"Confirmation Robert S. Adler, of the District of Columbia, to be a Commissioner of the Consumer Product Safety Commission","December 2, 2014,  04:48 PM",Nomination Confirmed (53-44)
298,"Motion to Invoke Cloture on the Nomination of Charlotte A. Burrows, of the District of Columbia, to be a Member of the Equal Employment Opportunity Commission","December 2, 2014,  05:03 PM",Cloture Motion Agreed to (57-39)
299,"Motion to Invoke Cloture on the Nomination of P. David Lopez, of AZ, to be General Counsel of the Equal Employment Opportunity Commission","December 2, 2014,  05:26 PM",Cloture Motion Agreed to (54-43)
300,"Confirmation Charlotte A. Burrows, of the District of Columbia, to be a Member of the Equal Employment Opportunity Commission","December 3, 2014,  10:06 AM",Nomination Confirmed (93-2)
301,"Confirmation P. David Lopez, of Arizona, to be General Counsel of the Equal Employment Opportunity Commission","December 3, 2014,  10:33 AM",Nomination Confirmed (53-43)
302,"Motion to Invoke Cloture on David J. Hale, of Kentucky, to be U.S. District Judge for the Western District of Kentucky","December 3, 2014,  10:51 AM",Cloture Motion Agreed to (65-31)
303,"Motion to Invoke Cloture on Mark A. Kearney, of Pennsylvania, to be U.S. District Judge for the Eastern District of Pennsylvania","December 3, 2014,  11:07 AM",Cloture Motion Agreed to (60-36)
304,"Motion to Invoke Cloture on Gerald J. Pappert, of Pennsylvania, to be U.S. District Judge for the Eastern District of Pennsylvania","December 3, 2014,  11:25 AM",Cloture Motion Agreed to (67-28)
305,"Motion to Invoke Cloture on the Nomination of Franklin M. Orr, Jr., of California, to be Under Secretary for Science, Department of Energy","December 3, 2014,  05:35 PM",Cloture Motion Agreed to (71-25)
306,"Motion to Invoke Cloture on the Nomination of Joseph S. Hezir, of Virginia, to be Chief Financial Officer, Department of Energy","December 3, 2014,  06:03 PM",Cloture Motion Agreed to (68-27)
307,"Confirmation Joseph S. Hezir, of Virginia, to be Chief Financial Officer, Department of Energy","December 4, 2014,  10:02 AM",Nomination Confirmed (89-3)
308,"Motion to Invoke Cloture on the Nomination of Gregory N. Stivers, of Kentucky, to be U.S. District Judge","December 4, 2014,  10:31 AM",Cloture Motion Agreed to (69-24)
309,"Motion to Invoke Cloture on the Nomination of Joseph F. Leeson, Jr., of Pennsylvania, to be U.S. District Judge","December 4, 2014,  10:54 AM",Cloture Motion Agreed to (66-26)
310,"Motion to Invoke Cloture on the Nomination of Lydia Kay Griggsby, of Maryland, to be a Judge of the U.S. Court of Federal Claims","December 4, 2014,  11:12 AM",Cloture Motion Agreed to (53-36)
311,"Confirmation Joseph F. Leeson, Jr., of Pennsylvania, to be U.S. District Judge for the Eastern District of Pennsylvania","December 4, 2014,  01:47 PM",Nomination Confirmed (76-16)
312,"Motion to Invoke Cloture on the Nomination of Jeffery Martin Baran, of Virginia, to be a Member of the Nuclear Regulatory Commission","December 4, 2014,  02:17 PM",Cloture Motion Agreed to (53-40)
313,"Motion to Invoke Cloture on the Nomination of Lauren McGarity McFerran, of the District of Columbia, to be a member of the National Labor Relations Board","December 4, 2014,  02:35 PM",Cloture Motion Agreed to (51-42)
314,"Motion to Invoke Cloture on the Nomination of Ellen Dudley Williams, of Maryland, to be Director of the Advanced Research Projects Agency-Energy","December 4, 2014,  02:54 PM",Cloture Motion Agreed to (57-34)
315,"Confirmation Jeffery Martin Baran, of Virginia, to be a Member of the Nuclear Regulatory Commission","December 8, 2014,  05:32 PM",Nomination Confirmed (52-40)
316,"Confirmation Lauren McGarity McFerran, of the District of Columbia, to be a Member of the National Labor Relations Board","December 8, 2014,  05:58 PM",Nomination Confirmed (54-40)
317,"Motion to Invoke Cloture on the Nomination of Virginia Tyler Lodge, of Tennessee, to be a Member of Board of Directors of TVA","December 9, 2014,  10:33 AM",Cloture Motion Agreed to (63-32)
318,"Motion to Invoke Cloture on the Nomination of Ronald Walter, of Tennessee, to be a Member of the Board of Directors of the Tennessee Valley Authority","December 9, 2014,  11:02 AM",Cloture Motion Agreed to (65-31)
319,"Confirmation Virginia Tyler Lodge, of Tennessee, to be a Member of the Board of Directors of the Tennessee Valley Authority","December 9, 2014,  06:07 PM",Nomination Confirmed (86-12)
320,"Confirmation Ronald Walter, of Tennessee, to be a Member of the Board of Directors of the Tennessee Valley Authority","December 9, 2014,  06:31 PM",Nomination Confirmed (86-12)
321,Motion to Invoke Cloture on the Motion to Concur in the House Amendment to the Senate Amendment to H.R. 3979,"December 11, 2014,  10:33 AM","Cloture Motion Agreed to (85-14, 3/5 majority required)"
322,Motion to Refer the House Message on H.R. 3979 to the Committee on Armed Services with Instructions,"December 12, 2014,  04:01 PM","Motion to Refer Rejected (18-82, 3/5 majority required)"
323,Shall the Decision of the Chair Stand as the Judgment of the Senate Re: Coburn Appeal,"December 12, 2014,  04:29 PM",Decision of Chair Sustained (55-45)
324,Motion to Concur in the House Amendment to the Senate Amendment to H.R. 3979,"December 12, 2014,  04:48 PM","Motion Agreed to (89-11, 3/5 majority required)"
325,"Confirmation David Nathan Saperstein, of D.C., to be Ambassador at Large for International Religious Freedom","December 12, 2014,  05:25 PM",Nomination Confirmed (62-35)
326,Motion to Proceed to Executive Session Re: Sarah R. Saldana,"December 13, 2014,  12:08 PM",Motion to Proceed Agreed to (48-35)
327,Motion to Proceed to Legislative Session,"December 13, 2014,  12:52 PM",Motion to Proceed Agreed to (52-40)
328,Motion to Proceed to Executive Session Re: Carolyn Watts Colvin,"December 13, 2014,  12:52 PM",Motion to Proceed Agreed to (52-41)
329,Motion to Proceed to Legislative Session,"December 13, 2014,  01:14 PM",Motion to Proceed Agreed to (51-41)
330,Motion to Proceed to Executive Session Re: Vivek Murthy,"December 13, 2014,  01:36 PM",Motion to Proceed Agreed to (52-40)
331,Motion to Proceed to Legislative Session,"December 13, 2014,  01:53 PM",Motion to Proceed Agreed to (52-41)
332,Motion to Proceed to Executive Session Re: Antony Blinken,"December 13, 2014,  02:09 PM",Motion to Proceed Agreed to (52-41)
333,Motion to Proceed to Legislative Session,"December 13, 2014,  02:27 PM",Motion to Proceed Agreed to (52-41)
334,Motion to Proceed to Executive Session Re: Frank Rose,"December 13, 2014,  02:53 PM",Motion to Proceed Agreed to (52-41)
335,Motion to Proceed to Legislative Session,"December 13, 2014,  03:12 PM",Motion to Proceed Agreed to (52-41)
336,Motion to Proceed to Executive Session Re: Colette Dodson Honorable,"December 13, 2014,  03:49 PM",Motion to Proceed Agreed to (50-41)
337,Motion to Proceed to Legislative Session,"December 13, 2014,  04:06 PM",Motion to Proceed Agreed to (53-40)
338,Motion to Proceed to Executive Session Re: Daniel J. Santos,"December 13, 2014,  04:23 PM",Motion to Proceed Agreed to (52-41)
339,Motion to Proceed to Legislative Session,"December 13, 2014,  04:43 PM",Motion to Proceed Agreed to (52-42)
340,Motion to Proceed to Executive Session Re: Estevan R. Lopez,"December 13, 2014,  05:02 PM",Motion to Proceed Agreed to (54-42)
341,Motion to Proceed to Legislative Session,"December 13, 2014,  05:19 PM",Motion to Proceed Agreed to (54-42)
342,Motion to Proceed to Executive Session Re: Marcus Dwayne Jadotte,"December 13, 2014,  05:37 PM",Motion to Proceed Agreed to (53-42)
343,Motion to Proceed to Legislative Session,"December 13, 2014,  05:57 PM",Motion to Proceed Agreed to (54-42)
344,Motion to Proceed to Executive Session Re: Jonathan Nicholas Stivers,"December 13, 2014,  06:17 PM",Motion to Proceed Agreed to (54-42)
345,Motion to Proceed to Legislative Session,"December 13, 2014,  06:36 PM",Motion to Proceed Agreed to (54-42)
346,Motion to Proceed to Executive Session Re: John Charles Cruden,"December 13, 2014,  07:24 PM",Motion to Proceed Agreed to (53-42)
347,Motion to Proceed to Legislative Session,"December 13, 2014,  07:41 PM",Motion to Proceed Agreed to (54-42)
348,Motion to Proceed to Executive Session Re: Christopher Smith,"December 13, 2014,  07:59 PM",Motion to Proceed Agreed to (54-42)
349,Motion to Proceed to Legislative Session,"December 13, 2014,  08:35 PM",Motion to Proceed Agreed to (53-42)
350,Motion to Proceed to Executive Session Re: Stephen R. Bough,"December 13, 2014,  08:35 PM",Motion to Proceed Agreed to (54-42)
351,Motion to Invoke Cloture on the Motion to Concur in the House Amendment to the Senate Amendment to H.R. 83,"December 13, 2014,  09:10 PM","Cloture Motion Agreed to (77-19, 3/5 majority required)"
352,Is the Point of Order Well Taken Re: Cruz Constitutional Point of Order,"December 13, 2014,  09:34 PM",Point of Order Not Well Taken (22-74)
353,Motion to Concur in the House Amendment to the Senate Amendment to H.R. 83,"December 13, 2014,  09:50 PM",Motion Agreed to (56-40)
354,Motion to Invoke Cloture on the Nomination of Vivek Hallegere Murthy,"December 15, 2014,  05:32 PM",Cloture Motion Agreed to (51-43)
355,Confirmation Vivek Hallegere Murthy to be Surgeon General,"December 15, 2014,  05:59 PM",Nomination Confirmed (51-43)
356,"Motion to Invoke Cloture on Daniel J. Santos, of Virginia, to be a Member of the Defense Nuclear Facilities Safety Board","December 15, 2014,  06:17 PM",Cloture Motion Agreed to (54-39)
357,"Motion to Invoke Cloture on Frank A. Rose, of Massachusetts, to be an Assistant Secretary of State","December 15, 2014,  06:34 PM",Cloture Motion Agreed to (54-39)
358,"Motion to Invoke Cloture on the Nomination of Sarah R. Saldana, of Texas, to be an Assistant Secretary of Homeland Security","December 16, 2014,  02:30 PM",Cloture Motion Agreed to (53-41)
359,"Confirmation Sarah R. Saldana, of Texas, to be an Assistant Secretary of Homeland Security","December 16, 2014,  02:52 PM",Nomination Confirmed (55-39)
360,"Motion to Invoke Cloture on Antony Blinken, of New York, to be Deputy Secretary of State.","December 16, 2014,  06:02 PM",Cloture Motion Agreed to (53-40)
361,"Confirmation Antony Blinken, of New York, to be Deputy Secretary of State","December 16, 2014,  06:30 PM",Nomination Confirmed (55-38)
362,"Motion to Invoke Cloture on the Nomination of Colette Dodson Honorable, of Arkansas, to be a Member of FERC","December 16, 2014,  06:49 PM",Cloture Motion Agreed to (65-28)
363,H.R. 5771,"December 16, 2014,  07:32 PM","Bill Passed (76-16, 3/5 majority required)"
364,"Motion to Invoke Cloture on Stephen R. Bough, of Missouri, to be U.S. District Judge for the Western District of Missouri","December 16, 2014,  08:56 PM",Cloture Motion Agreed to (51-38)
365,"Confirmation Stephen R. Bough, of Missouri, to be U.S. District Judge for the Western District of Missouri","December 16, 2014,  09:23 PM",Nomination Confirmed (51-38)
