,title,vote_date,vote_result
0,Warren Amdt. No. 1,"January 8, 2015,  01:46 PM","Amendment Rejected (31-66, 3/5 majority required)"
1,Warren Amdt. No. 1,"January 8, 2015,  01:46 PM","Amendment Rejected (31-66, 3/5 majority required)"
2,H.R. 26,"January 8, 2015,  02:13 PM","Bill Passed (93-4, 3/5 majority required)"
3,Motion to Invoke Cloture on the Motion to Proceed to S.1,"January 12, 2015,  05:31 PM","Cloture on the Motion to Proceed Agreed to (63-32, 3/5 majority required)"
4,Motion to Table Markey Amdt. No. 13,"January 20, 2015,  02:50 PM",Motion to Table Agreed to (57-42)
5,Motion to Table Franken Amdt. No. 17,"January 20, 2015,  03:15 PM",Motion to Table Agreed to (53-46)
6,Portman Amdt. No. 3 As Modified,"January 20, 2015,  03:33 PM",Amendment Agreed to (94-5)
7,Lee Amdt. No. 33,"January 21, 2015,  03:17 PM","Amendment Rejected (54-45, 3/5 majority required)"
8,Durbin Amdt. No. 69,"January 21, 2015,  03:47 PM","Amendment Rejected (41-58, 3/5 majority required)"
9,Toomey Amdt. No. 41,"January 21, 2015,  04:07 PM","Amendment Rejected (54-45, 3/5 majority required)"
10,Whitehouse Amdt. No. 29,"January 21, 2015,  04:23 PM","Amendment Agreed to (98-1, 3/5 majority required)"
11,"Hoeven Amdt. No. 87, As Modified","January 21, 2015,  04:42 PM","Amendment Rejected (59-40, 3/5 majority required)"
12,Schatz Amdt. No. 58,"January 21, 2015,  05:03 PM","Amendment Rejected (50-49, 3/5 majority required)"
13,Boxer Amdt. No. 113,"January 22, 2015,  03:57 PM","Amendment Rejected (55-44, 3/5 majority required)"
14,"Fischer Amdt. No. 18, As Modified","January 22, 2015,  04:30 PM","Amendment Rejected (54-45, 3/5 majority required)"
15,Motion to Table Manchin Amdt. No. 99,"January 22, 2015,  04:56 PM",Motion to Table Agreed to (53-46)
16,Motion to Table Sanders Amdt. No. 24,"January 22, 2015,  05:15 PM",Motion to Table Agreed to (56-42)
17,Lee Amdt. No. 71,"January 22, 2015,  05:33 PM","Amendment Rejected (51-47, 3/5 majority required)"
18,Murkowski Amdt. No. 123,"January 22, 2015,  05:50 PM","Amendment Agreed to (75-23, 3/5 majority required)"
19,Wyden Amdt. No. 27,"January 22, 2015,  06:15 PM","Amendment Rejected (50-47, 3/5 majority required)"
20,Blunt Amdt. No. 78 As Modified,"January 22, 2015,  06:35 PM","Amendment Rejected (51-46, 3/5 majority required)"
21,Cornyn Amdt. No. 126 As Modified,"January 22, 2015,  06:53 PM",Amendment Agreed to (64-33)
22,Menendez Amdt. No. 72 As Modified,"January 22, 2015,  07:12 PM",Amendment Rejected (43-54)
23,Motion to Instruct the Sgt. at Arms,"January 22, 2015,  09:28 PM",Motion for Attendance Agreed to (89-5)
24,Motion to Table Markey Amdt. No. 25,"January 22, 2015,  10:06 PM",Motion to Table Agreed to (53-42)
25,Motion to Table Carper Amdt. No. 121,"January 22, 2015,  10:30 PM",Motion to Table Agreed to (57-38)
26,Motion to Table Whitehouse Amdt. No. 28,"January 22, 2015,  10:51 PM",Motion to Table Agreed to (52-43)
27,Motion to Table Leahy Amdt. No. 30,"January 22, 2015,  11:10 PM",Motion to Table Agreed to (53-41)
28,Motion to Table Reed Amdt. No. 74,"January 22, 2015,  11:33 PM",Motion to Table Agreed to (49-45)
29,Motion to Invoke Cloture on the Murkowski Amdt. No. 2,"January 26, 2015,  05:31 PM","Cloture Motion Rejected (53-39, 3/5 majority required)"
30,Motion to Invoke Cloture on S. 1,"January 26, 2015,  05:58 PM","Cloture Motion Rejected (53-39, 3/5 majority required)"
31,Cardin Amdt. No. 75,"January 28, 2015,  02:33 PM","Amendment Rejected (36-62, 3/5 majority required)"
32,Peters Amdt. No. 70,"January 28, 2015,  03:03 PM","Amendment Rejected (40-58, 3/5 majority required)"
33,Sanders Amdt. No. 23,"January 28, 2015,  03:22 PM","Amendment Rejected (40-58, 3/5 majority required)"
34,Cruz Amdt. No 15,"January 28, 2015,  03:41 PM","Amendment Rejected (53-45, 3/5 majority required)"
35,Moran Amdt. No. 73,"January 28, 2015,  04:01 PM","Amendment Rejected (54-44, 3/5 majority required)"
36,Whitehouse Amdt. No. 148,"January 28, 2015,  04:19 PM","Amendment Rejected (44-52, 3/5 majority required)"
37,Daines Amdt. No. 132,"January 28, 2015,  04:39 PM","Amendment Rejected (50-47, 3/5 majority required)"
38,Coons Amdt. No. 115,"January 28, 2015,  05:02 PM","Amendment Rejected (47-51, 3/5 majority required)"
39,Murkowski Amdt. No. 166,"January 28, 2015,  05:23 PM","Amendment Rejected (50-48, 3/5 majority required)"
40,Heitkamp Amdt. No. 133,"January 28, 2015,  05:44 PM","Amendment Rejected (47-51, 3/5 majority required)"
41,Gillibrand Amdt. No. 48,"January 28, 2015,  06:03 PM","Amendment Rejected (35-63, 3/5 majority required)"
42,Daines Admt. No. 246,"January 29, 2015,  11:29 AM","Amendment Rejected (47-51, 3/5 majority required)"
43,Burr Amdt. No. 92 As Modified,"January 29, 2015,  11:59 AM","Amendment Rejected (59-39, 3/5 majority required)"
44,Udall Amdt. No. 77,"January 29, 2015,  12:25 PM","Amendment Rejected (45-53, 3/5 majority required)"
45,Upon Reconsideration Motion to Invoke Cloture on S.1,"January 29, 2015,  12:46 PM","Cloture Motion Agreed to (62-35, 3/5 majority required)"
46,Booker Amdt. No. 155,"January 29, 2015,  02:36 PM",Amendment Rejected (41-56)
47,Markey Amdt. No. 141,"January 29, 2015,  03:10 PM",Amendment Rejected (36-62)
48,Markey Amdt. No. 178,"January 29, 2015,  03:30 PM",Amendment Rejected (44-54)
49,S.1 As Amended,"January 29, 2015,  03:47 PM",Bill Passed (62-36)
50,H.R. 203,"February 3, 2015,  12:01 PM",Bill Passed (99-0)
51,Motion to Invoke Cloture on the Motion to Proceed to H.R. 240,"February 3, 2015,  02:32 PM","Cloture on the Motion to Proceed Rejected (51-48, 3/5 majority required)"
52,Upon Reconsideration Motion to Invoke Cloture on the Motion to Proceed to H.R. 240,"February 4, 2015,  02:47 PM","Cloture on the Motion to Proceed Rejected (53-47, 3/5 majority required)"
53,Motion to Invoke Cloture on the Motion to Proceed to H.R. 240,"February 5, 2015,  11:32 AM","Cloture on the Motion to Proceed Rejected (52-47, 3/5 majority required)"
54,"Confirmation Michael P. Botticelli, of the District of Columbia, to be Director of National Drug Control Policy","February 9, 2015,  05:32 PM",Nomination Confirmed (92-0)
55,S. 295 As Amended,"February 11, 2015,  03:46 PM",Bill Passed (98-0)
56,"Confirmation Ashton B. Carter, of Massachusetts, to be Secretary of Defense","February 12, 2015,  02:07 PM",Nomination Confirmed (93-5)
57,Motion to Invoke Cloture on the Motion to Proceed to H.R. 240,"February 23, 2015,  05:32 PM","Cloture on the Motion to Proceed Rejected (47-46, 3/5 majority required)"
58,"Upon Reconsideration, Motion to Invoke Cloture on the Motion to Proceed to H.R. 240","February 25, 2015,  02:47 PM","Cloture on the Motion to Proceed Agreed to (98-2, 3/5 majority required)"
59,Motion to Invoke Cloture on H.R. 240,"February 27, 2015,  10:02 AM","Cloture Motion Agreed to (68-31, 3/5 majority required)"
60,Motion to Table Amdt. No. 258,"February 27, 2015,  10:35 AM",Motion to Table Failed (34-65)
61,Cochran Amdt. No. 255,"February 27, 2015,  10:52 AM",Amendment Agreed to (66-33)
62,"H.R. 240, As Amended","February 27, 2015,  11:10 AM",Bill Passed (68-31)
63,Motion to Invoke Cloture on the Motion to Proceed to S.534,"February 27, 2015,  11:29 AM","Cloture on the Motion to Proceed Rejected (57-42, 3/5 majority required)"
64,"Motion to Invoke Cloture on the Motion to Insist on Senate Amdt., Agree to a Conference, and Authorize Appointment of Conferees Re: H.R. 240","March 2, 2015,  05:30 PM","Cloture Motion Rejected (47-43, 3/5 majority required)"
65,Motion to Table the House Message to Accompany H.R. 240,"March 2, 2015,  05:56 PM",Motion to Table Agreed to (58-31)
66,Motion to Proceed to S.J.Res.8,"March 3, 2015,  02:18 PM",Motion to Proceed Agreed to (53-45)
67,S.J.Res.8,"March 4, 2015,  11:38 AM",Joint Resolution Passed (53-46)
68,"Shall the Bill S.1 Pass, Over the Objections of the President","March 4, 2015,  02:20 PM","Veto Sustained (62-37, 2/3 majority required)"
69,"Confirmation of Daniel Henry Marti, of Virginia, to be Intellectual Property Enforcement Coordinator","March 9, 2015,  05:32 PM",Nomination Confirmed (92-0)
70,"Confirmation Christopher A. Hart, of Colorado, to be Chairman of the National Transportation Safety Board","March 12, 2015,  02:11 PM",Nomination Confirmed (97-0)
71,"Confirmation Carlos A. Monje, Jr., of Louisiana, to be an Assistant Secretary of Transportation","March 16, 2015,  05:31 PM",Nomination Confirmed (94-0)
72,Motion to Invoke Cloture on the Committee Reported Substitute Amendment to S.178,"March 17, 2015,  11:01 AM","Cloture Motion Rejected (55-43, 3/5 majority required)"
73,Motion to Invoke Cloture on S.178,"March 17, 2015,  11:29 AM","Cloture Motion Rejected (55-43, 3/5 majority required)"
74,"Upon Reconsideration, Motion to Invoke Cloture on the Committee Reported Substitute Amdt. to S.178","March 18, 2015,  02:08 PM","Cloture Motion Rejected (57-41, 3/5 majority required)"
75,Motion to Invoke Cloture on the Committee Reported Substitute Amdt. to S. 178,"March 19, 2015,  12:00 PM","Cloture Motion Rejected (56-42, 3/5 majority required)"
76,Motion to Invoke Cloture on S.178,"March 19, 2015,  12:33 PM","Cloture Motion Rejected (56-42, 3/5 majority required)"
77,"Confirmation of William P. Doyle, of Pennsylvania, to be a Federal Maritime Commissioner","March 23, 2015,  05:30 PM",Nomination Confirmed (89-0)
78,Sanders Amdt. No. 323 As Modified,"March 24, 2015,  12:03 PM",Amendment Rejected (45-52)
79,Sanders Amdt. No. 386,"March 24, 2015,  12:34 PM",Amendment Agreed to (94-3)
80,Portman Amdt. No. 349,"March 24, 2015,  12:56 PM",Amendment Agreed to (96-0)
81,Fischer Amdt. No. 409,"March 24, 2015,  04:46 PM",Amendment Agreed to (56-43)
82,Mikulski Amdt. No. 362,"March 24, 2015,  05:14 PM",Amendment Rejected (45-54)
83,Hatch Amdt. No. 498,"March 24, 2015,  05:31 PM",Amendment Agreed to (75-24)
84,Motion to Waive All Applicable Budgetary Discipline Re: Wyden Amdt. No. 471,"March 24, 2015,  05:52 PM","Motion Rejected (51-48, 3/5 majority required)"
85,Cornyn Amdt. No. 357,"March 24, 2015,  06:10 PM",Amendment Rejected (1-98)
86,Warren Amdt. No. 652,"March 25, 2015,  12:35 PM",Amendment Rejected (46-53)
87,Stabenow Amdt. No. 755,"March 25, 2015,  04:48 PM",Amendment Agreed to (99-0)
88,Barrasso Amdt. No. 347,"March 25, 2015,  05:17 PM",Amendment Agreed to (59-40)
89,Sanders Amdt. No. 777 As Modified,"March 25, 2015,  05:38 PM",Amendment Rejected (49-50)
90,Motion to Waive All Applicable Budgetary Discipline Re: Bennet Amdt. No. 601,"March 25, 2015,  05:58 PM","Motion Rejected (46-53, 3/5 majority required)"
91,Murray Amdt. No. 801,"March 25, 2015,  06:21 PM",Amendment Rejected (46-53)
92,Cotton Amdt. No. 481,"March 25, 2015,  06:40 PM",Amendment Agreed to (99-0)
93,Sanders Amdt. No. 881,"March 26, 2015,  12:04 PM",Amendment Rejected (48-52)
94,Stabenow Amdt. No. 523,"March 26, 2015,  12:33 PM",Amendment Rejected (46-54)
95,Wyden Admt. No. 1012,"March 26, 2015,  12:52 PM",Amendment Rejected (47-53)
96,Motion to Waive All Applicable Budgetary Discipline Rubio Amdt. No. 423 As Modified,"March 26, 2015,  01:09 PM","Motion Rejected (32-68, 3/5 majority required)"
97,Motion to Waive All Applicable Budgetary Discipline Paul Amdt. No. 940 As Modified,"March 26, 2015,  01:33 PM","Motion Rejected (4-96, 3/5 majority required)"
98,Murray Amdt. No. 798,"March 26, 2015,  01:50 PM",Amendment Agreed to (61-39)
99,Moran Amdt. No. 356,"March 26, 2015,  02:07 PM",Amendment Agreed to (100-0)
100,Baldwin Amdt. No. 432,"March 26, 2015,  02:24 PM",Amendment Rejected (45-55)
101,Franken Amdt. No. 828,"March 26, 2015,  02:45 PM",Amendment Rejected (46-54)
102,Scott Amdt. No. 692,"March 26, 2015,  03:06 PM",Amendment Agreed to (56-44)
103,Blunt Amdt. No. 928,"March 26, 2015,  03:26 PM",Amendment Agreed to (58-42)
104,Durbin Amdt. No. 817,"March 26, 2015,  03:44 PM",Amendment Rejected (46-54)
105,Vitter Amdt. No. 515,"March 26, 2015,  04:02 PM",Amendment Agreed to (54-46)
106,Murkowski Amdt. No. 838,"March 26, 2015,  04:23 PM",Amendment Agreed to (51-49)
107,Whitehouse Amdt No. 867,"March 26, 2015,  04:56 PM",Amendment Rejected (47-52)
108,Inhofe Amdt. No. 649 As Modified,"March 26, 2015,  05:14 PM",Amendment Agreed to (59-41)
109,Kirk Amdt. No. 545 As Modified,"March 26, 2015,  05:32 PM",Amendment Agreed to (100-0)
110,Coons Amdt. No. 966 As Modified,"March 26, 2015,  05:51 PM",Amendment Rejected (46-54)
111,Stabenow Amdt. No. 1072,"March 26, 2015,  06:29 PM",Amendment Rejected (46-54)
112,Portman Amdt. No. 689,"March 26, 2015,  06:55 PM",Amendment Agreed to (59-41)
113,Casey Amdt. No. 632,"March 26, 2015,  07:15 PM",Amendment Agreed to (100-0)
114,Thune Amdt. No. 607,"March 26, 2015,  07:34 PM",Amendment Agreed to (54-46)
115,Bennet Amdt. No. 1014,"March 26, 2015,  07:51 PM",Amendment Agreed to (53-47)
116,McConnell Amdt. No. 836,"March 26, 2015,  08:12 PM",Amendment Agreed to (57-43)
117,Merkley Amdt. No. 842,"March 26, 2015,  08:29 PM",Amendment Rejected (46-54)
118,Gardner Amdt. No. 443,"March 26, 2015,  08:47 PM",Amendment Agreed to (59-41)
119,Murray Amdt. No. 951,"March 26, 2015,  09:06 PM",Amendment Rejected (46-54)
120,Flake Amdt. No. 665,"March 26, 2015,  09:32 PM",Amendment Agreed to (51-49)
121,Schatz Amdt. No. 1063 As Modified,"March 26, 2015,  09:53 PM",Amendment Agreed to (57-43)
122,Kirk Amdt. No. 1038,"March 26, 2015,  10:22 PM",Amendment Agreed to (57-43)
123,Motion to Waive All Applicable Budgetary Discipline Re: Nelson Amdt. No 944,"March 26, 2015,  10:45 PM","Motion Rejected (51-49, 3/5 majority required)"
124,McCain Amdt. No. 360 As Modified,"March 26, 2015,  11:06 PM",Amendment Agreed to (58-42)
125,Wyden Amdt. No. 968,"March 26, 2015,  11:23 PM",Amendment Agreed to (73-27)
126,Lee Amdt. No. 750 As Modified,"March 26, 2015,  11:47 PM",Amendment Agreed to (56-43)
127,Reed Amdt. No. 919,"March 27, 2015,  12:06 AM",Amendment Rejected (44-54)
128,Cotton Amdt. No. 659,"March 27, 2015,  12:34 AM",Amendment Agreed to (52-42)
129,Motion to Waive Applicable Budgetary Discipline Cotton Amdt. No. 664,"March 27, 2015,  12:49 AM","Motion Rejected (49-48, 3/5 majority required)"
130,Vitter Amdt. No. 811,"March 27, 2015,  02:19 AM",Amendment Agreed to (52-46)
131,Warren Amdt. No. 1094 As Modified,"March 27, 2015,  02:33 AM",Amendment Rejected (42-56)
132,Lee Amdt. No. 855,"March 27, 2015,  02:46 AM",Amendment Agreed to (54-44)
133,Cardin Amdt. No. 367,"March 27, 2015,  02:55 AM",Amendment Rejected (47-51)
134,Kaine Amdt. No. 1047 As Modified ,"March 27, 2015,  03:04 AM",Amendment Agreed to (50-48)
135,S.Con.Res. 11 As Amended,"March 27, 2015,  03:19 AM",Concurrent Resolution Agreed to (52-46)
136,"Confirmation Alfred H. Bennett, of Texas, to be U.S. District Judge for the Southern District of Texas","April 13, 2015,  05:31 PM",Nomination Confirmed (95-0)
137,Cornyn Amdt. No. 1114,"April 14, 2015,  07:13 PM","Amendment Rejected (54-45, 3/5 majority required)"
138,Motion to Waive Applicable Budgetary Discipline Bennet Amdt. No. 1115,"April 14, 2015,  07:42 PM","Motion Rejected (50-50, 3/5 majority required)"
139,Lee Amdt. No. 1116,"April 14, 2015,  08:00 PM",Amendment Rejected (42-58)
140,Motion to Waive Applicable Budgetary Discipline Murray Amdt. No. 1117,"April 14, 2015,  08:18 PM","Motion Rejected (43-57, 3/5 majority required)"
141,Cotton Amdt. No. 1118,"April 14, 2015,  08:34 PM",Amendment Rejected (11-89)
142,Motion to Waive All Applicable Budgetary Discipline Re: Cardin Amdt. No. 1119,"April 14, 2015,  08:51 PM","Motion Rejected (58-42, 3/5 majority required)"
143,Motion to Waive Applicable Budgetary Discipline Re: H.R. 2,"April 14, 2015,  09:12 PM","Motion Agreed to (71-29, 3/5 majority required)"
144,H.R. 2,"April 14, 2015,  09:33 PM",Bill Passed (92-8)
145,"Motion to Disagree in the House Amendment, Agree to the Request for a Conference, and Authorize the Presiding Officer to Appoint Conferees.","April 15, 2015,  12:01 PM",Motion Agreed to (54-43)
146,Brown Motion to Instruct (Wall Street Banks) Re: S.Con.Res. 11,"April 15, 2015,  04:22 PM",Motion Agreed to (86-11)
147,Sanders Motion to Instruct (Postal Plant Closures) Re: S.Con.Res. 11,"April 15, 2015,  04:54 PM",Motion Agreed to (85-11)
148,Burr Motion to Instruct (Student Loans) Re: S.Con.Res. 11,"April 15, 2015,  05:14 PM",Motion Agreed to (97-0)
149,Warren Motion to Instruct (Student Loans) Re: S.Con.Res. 11,"April 15, 2015,  05:39 PM",Motion Rejected (45-52)
150,Sanders Motion to Instruct (Social Security) Re: S.Con.Res. 11,"April 15, 2015,  05:56 PM",Motion Agreed to (84-13)
151,Fischer Motion to Instruct (Equal Pay) Re: S.Con.Res. 11,"April 15, 2015,  06:20 PM",Motion Agreed to (57-40)
152,Mikulski Motion to Instruct (Equal Pay) Re: S.Con.Res. 11,"April 15, 2015,  06:41 PM",Motion Rejected (44-53)
153,Stabenow Motion to Instruct (Medicare Cuts) Re: S.Con.Res. 11,"April 15, 2015,  07:06 PM",Motion Rejected (45-52)
154,"Confirmation Russell C. Deyo, of New Jersey, to be Under Secretary for Management, Department of Homeland Security","April 16, 2015,  02:02 PM",Nomination Confirmed (95-2)
155,"Confirmation George C. Hanks, Jr., of Texas, to be U.S. District Judge for the Southern District","April 20, 2015,  05:33 PM",Nomination Confirmed (91-0)
156,Leahy Amdt. No. 301,"April 22, 2015,  10:53 AM","Amendment Rejected (43-55, 3/5 majority required)"
157,Cornyn Amdt. No. 1124,"April 22, 2015,  11:22 AM","Amendment Agreed to (98-0, 3/5 majority required)"
158,Cornyn Amdt. No. 1127,"April 22, 2015,  02:01 PM","Amendment Rejected (45-53, 3/5 majority required)"
159,Leahy Amdt. No. 290,"April 22, 2015,  02:32 PM","Amendment Rejected (56-43, 3/5 majority required)"
160,Brown Amdt. No. 311,"April 22, 2015,  02:53 PM","Amendment Agreed to (99-0, 3/5 majority required)"
161,Burr Amdt. No. 1121,"April 22, 2015,  03:12 PM","Amendment Agreed to (98-0, 3/5 majority required)"
162,Kirk Amdt. No. 273 As Modified,"April 22, 2015,  03:32 PM","Amendment Agreed to (97-2, 3/5 majority required)"
163,S. 178 As Amended,"April 22, 2015,  04:06 PM",Bill Passed (99-0)
164,"Motion to Invoke Cloture on the Nomination of Loretta Lynch, to be Attorney General","April 23, 2015,  11:44 AM",Cloture Motion Agreed to (66-34)
165,"Confirmation Loretta E. Lynch, of New York, to be Attorney General","April 23, 2015,  01:37 PM",Nomination Confirmed (56-43)
166,"Confirmation Dava J. Newman, of Massachusetts, to be Deputy Administrator of the NASA","April 27, 2015,  05:31 PM",Nomination Confirmed (87-0)
167,Johnson Amdt. No. 1150,"April 28, 2015,  06:10 PM","Amendment Rejected (39-57, 3/5 majority required)"
168,Barrasso Amdt. No. 1147,"April 29, 2015,  05:25 PM","Amendment Rejected (45-54, 3/5 majority required)"
169,"Confirmation Willie E. May, of Maryland, to be Under Secretary of Commerce for Standards and Technology","May 4, 2015,  05:31 PM",Nomination Confirmed (93-0)
170,Motion to Proceed Re: Conference Report to Accompany S. Con. Res. 11,"May 5, 2015,  10:18 AM",Motion to Proceed Agreed to (53-44)
171,Conference Report to Accompany S. Con. Res. 11,"May 5, 2015,  05:30 PM",Conference Report Agreed to (51-48)
172,Motion to Table Veto Message to Accompany S.J. Res. 8,"May 5, 2015,  05:59 PM",Motion to Table Agreed to (96-3)
173,Motion to Invoke Cloture on Amdt. No. 1140 to H.R. 1191,"May 7, 2015,  02:01 PM","Cloture Motion Agreed to (93-6, 3/5 majority required)"
174,H.R. 1191 As Amended,"May 7, 2015,  02:24 PM",Bill Passed (98-1)
175,S. Con. Res. 16,"May 11, 2015,  05:33 PM",Concurrent Resolution Agreed to (90-0)
176,Motion to Invoke Cloture on the Motion to Proceed to H.R. 1314,"May 12, 2015,  02:32 PM","Cloture on the Motion to Proceed Rejected (52-45, 3/5 majority required)"
177,"Confirmation Sally Quillian Yates, of Georgia, to be Deputy Attorney General","May 13, 2015,  01:59 PM",Nomination Confirmed (84-12)
178,"H.R. 1295, As Amended","May 14, 2015,  12:00 PM","Bill Passed (97-1, 3/5 majority required)"
179,"H.R. 644, As Amended","May 14, 2015,  12:28 PM","Bill Passed (78-20, 3/5 majority required)"
180,"Upon Reconsideration, Motion to Invoke Cloture on the Motion to Proceed to H.R. 1314","May 14, 2015,  01:55 PM","Cloture on the Motion to Proceed Agreed to (65-33, 3/5 majority required)"
181,Brown Amdt. No. 1242,"May 18, 2015,  05:30 PM","Amendment Rejected (45-41, 3/5 majority required)"
182,Lankford Amdt. No. 1237 As Modified,"May 18, 2015,  06:05 PM","Amendment Agreed to (92-0, 3/5 majority required)"
183,Motion to Invoke Cloture on Hatch Amdt. No. 1221 to H.R. 1314,"May 21, 2015,  10:18 AM","Cloture Motion Agreed to (62-38, 3/5 majority required)"
184,"Confirmation Jill N. Parrish, of Utah, to be United States District Judge","May 21, 2015,  05:03 PM",Nomination Confirmed (100-0)
185,"Confirmation Jose Rolando Olvera, Jr., of Texas, to be U.S. District Judge for the Southern District of Texas","May 21, 2015,  05:27 PM",Nomination Confirmed (100-0)
186,Hatch Amdt. No. 1411 As Modified,"May 22, 2015,  04:57 PM",Amendment Agreed to (70-29)
187,Portman Amdt. No. 1299,"May 22, 2015,  05:35 PM",Amendment Rejected (48-51)
188,Warren Amdt. No. 1327,"May 22, 2015,  05:56 PM",Amendment Rejected (39-60)
189,Brown Amdt. No. 1251,"May 22, 2015,  06:21 PM",Amendment Rejected (47-52)
190,Flake Amdt. No. 1243,"May 22, 2015,  06:42 PM",Amendment Rejected (36-62)
191,Hatch Amdt. No. 1221 As Amended,"May 22, 2015,  07:01 PM",Amendment Agreed to (62-37)
192,Motion to Invoke Cloture on H.R. 1314,"May 22, 2015,  07:27 PM","Cloture Motion Agreed to (61-38, 3/5 majority required)"
193,H.R. 1314 As Amended,"May 22, 2015,  08:51 PM",Bill Passed (62-37)
194,Motion to Invoke Cloture on the Motion to Proceed to H.R. 2048,"May 23, 2015,  12:05 AM","Cloture on the Motion to Proceed Rejected (57-42, 3/5 majority required)"
195,Motion to Invoke Cloture on the Motion to Proceed to S. 1357,"May 23, 2015,  12:44 AM","Cloture on the Motion to Proceed Rejected (45-54, 3/5 majority required)"
196,Upon Reconsideration Motion to Invoke Cloture on the Motion to Proceed to H.R. 2048,"May 31, 2015,  06:26 PM","Cloture on the Motion to Proceed Agreed to (77-17, 3/5 majority required)"
197,Motion to Invoke Cloture on H.R. 2048,"June 2, 2015,  10:36 AM","Cloture Motion Agreed to (83-14, 3/5 majority required)"
198,McConnell Amdt. No. 1451,"June 2, 2015,  02:39 PM",Amendment Rejected (42-56)
199,McConnell Amdt. No. 1450,"June 2, 2015,  03:06 PM",Amendment Rejected (44-54)
200,McConnell Amdt. No. 1449,"June 2, 2015,  03:26 PM",Amendment Rejected (43-56)
201,H.R. 2048,"June 2, 2015,  04:06 PM",Bill Passed (67-32)
202,Portman Amdt. No. 1522,"June 4, 2015,  10:32 AM",Amendment Agreed to (61-34)
203,Shaheen Amdt. No. 1494,"June 4, 2015,  01:48 PM","Amendment Rejected (53-42, 3/5 majority required)"
204,Tillis Amdt. No. 1506,"June 4, 2015,  02:19 PM",Amendment Agreed to (48-44)
205,Reed Amdt. No. 1521,"June 9, 2015,  03:08 PM",Amendment Rejected (46-51)
206,Motion to Table Kirk Amdt. No. 1986,"June 10, 2015,  05:03 PM",Motion to Table Failed (31-65)
207,Motion to Invoke Cloture on Burr Amdt. No. 1569 As Modified,"June 11, 2015,  03:03 PM","Cloture Motion Rejected (56-40, 3/5 majority required)"
208,"Confirmation Matthew T. McGuire, of the District of Columbia, to be U.S. Executive Director of the International Bank for Reconstruction and Development","June 15, 2015,  05:31 PM",Nomination Confirmed (62-24)
209,McCain Amdt. No. 1889,"June 16, 2015,  11:30 AM",Amendment Agreed to (78-21)
210,Ernst Amdt. No. 1549,"June 16, 2015,  02:18 PM","Amendment Rejected (54-45, 3/5 majority required)"
211,Gillibrand Amdt. No. 1578,"June 16, 2015,  02:42 PM","Amendment Rejected (50-49, 3/5 majority required)"
212,Motion to Invoke Cloture on McCain Amdt. No. 1463,"June 16, 2015,  03:02 PM","Cloture Motion Agreed to (83-15, 3/5 majority required)"
213,Vitter Amdt. No. 1473 As Further Modified,"June 16, 2015,  05:01 PM",Amendment Rejected (26-73)
214,Motion to Invoke Cloture on H.R. 1735,"June 17, 2015,  04:04 PM","Cloture Motion Agreed to (84-14, 3/5 majority required)"
215,H.R. 1735 As Amended,"June 18, 2015,  01:46 PM",Bill Passed (71-25)
216,Motion to Invoke Cloture on the Motion to Proceed to H.R. 2685,"June 18, 2015,  02:20 PM","Cloture on the Motion to Proceed Rejected (50-45, 3/5 majority required)"
217,"Confirmation Peter V. Neffenger, of Ohio, to be an Assistant Secretary of Homeland Security","June 22, 2015,  05:38 PM",Nomination Confirmed (81-1)
218,Motion to Invoke Cloture on the Motion to Concur in the House Amendment to the Senate Amendment to H.R. 2146,"June 23, 2015,  11:04 AM","Cloture Motion Agreed to (60-37, 3/5 majority required)"
219,Motion to Concur in the House Amendment to the Senate Amendment to H.R. 2146,"June 24, 2015,  04:03 PM",Motion Agreed to (60-38)
220,Motion to Invoke Cloture on the Motion to Concur in the House Amendment to the Senate Amendment to H.R. 1295 with Amendment No. 2065,"June 24, 2015,  04:43 PM","Cloture Motion Agreed to (76-22, 3/5 majority required)"
221,"Confirmation Kara Farnandez Stoll, of Virginia, to be U.S. Circuit Judge for the Federal Circuit","July 7, 2015,  05:31 PM",Nomination Confirmed (95-0)
222,Reed. Amdt. No. 2085,"July 8, 2015,  12:04 PM",Amendment Agreed to (98-0)
223,Hirono Amdt. No. 2109,"July 8, 2015,  04:35 PM",Amendment Rejected (47-50)
224,Tester Amdt. No. 2107,"July 8, 2015,  05:05 PM",Amendment Agreed to (56-41)
225,Alexander Amdt. No. 2139,"July 8, 2015,  05:24 PM","Amendment Rejected (45-52, 3/5 majority required)"
226,Daines Amdt. No. 2110,"July 9, 2015,  11:34 AM","Amendment Rejected (44-54, 3/5 majority required)"
227,Brown Amdt. No. 2099,"July 9, 2015,  12:05 PM",Amendment Agreed to (98-0)
228,Toomey Amdt. No. 2094 As Modified,"July 9, 2015,  12:23 PM",Amendment Agreed to (98-0)
229,"Motion to Invoke Cloture on the Motion to Insist on the Senate Amendment, Agree to the Request for Conference, and Authorize the Presiding Officer to Appoint Conferees Re: H.R. 1735","July 9, 2015,  01:46 PM","Cloture Motion Agreed to (81-15, 3/5 majority required)"
230,Reed Motion to Instruct Conferees Re: H.R. 1735,"July 9, 2015,  02:15 PM",Motion Rejected (44-52)
231,Hatch Amdt. No. 2080,"July 13, 2015,  05:32 PM",Amendment Agreed to (89-0)
232,Scott Amdt. No. 2132,"July 14, 2015,  12:14 PM","Amendment Rejected (45-51, 3/5 majority required)"
233,Booker Amdt. No. 2169,"July 14, 2015,  12:46 PM",Amendment Agreed to (56-40)
234,Isakson Amdt. No. 2194,"July 14, 2015,  03:58 PM",Amendment Agreed to (97-0)
235,Lee Amdt No. 2162,"July 14, 2015,  04:30 PM",Amendment Rejected (32-64)
236,Franken Amdt. No. 2093,"July 14, 2015,  04:53 PM","Amendment Rejected (52-45, 3/5 majority required)"
237,Motion to Invoke Cloture on the Alexander Amdt. No. 2089,"July 15, 2015,  12:29 PM","Cloture Motion Agreed to (86-12, 3/5 majority required)"
238,Markey Amdt. No. 2176,"July 15, 2015,  03:19 PM","Amendment Rejected (44-53, 3/5 majority required)"
239,Heitkamp Amdt. No. 2171,"July 15, 2015,  03:46 PM","Amendment Rejected (58-39, 3/5 majority required)"
240,Kirk Amdt. No. 2161,"July 15, 2015,  04:07 PM","Amendment Rejected (46-50, 3/5 majority required)"
241,Murphy Amdt. No. 2241,"July 15, 2015,  04:29 PM","Amendment Rejected (43-54, 3/5 majority required)"
242,Cruz Amdt. No. 2180,"July 16, 2015,  10:54 AM",Amendment Rejected (40-58)
243,Sanders Amdt. No. 2177,"July 16, 2015,  11:23 AM","Amendment Rejected (43-55, 3/5 majority required)"
244,Coons Amdt. No. 2243,"July 16, 2015,  11:42 AM","Amendment Agreed to (68-30, 3/5 majority required)"
245,Burr Amdt. No. 2247 As Modified,"July 16, 2015,  12:03 PM",Amendment Agreed to (59-39)
246,Brown Amdt. No. 2100,"July 16, 2015,  12:25 PM",Amendment Agreed to (53-44)
247,Casey Amdt. No. 2242,"July 16, 2015,  12:45 PM","Amendment Rejected (45-52, 3/5 majority required)"
248,Motion to Invoke Cloture on S. 1177,"July 16, 2015,  01:45 PM","Cloture Motion Agreed to (79-18, 3/5 majority required)"
249,S. 1177 As Amended,"July 16, 2015,  02:20 PM",Bill Passed (81-17)
250,Motion to Invoke Cloture on the Motion to Proceed to H.R. 22,"July 21, 2015,  04:18 PM","Cloture on the Motion to Proceed Rejected (41-56, 3/5 majority required)"
251,Upon Reconsideration Motion to Invoke Cloture on the Motion to Proceed to H.R. 22,"July 22, 2015,  07:31 PM","Cloture on the Motion to Proceed Agreed to (62-36, 3/5 majority required)"
252,Motion to Proceed to H.R. 22,"July 24, 2015,  09:03 AM",Motion to Proceed Agreed to (51-26)
253,Motion to Invoke Cloture on McConnell Amdt. No. 2328,"July 26, 2015,  03:03 PM","Cloture Motion Rejected (49-43, 3/5 majority required)"
254,Motion to Invoke Cloture on Kirk Amdt. No. 2327,"July 26, 2015,  03:37 PM","Cloture Motion Agreed to (67-26, 3/5 majority required)"
255,Motion to Instruct the Sergeant at Arms,"July 27, 2015,  10:03 PM",Motion for Attendance Agreed to (79-14)
256,Kirk Amdt. No. 2327,"July 27, 2015,  10:30 PM",Amendment Agreed to (64-29)
257,"Motion to Invoke Cloture on McConnell Amdt. No. 2266, As Modified","July 27, 2015,  10:46 PM","Cloture Motion Agreed to (62-32, 3/5 majority required)"
258,McConnell Amdt. No. 2266 As Amended,"July 29, 2015,  10:03 AM",Amendment Agreed to (62-38)
259,Motion to Invoke Cloture on H.R. 22 As Amended,"July 29, 2015,  10:32 AM","Cloture Motion Agreed to (65-35, 3/5 majority required)"
260,H.R. 22 As Amended,"July 30, 2015,  12:02 PM",Bill Passed (65-34)
261,H.R. 3236,"July 30, 2015,  01:47 PM","Bill Passed (91-4, 3/5 majority required)"
262,Motion to Invoke Cloture on the Motion to Proceed to S. 1881,"August 3, 2015,  05:36 PM","Cloture on the Motion to Proceed Rejected (53-46, 3/5 majority required)"
263,"Confirmation Roseann A. Ketchmark, of Missouri, to be U.S. District Judge for the Western District","September 8, 2015,  05:32 PM",Nomination Confirmed (96-0)
264,Motion to Invoke Cloture on McConnell Amdt. No. 2640,"September 10, 2015,  03:48 PM","Cloture Motion Rejected (58-42, 3/5 majority required)"
265,Motion to Invoke Cloture on McConnell Amdt. No. 2640,"September 15, 2015,  06:17 PM","Cloture Motion Rejected (56-42, 3/5 majority required)"
266,Motion to Invoke Cloture on McConnell Amdt. No. 2656,"September 17, 2015,  11:07 AM","Cloture Motion Rejected (53-45, 3/5 majority required)"
267,Motion to Invoke Cloture on McConnell Amdt. No. 2640,"September 17, 2015,  11:49 AM","Cloture Motion Rejected (56-42, 3/5 majority required)"
268,Motion to Invoke Cloture on the Motion to Proceed to H.R. 36,"September 22, 2015,  11:02 AM","Cloture on the Motion to Proceed Rejected (54-42, 3/5 majority required)"
269,"Motion to Invoke Cloture on the Motion to Proceed to H.R. 2685, Upon Reconsideration","September 22, 2015,  12:01 PM","Cloture on the Motion to Proceed Rejected (54-42, 3/5 majority required)"
270,Motion to Invoke Cloture on Cochran Amdt. No. 2669,"September 24, 2015,  01:55 PM","Cloture Motion Rejected (47-52, 3/5 majority required)"
271,Motion to Invoke Cloture on the Motion to Concur in the House Amendment to the Senate Amendment with Further Amendment to H.R. 719,"September 28, 2015,  05:41 PM","Cloture Motion Agreed to (77-19, 3/5 majority required)"
272,Motion to Concur in the House Amendment to the Senate Amendment to H.R. 719 with Further Amendment,"September 30, 2015,  10:00 AM",Motion Agreed to (78-20)
273,Motion to Invoke Cloture on the Motion to Proceed to H.R. 2029,"October 1, 2015,  01:45 PM","Cloture on the Motion to Proceed Rejected (50-44, 3/5 majority required)"
274,"Confirmation Dale A. Drozd, of California, to be U.S. District Judge for the Eastern District","October 5, 2015,  05:32 PM",Nomination Confirmed (69-21)
275,Motion to Invoke Cloture Re: Conference Report to Accompany H.R. 1735,"October 6, 2015,  01:01 PM","Cloture Motion Agreed to (73-26, 3/5 majority required)"
276,Motion to Waive All Applicable Budgetary Discipline Re: Conference Report to Accompany H.R. 1735,"October 7, 2015,  02:03 PM","Motion Agreed to (71-26, 3/5 majority required)"
277,Conference Report to Accompany H.R. 1735,"October 7, 2015,  02:29 PM",Conference Report Agreed to (70-27)
278,Motion to Invoke Cloture Re: Motion to Proceed to H.R. 2028,"October 8, 2015,  12:44 PM","Cloture on the Motion to Proceed Rejected (49-47, 3/5 majority required)"
279,"Confirmation Ann Donnelly, of New York, to be U.S. District Judge for the Eastern District","October 20, 2015,  11:04 AM",Nomination Confirmed (95-2)
280,Motion to Invoke Cloture on the Motion to Proceed to S. 2146,"October 20, 2015,  02:16 PM","Cloture on the Motion to Proceed Rejected (54-45, 3/5 majority required)"
281,Motion to Invoke Cloture Burr Amdt. No. 2716,"October 22, 2015,  11:08 AM","Cloture Motion Agreed to (83-14, 3/5 majority required)"
282,Paul Amdt. No. 2564 As Modified,"October 22, 2015,  11:46 AM",Amendment Rejected (32-65)
283,"Nomination Julie Furuta-Toy, of Wyoming, to be Ambassador to the Republic of Equatorial Guinea","October 22, 2015,  01:46 PM",Nomination Confirmed (93-0)
284,"Confirmation Lawrence Joseph Vilardo, of New York, to be U.S. District Judge for the Western District","October 26, 2015,  05:33 PM",Nomination Confirmed (88-0)
285,"Wyden Amdt. No. 2621, As Modified","October 27, 2015,  11:04 AM",Amendment Rejected (41-55)
286,"Heller Amdt. No. 2548, As Modified","October 27, 2015,  11:36 AM",Amendment Rejected (47-49)
287,"Leahy Amdt. No. 2587, As Modified","October 27, 2015,  12:14 PM",Amendment Rejected (37-59)
288,Franken Amdt. No. 2612 As Further Modified,"October 27, 2015,  12:33 PM",Amendment Rejected (35-60)
289,"Coons Amdt. No. 2552, As Further Modified","October 27, 2015,  04:13 PM",Amendment Rejected (41-54)
290,"Cotton Amdt. No. 2581, As Modified","October 27, 2015,  04:43 PM",Amendment Rejected (22-73)
291,"S. 754, As Amended","October 27, 2015,  05:10 PM",Bill Passed (74-21)
292,Motion to Invoke Cloture in the House Amendment to the Senate Amendment to H.R. 1314,"October 30, 2015,  01:01 AM","Cloture Motion Agreed to (63-35, 3/5 majority required)"
293,Motion to Waive All Applicable Budgetary Discipline Re: Motion to Concur in the House Amendment to the Senate Amendment to H.R. 1314,"October 30, 2015,  02:23 AM","Motion Agreed to (64-35, 3/5 majority required)"
294,Motion to Concur in the House Amendment to the Senate Amendment to H.R. 1314,"October 30, 2015,  02:43 AM",Motion Agreed to (64-35)
295,Motion to Invoke Cloture on the Motion to Proceed to S. 1140,"November 3, 2015,  02:31 PM","Cloture on the Motion to Proceed Rejected (57-41, 3/5 majority required)"
296,Motion to Proceed to S. J. Res. 22,"November 3, 2015,  03:56 PM",Motion to Proceed Agreed to (55-43)
297,S. J. Res. 22,"November 4, 2015,  12:01 PM",Joint Resolution Passed (53-44)
298,Motion to Invoke Cloture on the Motion to Proceed to H.R. 2685,"November 5, 2015,  11:01 AM","Cloture on the Motion to Proceed Rejected (51-44, 3/5 majority required)"
299,Motion to Proceed to H.R. 2029,"November 5, 2015,  01:46 PM",Motion to Proceed Agreed to (93-0)
300,"Confirmation Scott Allen, of Maryland, to be Director of the European Bank for Reconstruction and Development","November 9, 2015,  05:30 PM",Nomination Confirmed (83-0)
301,Motion to Concur in the House Amendment to S. 1356,"November 10, 2015,  11:27 AM",Motion Agreed to (91-3)
302,H.R. 2029 As Amended,"November 10, 2015,  12:45 PM",Bill Passed (93-0)
303,"Motion to Invoke Cloture on the Motion to Disagree to the House Amendment to the Senate Amendment to H.R. 22, Agree to the Request for Conference, and Authorize Conferees to be Appointed","November 10, 2015,  02:44 PM","Cloture Motion Agreed to (82-7, 3/5 majority required)"
304,Wicker Motion to Instruct Conferees (Re: Combination Length Limitations),"November 10, 2015,  03:13 PM",Motion Agreed to (56-31)
305,"Nomination LaShann Moutique DeArcy Hall, of New York, to be U.S. District Judge for the Eastern District","November 16, 2015,  05:32 PM",Nomination Confirmed (93-1)
306,S.J.Res. 24,"November 17, 2015,  05:28 PM",Joint Resolution Passed (52-46)
307,S.J.Res. 23,"November 17, 2015,  05:59 PM",Joint Resolution Passed (52-46)
308,"Motion to Invoke Cloture on the Motion to Disagree to the House Amendment, Agree to the Request for Conference, and Authorize the Presiding Officer to Appoint Conferees Re: S. 1177","November 18, 2015,  10:44 AM","Cloture Motion Agreed to (91-6, 3/5 majority required)"
309,"Nomination Peter William Bodde, of Maryland, to be Ambassador to Libya","November 19, 2015,  02:02 PM",Nomination Confirmed (95-0)
310,"Nomination Gayle Smith, of Ohio, to be Administrator of the United States Agency for International Development","November 30, 2015,  05:36 PM",Nomination Confirmed (79-7)
311,Motion to Table Murray Amdt. No. 2876,"December 3, 2015,  01:34 PM",Motion to Table Agreed to (54-46)
312,Johnson Amdt. No. 2875,"December 3, 2015,  02:02 PM","Amendment Rejected (56-44, 3/5 majority required)"
313,Motion to Waive All Applicable Budgetary Discipline Re: Brown Amdt. No. 2883,"December 3, 2015,  02:22 PM","Motion Rejected (45-55, 3/5 majority required)"
314,Collins Amdt. No. 2885,"December 3, 2015,  02:43 PM",Amendment Rejected (48-52)
315,Motion to Waive All Applicable Budgetary Discipline Re: Casey Amdt. No. 2893,"December 3, 2015,  03:02 PM","Motion Rejected (46-54, 3/5 majority required)"
316,Heller Amdt. No. 2882,"December 3, 2015,  03:22 PM",Amendment Agreed to (90-10)
317,Motion to Waive All Applicable Budgetary Discipline Re: Shaheen Amdt. No. 2892,"December 3, 2015,  03:44 PM","Motion Rejected (47-52, 3/5 majority required)"
318,Motion to Waive All Applicable Budgetary Discipline Re: Cornyn Amdt. No. 2912,"December 3, 2015,  04:08 PM","Motion Rejected (55-44, 3/5 majority required)"
319,Motion to Waive All Applicable Budgetary Discipline Re: Feinstein Amdt. No. 2910,"December 3, 2015,  04:29 PM","Motion Rejected (45-54, 3/5 majority required)"
320,Motion to Waive All Applicable Budgetary Discipline Re: Grassley Amdt. No. 2914,"December 3, 2015,  04:49 PM","Motion Rejected (53-46, 3/5 majority required)"
321,Motion to Waive All Applicable Budgetary Discipline Re: Manchin Amdt. No. 2908,"December 3, 2015,  05:09 PM","Motion Rejected (48-50, 3/5 majority required)"
322,Motion to Waive All Applicable Budgetary Discipline Re: Bennet Amdt. No. 2907,"December 3, 2015,  05:30 PM","Motion Rejected (47-52, 3/5 majority required)"
323,Paul Amdt. No. 2899,"December 3, 2015,  05:52 PM","Amendment Rejected (10-89, 3/5 majority required)"
324,Coats Amdt. No. 2888,"December 3, 2015,  06:19 PM",Amendment Agreed to (60-39)
325,Paul Amdt. No. 2915,"December 3, 2015,  07:06 PM","Amendment Rejected (54-45, 3/5 majority required)"
326,Motion to Waive All Applicable Budgetary Discipline Re: McConnell Amdt. No. 2916,"December 3, 2015,  07:06 PM","Motion Rejected (52-47, 3/5 majority required)"
327,Motion to Waive All Applicable Budgetary Discipline Re: Baldwin Amdt. No. 2919,"December 3, 2015,  07:31 PM","Motion Rejected (45-54, 3/5 majority required)"
328,Motion to Waive All Applicable Budgetary Discipline Re: Murphy Amdt. No. 2918,"December 3, 2015,  07:48 PM","Motion Rejected (46-53, 3/5 majority required)"
329,H.R. 3762 As Amended,"December 3, 2015,  08:09 PM",Bill Passed (52-47)
330,Motion to Waive Rule XXVIII Relative to Section 32205 Re: the Conference Report to Accompany H.R. 22,"December 3, 2015,  08:31 PM","Motion Agreed to (77-22, 3/5 majority required)"
331,Conference Report to Accompany H.R. 22,"December 3, 2015,  08:47 PM","Conference Report Agreed to (83-16, 3/5 majority required)"
332,"Confirmation Travis Randall McDonough, of Tennessee, to be U.S. District Judge for the Eastern District","December 7, 2015,  05:29 PM",Nomination Confirmed (89-0)
333,Motion to Invoke Cloture Re: Conference Report to Accompany S. 1177,"December 8, 2015,  11:30 AM","Cloture Motion Agreed to (84-12, 3/5 majority required)"
334,Conference Report to Accompany S.1177,"December 9, 2015,  10:46 AM",Conference Report Agreed to (85-12)
335,"Confirmation Alissa M. Starzak, of New York, to be General Counsel of the Department of the Army","December 14, 2015,  05:34 PM",Nomination Confirmed (45-34)
336,Motion to Invoke Cloture on the Motion to Concur in the House Amendments to the Senate Amendment to H.R. 2029,"December 18, 2015,  10:30 AM","Cloture Motion Agreed to (72-26, 3/5 majority required)"
337,Motion to Table the First House Amendment to the Senate Amendment to H.R. 2029,"December 18, 2015,  10:56 AM",Motion to Table Failed (31-67)
338,Motion to Waive All Applicable Budgetary Discipline Re: Motion to Concur in the House Amendments to the Senate Amendment to H.R. 2029,"December 18, 2015,  11:16 AM","Motion Agreed to (73-25, 3/5 majority required)"
339,Motion to Concur in the House Amendments to the Senate Amendment to H.R. 2029,"December 18, 2015,  11:31 AM",Motion Agreed to (65-33)
