,title,vote_date,vote_result
0,Motion to Adjourn,"January 7, 2003,  05:09 PM",Motion to Adjourn Agreed to (51-46)
1,Motion to Adjourn,"January 7, 2003,  05:09 PM",Motion to Adjourn Agreed to (51-46)
2,Byrd Amendment No. 2,"January 16, 2003,  12:30 PM",Amendment Rejected (45-51)
3,Byrd Amendment No. 8,"January 16, 2003,  02:07 PM",Amendment Rejected (45-51)
4,Gregg Amdt. No. 19,"January 16, 2003,  06:05 PM",Amendment Agreed to (52-45)
5,Kennedy Amdt. No. 13,"January 16, 2003,  06:40 PM",Amendment Rejected (46-51)
6,Motion To Table Harkin Amdt. No. 32,"January 17, 2003,  09:50 AM",Motion to Table Agreed to (52-46)
7,Byrd Amendment No. 36,"January 17, 2003,  11:31 AM",Amendment Rejected (46-52)
8,Motion To Table McCain Amdt. No. 44,"January 17, 2003,  01:42 PM",Motion to Table Agreed to (62-33)
9,S. 121,"January 21, 2003,  05:16 PM",Bill Passed (92-0)
10,Reed Amdt. No. 27,"January 21, 2003,  05:52 PM",Amendment Agreed to (88-4)
11,"Inhofe Amdt. No. 86, As Modified","January 22, 2003,  09:39 AM",Amendment Agreed to (51-45)
12,Edwards Amdt. No. 67,"January 22, 2003,  10:09 AM",Amendment Rejected (46-50)
13,"Confirmation Thomas J. Ridge, of Pennsylvania, to be Secretary of Homeland Security.","January 22, 2003,  12:10 PM",Nomination Confirmed (94-0)
14,Motion To Waive C.B.A. RE: Reed Amdt. No. 40,"January 22, 2003,  02:22 PM","Motion Rejected (45-49, 3/5 majority required)"
15,Cochran Amdt. No. 204,"January 22, 2003,  04:16 PM",Amendment Agreed to (59-35)
16,Daschle Amdt. No. 79,"January 22, 2003,  04:43 PM",Amendment Rejected (39-56)
17,Motion To Table Nelson(FL) Amdt. No. 97,"January 22, 2003,  05:21 PM",Motion to Table Agreed to (48-46)
18,Motion To Table Specter Amdt. No. 68,"January 22, 2003,  06:21 PM",Motion to Table Agreed to (64-31)
19,Feingold Amdt. No. 200,"January 23, 2003,  11:06 AM",Amendment Rejected (36-61)
20,Motion to Table Kennedy Amdt. No. 123,"January 23, 2003,  01:41 PM",Motion to Table Agreed to (51-46)
21,Motion to Waive CBA Re:  Clinton Amdt. No. 89,"January 23, 2003,  02:26 PM","Motion Rejected (41-56, 3/5 majority required)"
22,Motion To Table McCain Amdt. No. 214,"January 23, 2003,  02:40 PM",Motion to Table Agreed to (62-34)
23,Motion to Table McCain Amdt. No. 230,"January 23, 2003,  03:04 PM",Motion to Table Agreed to (67-30)
24,Motion to Table Cantwell Amdt. No. 108,"January 23, 2003,  05:43 PM",Motion to Table Agreed to (50-48)
25,Thomas Amdt. No. 246,"January 23, 2003,  06:23 PM",Amendment Agreed to (50-48)
26,Mikulski Amdt. No. 247,"January 23, 2003,  07:13 PM",Amendment Rejected (47-50)
27,Motion to Table Lautenberg Amdt. No. 192,"January 23, 2003,  08:02 PM",Motion to Table Agreed to (53-45)
28,H.J.Res. 2,"January 23, 2003,  08:37 PM",Joint Resolution Passed (69-29)
29,"Confirmation Gordon England, of Texas, to be Deputy Secretary of Homeland Security","January 30, 2003,  02:50 PM",Nomination Confirmed (99-0)
30,S. Res. 45,"February 5, 2003,  02:22 PM",Resolution Agreed to (95-0)
31,"Confirmation John R. Adams, Of Ohio, To Be U.S. Ditrict Judge","February 10, 2003,  05:16 PM",Nomination Confirmed (91-0)
32,"Confirmation:  S. James Otero, Of California, To Be U.S. District Judge","February 10, 2003,  05:50 PM",Nomination Confirmed (94-0)
33,"Confirmation Robert A. Junell, Of Texas, To Be U.S. District Judge","February 10, 2003,  06:05 PM",Nomination Confirmed (91-0)
34,"Conference Report, H.J.Res.2","February 13, 2003,  10:14 PM",Conference Report Agreed to (76-20)
35,"S. 151, As Amended","February 24, 2003,  05:32 PM",Bill Passed (84-0)
36,Motion To Instruct Sergeant At Arms,"February 26, 2003,  11:27 PM",Motion for Attendance Agreed to (73-1)
37,Motion To Instruct Sergeant At Arms,"February 27, 2003,  12:02 AM",Motion for Attendance Agreed to (74-1)
38,"Confirmation of Marian Blank Horn, of Maryland, to be a Judge of The U.S. Court of Federal Claims","March 3, 2003,  05:31 PM",Nomination Confirmed (89-0)
39,S. Res. 71 As Amended,"March 4, 2003,  04:30 PM",Resolution Agreed to (94-0)
40,Motion To Invoke Cloture On The Nomination Of Miguel A. Estrada To Be U.S. Circuit Judge,"March 6, 2003,  10:35 AM","Cloture Motion Rejected (55-44, 3/5 majority required)"
41,Levin Amdt. No. 252 As Modified,"March 6, 2003,  04:08 PM",Amendment Rejected (44-50)
42,Kerry Amdt. No. 255,"March 6, 2003,  05:44 PM",Amendment Rejected (45-50)
43,Treaty Document 107-8 Resolution Of Ratification,"March 6, 2003,  06:46 PM","Resolution of Ratification Agreed to (95-0, 2/3 majority required)"
44,"Confirmation Gregory L. Frost, Of Ohio, To Be U.S. District Judge","March 10, 2003,  05:47 PM",Nomination Confirmed (91-0)
45,Motion To Waive C.B.A. RE: Murray Amdt. No. 258,"March 11, 2003,  06:59 PM","Motion Rejected (49-47, 3/5 majority required)"
46,Motion To Table Durbin Amdt. No. 259 As Modified,"March 12, 2003,  12:39 PM",Motion to Table Agreed to (60-38)
47,Boxer Motion To Commit S. 3 To The Judiciary Committee With Instructions,"March 12, 2003,  01:11 PM",Motion Rejected (42-56)
48,Harkin Amdt. No. 260,"March 12, 2003,  04:03 PM",Amendment Agreed to (52-46)
49,Feinstein Amdt. No. 261,"March 12, 2003,  06:23 PM",Amendment Rejected (35-60)
50,"Confirmation William D. Quarles, Jr. Of Maryland To Be U.S. District Judge","March 12, 2003,  06:52 PM",Nomination Confirmed (91-0)
51,S. 3 As Amended,"March 13, 2003,  09:45 AM",Bill Passed (64-33)
52,"Confirmation  Thomas A. Varlan, Of Tennessee, To Be U.S. District Judge","March 13, 2003,  10:10 AM",Nomination Confirmed (97-0)
53,"Motion To Invoke Cloture On The Nomination Of Miguel A. Estrada, Of Virginia, To Be U.S. Circuit Judge","March 13, 2003,  02:52 PM","Cloture Motion Rejected (55-42, 3/5 majority required)"
54,"Confirmantion Jay S. Bybee, Of Nevada, To Be U.S. Circuit Judge","March 13, 2003,  04:19 PM",Nomination Confirmed (74-19)
55,"Confirmation J. Daniel Breen, Of Tennessee, To Be U.S. District Judge","March 13, 2003,  04:16 PM",Nomination Confirmed (92-0)
56,Motion to Invoke Cloture on the Nomination of Miguel A. Estrada to be U.S. Circuit Judge.,"March 18, 2003,  12:01 PM","Cloture Motion Rejected (55-45, 3/5 majority required)"
57,Motion to Waive CBA Re: Conrad Amdt. No. 264,"March 18, 2003,  05:01 PM","Motion Rejected (43-56, 3/5 majority required)"
58,Motion to Table Conrad Amdt. No. 266,"March 18, 2003,  05:32 PM",Motion to Table Agreed to (57-42)
59,Boxer Amdt. No. 272.,"March 19, 2003,  03:10 PM",Amendment Agreed to (52-48)
60,Motion to Table Murray Amdt. No. 284,"March 19, 2003,  05:00 PM",Motion to Table Agreed to (50-48)
61,S.Res. 95,"March 20, 2003,  05:04 PM",Resolution Agreed to (99-0)
62,"Kyl Amdt. No. 288, as Modified","March 20, 2003,  05:33 PM",Amendment Agreed to (51-48)
63,Motion to Table Graham (FL) Amdt. No. 294,"March 20, 2003,  05:55 PM",Motion to Table Agreed to (55-44)
64,Rockefeller Amdt. No. 275,"March 20, 2003,  06:26 PM",Amendment Agreed to (80-19)
65,Schumer Amdt. No. 299,"March 21, 2003,  09:45 AM",Amendment Rejected (45-54)
66,Cochran Amdt. No. 369,"March 21, 2003,  10:33 AM",Amendment Agreed to (97-0)
67,Feingold Amdt. No. 270,"March 21, 2003,  10:58 AM",Amendment Agreed to (52-47)
68,Lautenberg Amdt. No. 300,"March 21, 2003,  11:32 AM",Amendment Rejected (46-53)
69,Hollings Amdt. No. 265,"March 21, 2003,  11:39 AM",Amendment Rejected (22-77)
70,Conrad Amdt. No. 376,"March 21, 2003,  12:01 PM",Amendment Rejected (47-52)
71,Gregg Amdt. No. 377,"March 21, 2003,  12:19 PM",Amendment Agreed to (89-10)
72,Mikulski Amdt. No. 349,"March 21, 2003,  12:39 PM",Amendment Rejected (45-54)
73,Clinton Amdt. No. 381,"March 21, 2003,  01:32 PM",Amendment Rejected (48-52)
74,Dorgan Amdt. No. 385,"March 21, 2003,  01:53 PM",Amendment Rejected (49-51)
75,Motion to Table Harkin Amdt. No. 386.,"March 21, 2003,  02:30 PM",Motion to Table Agreed to (58-42)
76,"Breaux Amdt. No. 339, as Modified","March 21, 2003,  02:52 PM",Amendment Rejected (38-62)
77,Byrd Amdt. No. 387,"March 21, 2003,  03:09 PM",Amendment Agreed to (51-49)
78,"Biden Amdt. No. 278, as Modified","March 21, 2003,  03:45 PM",Amendment Rejected (48-52)
79,Bond Amdt. No. 358,"March 21, 2003,  04:06 PM",Amendment Agreed to (79-21)
80,Specter Amdt. No. 401,"March 25, 2003,  09:46 AM",Amendment Agreed to (96-1)
81,Lincoln Amdt. No. 324,"March 25, 2003,  10:23 AM",Amendment Rejected (46-51)
82,Baucus Amdt. No. 348,"March 25, 2003,  10:43 AM",Amendment Rejected (46-51)
83,Conrad Amdt. No. 411,"March 25, 2003,  11:02 AM",Amendment Rejected (43-56)
84,Byrd Amdt. No. 412y,"March 25, 2003,  11:28 AM",Amendment Rejected (46-52)
85,Kennedy Amdt. No. 315,"March 25, 2003,  11:45 AM",Amendment Rejected (48-51)
86,Dodd Amdt. No. 415,"March 25, 2003,  12:05 PM",Amendment Rejected (48-51)
87,"Daschle Amdt. No, 361","March 25, 2003,  12:24 PM",Amendment Rejected (48-51)
88,Leahy Amdt. No. 318,"March 25, 2003,  12:45 PM",Amendment Rejected (47-51)
89,Harkin Amdt. No. 396,"March 25, 2003,  01:02 PM",Amendment Rejected (49-49)
90,Bingaman Amdt No. 417,"March 25, 2003,  01:23 PM",Amendment Rejected (49-50)
91,Dodd Amdt. No. 419,"March 25, 2003,  01:42 PM",Amendment Rejected (48-50)
92,Clinton Amdt. No. 418,"March 25, 2003,  01:59 PM",Amendment Rejected (49-50)
93,Breaux Amdt. No. 420,"March 25, 2003,  02:18 PM",Amendment Agreed to (51-48)
94,Bunning Amdt. No. 413,"March 25, 2003,  02:37 PM",Amendment Rejected (47-52)
95,Carper Amdt. No. 330,"March 25, 2003,  02:58 PM",Amendment Rejected (42-57)
96,Corzine Amdt. No. 423,"March 25, 2003,  03:24 PM",Amendment Rejected (47-52)
97,Lautenberg Amdt. No. 408,"March 25, 2003,  03:45 PM",Amendment Rejected (43-56)
98,Clinton Amdt. No. 424,"March 25, 2003,  04:31 PM",Amendment Rejected (49-50)
99,Harkin Amdt. No. 425,"March 25, 2003,  04:37 PM",Amendment Rejected (46-53)
100,Kerry Amdt. No. 397,"March 25, 2003,  04:57 PM",Amendment Rejected (37-62)
101,Motion to Waive Bayh Amdt. No. 426,"March 25, 2003,  05:32 PM",Motion Rejected (49-50)
102,Cantwell Amdt. No. 382,"March 25, 2003,  05:52 PM",Amendment Agreed to (51-48)
103,Dayton Amdt. No. 409,"March 26, 2003,  12:16 PM",Amendment Rejected (28-70)
104,Kerry Amdt. No. 281,"March 26, 2003,  12:48 PM",Amendment Rejected (47-51)
105,Landrieu Amdt. No. 429,"March 26, 2003,  02:17 PM",Amendment Agreed to (100-0)
106,Murkowski Amdt. No. 430,"March 26, 2003,  02:41 PM",Amendment Rejected (48-52)
107,Lincoln Amdt. No. 431,"March 26, 2003,  02:59 PM",Amendment Agreed to (99-1)
108,"S.Con.Res. 23,  as Amended","March 26, 2003,  03:37 PM",Concurrent Resolution Agreed to (56-44)
109,S.Con.Res. 30,"March 27, 2003,  02:01 PM",Concurrent Resolution Agreed to (97-0)
110,"H.R. 1307, as Amended","March 27, 2003,  02:31 PM",Bill Passed (97-0)
111,"Confirmation James V. Selna, of California, to be U.S. District Judge","March 27, 2003,  02:45 PM",Nomination Confirmed (97-0)
112,"Nomination, Theresa Lazar Springmann, of Indiana, to be United States District Judge","March 31, 2003,  06:44 PM",Nomination Confirmed (93-0)
113,"Confirmation Timothy M. Tymkovich, Colorado, to be U.S. Circuit Judge","April 1, 2003,  03:44 PM",Nomination Confirmed (58-41)
114,"Motion to Invoke Cloture on the Nomination of Miguel A. Estrada, of Virginia, to be U.S. Circuit Judge.","April 2, 2003,  02:05 PM","Cloture Motion Rejected (55-44, 3/5 majority required)"
115,Motion to Table Hollings Amdt. No. 445,"April 2, 2003,  05:03 PM",Motion to Table Agreed to (52-47)
116,Motion to Table Landrieu Amdt. No. 452,"April 2, 2003,  05:35 PM",Motion to Table Agreed to (52-47)
117,Motion to Table Boxer Amdt. No. 472,"April 3, 2003,  01:56 PM",Motion to Table Agreed to (50-47)
118,McCain Amdt. No. 481,"April 3, 2003,  02:27 PM",Amendment Rejected (38-61)
119,Motion to Table Breaux Amdt. No. 494.,"April 3, 2003,  04:46 PM",Motion to Table Agreed to (52-46)
120,Motion to Table Byrd Amdt. No. 508,"April 3, 2003,  06:23 PM",Motion to Table Agreed to (51-46)
121,Motion to Table Hollings Amdt. No. 479,"April 3, 2003,  06:49 PM",Motion to Table Agreed to (79-18)
122,Specter Amdt. No. 515,"April 3, 2003,  07:43 PM",Amendment Agreed to (65-32)
123,Motion to Table Schumer Amdt. No. 514,"April 3, 2003,  08:09 PM",Motion to Table Agreed to (51-46)
124,Kohl Amdt. No. 455,"April 3, 2003,  09:00 PM",Amendment Agreed to (67-26)
125,"S.762, As Amended","April 3, 2003,  09:27 PM",Bill Passed (93-0)
126,"Confirmation, Cormac J. Carney, of California, to be United States District Judge","April 7, 2003,  05:02 PM",Nomination Confirmed (80-0)
127,Motion to Table Nickles Amdt. No. 527,"April 9, 2003,  12:30 PM",Motion to Table Agreed to (62-38)
128,"S.476, as Amended.","April 9, 2003,  01:00 PM",Bill Passed (95-5)
129,S.Con.Res. 31,"April 9, 2003,  04:31 PM",Resolution Agreed to (99-0)
130,"Confirmation Dee D. Drell, of Louisiana, to be U.S. District Judge.","April 9, 2003,  05:01 PM",Nomination Confirmed (99-0)
131,"Confirmation Richard D. Bennett, of Maryland, to be U.S. District Judge.","April 9, 2003,  05:21 PM",Nomination Confirmed (99-0)
132,S. 151 Conference Report,"April 10, 2003,  06:40 PM",Conference Report Agreed to (98-0)
133,"Confirmation: Ross Owen Swimmer, Of Oklahoma, To Be Special Trustee, Office or Speical Trustee For American Indians","April 10, 2003,  07:06 PM",Nomination Confirmed (72-24)
134,H.Con.Res.95 Conference Report ,"April 11, 2003,  05:15 PM","Conference Report Agreed to (50-50, Vice President voted Yea)"
135,"Confirmation Jeffrey S. Sutton, of Ohio, to be U.S. Circuit Judge for the Sixth Circuit.","April 29, 2003,  12:10 PM",Nomination Confirmed (52-41)
136,"S. 196, as Amended","April 30, 2003,  01:30 PM",Bill Passed (97-0)
137,"Motion to Invoke Cloture on the Nomination of Pricilla R. Owen, of Texas, to be U.S. Circuit Judge","May 1, 2003,  10:22 AM","Cloture Motion Rejected (52-44, 3/5 majority required)"
138,"Confirmation: Edward C. Prado, of Texas, To Be U.S. Circuit Judge","May 1, 2003,  02:06 PM",Nomination Confirmed (97-0)
139,"Confirmation: Deborah L. Cook, Of Ohio, To Be U.S. Circuit Judge For The Sixth Circuit","May 5, 2003,  04:45 PM",Nomination Confirmed (66-25)
140,"Motion To Invoke Cloture On The Nomination Of Miguel A. Estrada, Of Virginia, To Be U.S. Circuit Judge","May 5, 2003,  06:00 PM","Cloture Motion Rejected (52-39, 3/5 majority required)"
141,"Confirmation Cecilia M. Altonga Of Florida, To Be United States District Judge","May 6, 2003,  02:30 PM",Nomination Confirmed (91-0)
142,Resolution Of Ratification To Accompany Treaty Doc. 108-4,"May 8, 2003,  09:43 AM","Resolution of Ratification Agreed to (96-0, 2/3 majority required)"
143,Motion To Invoke Cloture On The Nomination Of Miguel A. Estrada To Be U.S. Cicuit Judge,"May 8, 2003,  01:45 PM","Cloture Motion Rejected (54-43, 3/5 majority required)"
144,"Motion To Invoke Cloture On The Nomination Of Priscilla R. Owen, To Be U.S. Circuit Judge For The Fifth Circuit","May 8, 2003,  02:11 PM","Cloture Motion Rejected (52-45, 3/5 majority required)"
145,Feinstein Amdt. No. 537,"May 8, 2003,  04:56 PM",Amendment Rejected (35-59)
146,S. 113 As Amended,"May 8, 2003,  05:57 PM",Bill Passed (90-4)
147,Motion to Waive CBA re: Reid Amdt. No. 560,"May 14, 2003,  01:57 PM","Motion Rejected (44-53, 3/5 majority required)"
148,Bunning Amdt. No. 589,"May 15, 2003,  09:23 AM",Amendment Agreed to (98-2)
149,Motion to Waive C.B.A Dorgan Amdt. No. 556,"May 15, 2003,  09:52 AM","Motion Rejected (49-51, 3/5 majority required)"
150,Specter Amdt No. 569,"May 15, 2003,  10:14 AM",Amendment Agreed to (70-30)
151,Motion to Waive C.B.A. Re: Baucus Amdt. No. 570,"May 15, 2003,  10:33 AM","Motion Rejected (47-53, 3/5 majority required)"
152,Motion To Waive C.B.A. Kennedy Amdt No. 544,"May 15, 2003,  10:52 AM","Motion Rejected (50-49, 3/5 majority required)"
153,Motion To Waive Lincoln Amdt. No. 578,"May 15, 2003,  11:12 AM","Motion Rejected (49-51, 3/5 majority required)"
154,Motion To Waive C.B.A. Cantwell Amdt. No. 577,"May 15, 2003,  11:33 AM","Motion Rejected (49-50, 3/5 majority required)"
155,Motion To Waive C.B.A. Jeffords Amdt. No. 587,"May 15, 2003,  11:54 AM","Motion Rejected (49-51, 3/5 majority required)"
156,Grassley Amdt. No. 594,"May 15, 2003,  12:14 PM",Amendment Agreed to (86-12)
157,Collins Amdt. No. 596,"May 15, 2003,  12:34 PM",Amendment Agreed to (95-3)
158,Motion to Waive C.B.A. re: Murray Amdt. No. 564,"May 15, 2003,  12:55 PM","Motion Rejected (47-52, 3/5 majority required)"
159,Motion to Waive C.B.A. re: Stabenow Amdt. No. 614,"May 15, 2003,  02:11 PM","Motion Rejected (44-56, 3/5 majority required)"
160,Motion to Waive C.B.A. re: Graham Amdt. No. 617,"May 15, 2003,  02:40 PM","Motion Rejected (35-65, 3/5 majority required)"
161,"Motion To Waive C.B.A, Kyl Amdt. No. 575","May 15, 2003,  03:04 PM","Motion Rejected (37-61, 3/5 majority required)"
162,Motion To Waive C.B.A. Landrieu Amdt. No. 619,"May 15, 2003,  03:25 PM","Motion Rejected (47-53, 3/5 majority required)"
163,Motion To Waive C.B.A. Landrieu Amdt. No. 620,"May 15, 2003,  03:43 PM","Motion Rejected (46-54, 3/5 majority required)"
164,Motion to Waive C.B.A. re: Schumer Amdt. No. 557,"May 15, 2003,  04:06 PM","Motion Rejected (49-51, 3/5 majority required)"
165,"Motion to Waive C.B.A. re: Ensign Amdt. No. 622, As Modified","May 15, 2003,  04:28 PM","Motion Agreed to (75-25, 3/5 majority required)"
166,Motion to Waive C.B.A. re: Conrad Amdt. No. 611,"May 15, 2003,  04:54 PM","Motion Rejected (49-51, 3/5 majority required)"
167,Motion to Waive C.B.A. re: Daschle Amdt. No. 656,"May 15, 2003,  05:22 PM","Motion Rejected (46-54, 3/5 majority required)"
168,Motion to Waive C.B.A. re: Dayton Amdt. No. 615,"May 15, 2003,  05:46 PM","Motion Rejected (44-56, 3/5 majority required)"
169,Motion To Waive C.B.A. Mikulski  Amdt. No. 605,"May 15, 2003,  06:09 PM","Motion Rejected (48-51, 3/5 majority required)"
170,Motion To Waive C.B.A. Sessions Amdt. No. 639,"May 15, 2003,  06:34 PM","Motion Rejected (51-49, 3/5 majority required)"
171,Nickles Amdt. No. 664,"May 15, 2003,  07:31 PM","Amendment Agreed to (50-50, Vice President voted Yea)"
172,Breaux Amdt. No. 663,"May 15, 2003,  07:50 PM",Amendment Rejected (49-51)
173,Kennedy Amdt. No. 545,"May 15, 2003,  08:01 PM",Amendment Rejected (48-52)
174,Dodd Amdt. No. 572,"May 15, 2003,  08:21 PM",Amendment Rejected (49-50)
175,Motion to Waive C.B.A. re: Edwards Amdt. No. 662,"May 15, 2003,  09:02 PM","Motion Rejected (37-63, 3/5 majority required)"
176,Motion to Waive C.B.A. Dorgan Amdt. No. 666,"May 15, 2003,  09:31 PM","Motion Rejected (43-57, 3/5 majority required)"
177,Durbin Amdt. No. 676,"May 15, 2003,  10:28 PM",Amendment Rejected (48-52)
178,Motion to Waive CBA re: Dorgan Amdt. No. 678,"May 15, 2003,  11:23 PM","Motion Rejected (48-52, 3/5 majority required)"
179,"H.R. 2, As Amended","May 15, 2003,  11:18 PM",Bill Passed (51-49)
180,Feinstein Amdt. No. 682,"May 15, 2003,  11:58 PM",Amendment Rejected (45-52)
181,Kennedy Amdt. No. 681,"May 16, 2003,  12:27 AM",Amendment Rejected (42-54)
182,Boxer Amdt. No. 684,"May 16, 2003,  12:50 AM",Amendment Rejected (45-50)
183,Dodd Amdt. No. 685,"May 16, 2003,  01:22 AM",Amendment Rejected (44-51)
184,"Confirmation: S.Maurice Hicks, Jr., Of Louisiana, To Be U.S. District Judge","May 19, 2003,  04:55 PM",Nomination Confirmed (86-0)
185,Graham Amdt. No. 696 As Modified,"May 20, 2003,  02:23 PM",Amendment Agreed to (85-10)
186,Motion To Table Feinstein Amdt. No. 715,"May 20, 2003,  07:24 PM",Motion to Table Agreed to (51-43)
187,Warner Amdt. No. 752,"May 21, 2003,  09:57 AM",Amendment Agreed to (59-38)
188,Reed Amdt. No. 751 As Amended,"May 21, 2003,  10:31 AM",Amendment Agreed to (96-0)
189,Motion To Table Dorgan Amdt. No. 750 As Modified,"May 21, 2003,  12:28 PM",Motion to Table Agreed to (56-41)
190,Lautenebrg Amdt. No. 722,"May 21, 2003,  02:50 PM",Amendment Agreed to (51-48)
191,McCain Amdt. No. 783,"May 21, 2003,  05:53 PM",Amendment Agreed to (50-48)
192,Murray Amdt. No. 691,"May 22, 2003,  02:21 PM",Amendment Rejected (48-51)
193,Warner Amdt. No. 826,"May 22, 2003,  04:37 PM",Amendment Agreed to (99-0)
194,S.1050  As Amended,"May 22, 2003,  06:01 PM",Bill Passed (98-1)
195,"Confirmation Consuelo Maria Callahan, Of California, To Be U.S. Circuit Judge","May 22, 2003,  06:39 PM",Nomination Confirmed (99-0)
196,H.R. 2 Conference Report,"May 23, 2003,  09:39 AM","Conference Report Agreed to (50-50, Vice President voted Yea)"
197,Baucus Amdt. No. 833,"May 23, 2003,  10:31 AM",Amendment Rejected (47-52)
198,Motion To Table Daschle Amdt. No. 834,"May 23, 2003,  11:40 AM",Motion to Table Agreed to (52-47)
199,Motion To Table Kennedy Amdt. No. 832,"May 23, 2003,  12:03 PM",Motion to Table Agreed to (50-49)
200,Motion To Waive C.B.A. Feingold Amdt. No. 835,"May 23, 2003,  12:59 PM","Motion Rejected (47-52, 3/5 majority required)"
201,Motion To Table Hollings Amdt. No. 836,"May 23, 2003,  01:38 PM",Motion to Table Agreed to (52-46)
202,H.J. Res. 51,"May 23, 2003,  02:30 PM",Joint Resolution Passed (53-44)
203,Feinstein Amdt. No. 843,"June 3, 2003,  04:28 PM",Amendment Rejected (35-60)
204,Feinstein Amdt. No. 844,"June 3, 2003,  05:01 PM",Amendment Rejected (34-62)
205,Dorgan Amdt. No. 849,"June 4, 2003,  02:52 PM",Amendment Rejected (42-53)
206,Bingaman Amdt. No. 851 As Modified,"June 4, 2003,  05:07 PM",Amendment Rejected (37-58)
207,Schumer Amdt No. 853,"June 5, 2003,  01:30 PM",Amendment Rejected (26-69)
208,Boxer Amdt. No. 856,"June 5, 2003,  04:14 PM",Amendment Rejected (38-57)
209,Frist Amdt. No. 850 As Amended,"June 5, 2003,  04:41 PM",Amendment Agreed to (67-29)
210,Grassley Amdt. No. 862,"June 5, 2003,  05:47 PM",Amendment Agreed to (94-2)
211,"Confirmation: Michael Chertoff, of New Jersey, to be U.S. Circuit Judge","June 9, 2003,  05:45 PM",Nomination Confirmed (88-1)
212,Dorgan Amdt. No. 865,"June 10, 2003,  11:33 AM",Amendment Agreed to (67-32)
213,Landrieu Amdt. No. 871,"June 10, 2003,  12:17 PM",Amendment Agreed to (99-1)
214,Wyden Amdt. No. 875,"June 10, 2003,  03:45 PM",Amendment Rejected (48-50)
215,"Confirmation Richard C. Wesley, Of New York, To Be U.S. Circuit Judge","June 11, 2003,  11:17 AM",Nomination Confirmed (96-0)
216,"Confirmation J. Ronnie Greer, Of Tennessee, To Be U.S. District Judge","June 11, 2003,  02:15 PM",Nomination Confirmed (97-0)
217,"Confirmation Mark R. Kravitz, Of Connecticut, To Be U.S. District Judge","June 11, 2003,  02:46 PM",Nomination Confirmed (97-0)
218,Motion to Table Feinstein Amdt. No. 876 As Modified,"June 11, 2003,  03:17 PM",Motion to Table Agreed to (55-44)
219,Motion To Table Bingaman Amdt. No. 881,"June 11, 2003,  04:41 PM",Motion to Table Agreed to (52-47)
220,S. 1215 As Amended,"June 11, 2003,  06:15 PM",Bill Passed (97-1)
221,Graham Amdt. No. 884,"June 12, 2003,  11:16 AM",Amendment Rejected (45-53)
222,Lautenberg Amdt. No. 893,"June 12, 2003,  02:30 PM",Amendment Agreed to (56-41)
223,Inhofe Amdt. No. 896,"June 12, 2003,  03:26 PM",Amendment Rejected (44-52)
224,Lott Amdt. No. 914,"June 12, 2003,  05:45 PM",Amendment Rejected (42-52)
225,H.R. 2115,"June 12, 2003,  06:16 PM",Bill Passed (94-0)
226,"Confirmation R. Hewitt PAte, Of Virginia, To Be An Assistant Attorney General","June 13, 2003,  10:00 AM",Nomination Confirmed (71-0)
227,Stabenow Amdt. No. 931,"June 18, 2003,  03:15 PM",Amendment Rejected (37-58)
228,Enzi Amdt. No. 932 as modified and amended,"June 19, 2003,  03:46 PM",Amendment Agreed to (95-0)
229,Daschle Amdt. No. 939,"June 19, 2003,  04:30 PM",Amendment Rejected (39-56)
230,Gregg Amdt. No. 945,"June 19, 2003,  04:50 PM",Amendment Agreed to (94-1)
231,S. 504 as amended,"June 20, 2003,  09:15 AM",Bill Passed (90-0)
232,Dorgan Amdt. No. 946 as amended,"June 20, 2003,  09:51 AM",Amendment Agreed to (62-28)
233,Motion to Table Rockefeller Amdt. No. 976,"June 24, 2003,  11:02 AM",Motion to Table Agreed to (52-43)
234,Motion ot Table Dodd Amdt. No. 969,"June 24, 2003,  02:30 PM",Motion to Table Agreed to (55-42)
235,Motion to Table Pryor Amdt. No. 981,"June 24, 2003,  03:01 PM",Motion to Table Agreed to (66-31)
236,Motion to Table Boxer Amdt. No. 1001,"June 24, 2003,  03:22 PM",Motion to Table Agreed to (54-42)
237,Dayton Amdt. No. 957,"June 24, 2003,  04:28 PM",Amendment Agreed to (93-3)
238,Motion to Table Lincoln Amdt. No. 1002,"June 24, 2003,  05:00 PM",Motion to Table Agreed to (51-45)
239,Lautenberg Amdt. No. 982,"June 24, 2003,  05:24 PM",Amendment Rejected (41-54)
240,Dodd Amdt. No. 970,"June 24, 2003,  06:14 PM",Amendment Rejected (41-54)
241,Dodd Amdt. No. 998,"June 24, 2003,  06:50 PM",Amendment Rejected (41-55)
242,Snowe-Bingaman Amdt. No. 972,"June 25, 2003,  11:01 AM",Amendment Agreed to (94-1)
243,Edwards Amdt. No. 985 As Modified Further,"June 25, 2003,  11:36 AM",Amendment Rejected (26-69)
244,Graham (FL) Amdt. No. 956,"June 25, 2003,  11:56 AM",Amendment Rejected (39-56)
245,Durbin Amdt. No. 994,"June 25, 2003,  06:31 PM",Amendment Rejected (39-56)
246,Clinton Amdt. No. 1000,"June 25, 2003,  07:02 PM",Amendment Rejected (43-52)
247,Motion To Table Harkin Amdt. No. 991 As Modified,"June 26, 2003,  09:24 AM",Motion to Table Agreed to (50-48)
248,Edwards Amdt. No. 1052,"June 26, 2003,  09:58 AM",Amendment Rejected (39-59)
249,McConnell Amdt. No. 1097,"June 26, 2003,  11:32 AM",Amendment Agreed to (97-1)
250,Motion to Table Boxer Amdt. No. 1036,"June 26, 2003,  12:06 PM",Motion to Table Agreed to (54-44)
251,Bingaman Amdt. No. 1065,"June 26, 2003,  12:28 PM",Amendment Agreed to (69-29)
252,McConnell Amdt. No. 1102,"June 26, 2003,  02:41 PM",Amendment Agreed to (98-0)
253,Motion To Table Durbin Amdt. NO. 1108,"June 26, 2003,  03:15 PM",Motion to Table Agreed to (57-41)
254,Dorgan Amdt. No. 1103,"June 26, 2003,  03:35 PM",Amendment Rejected (39-59)
255,Grassley Amdt. No. 1092 as Modified,"June 26, 2003,  04:05 PM",Amendment Agreed to (71-26)
256,Sessions Amdt. No. 1011,"June 26, 2003,  05:00 PM",Amendment Rejected (33-65)
257,"Rockefeller Amdt. No. 975, As Modified","June 26, 2003,  05:41 PM",Amendment Rejected (47-51)
258,Bingaman Amdt. No. 1066,"June 26, 2003,  06:00 PM",Amendment Rejected (43-55)
259,Levin Amdt. No. 1111,"June 26, 2003,  09:18 PM",Amendment Rejected (42-54)
260,Hagel Amdt. No. 1026 As Modified,"June 26, 2003,  09:50 PM",Amendment Rejected (21-75)
261,Motion To Table Feinstein Amdt. No. 1060,"June 26, 2003,  11:18 AM",Motion to Table Failed (38-59)
262,S. 1 As Amended,"June 26, 2003,  12:39 PM",Bill Passed (76-21)
263,"Confirmation David G. Campbell, of Arizona, to be U.S. District Judge","July 8, 2003,  11:46 AM",Nomination Confirmed (92-0)
264,Motion To Invoke Cloture On The Motion To Proceed To S. 11,"July 9, 2003,  11:29 AM","Cloture Motion Rejected (49-48, 3/5 majority required)"
265,"Confirmation Victor J. Wolski, of Virginia, to be Judge of the U.S. Court of Federal Claims","July 9, 2003,  11:57 AM",Nomination Confirmed (54-43)
266,Motion To Table The Motion To Proceed To The Consideration of S. 1162,"July 9, 2003,  02:01 PM",Motion to Table Agreed to (51-45)
267,Motion To Table Boxer Amdt. No. 1141,"July 9, 2003,  05:23 PM",Motion to Table Failed (43-53)
268,Reid Amdt. No. 1164,"July 10, 2003,  11:57 AM",Amendment Agreed to (54-43)
269,Motion To Waive CBA Murray Amdt. No. 1170,"July 10, 2003,  12:33 PM","Motion Rejected (48-48, 3/5 majority required)"
270,Bingaman Amdt. No. 1174,"July 10, 2003,  02:42 PM",Amendment Agreed to (78-18)
271,Biden Amdt. No. 1190 As Modified,"July 10, 2003,  04:44 PM",Amendment Agreed to (97-0)
272,Motion To Table Sessions Amdt. No. 1202,"July 11, 2003,  09:36 AM",Motion to Table Agreed to (71-21)
273,H.R. 2657 As Amended ,"July 11, 2003,  10:05 AM",Bill Passed (85-7)
274,H. R. 2559 As Amended,"July 11, 2003,  10:13 AM",Bill Passed (91-0)
275,"Confirmation: Samuel Der-Yeghiayan, Of Illinois, To Be U.S. District Judge","July 14, 2003,  05:30 PM",Nomination Confirmed (89-0)
276,"Confirmation Lonny R. Suko of Washington, To Be U.S. District Judge ","July 15, 2003,  12:14 PM",Nomination Confirmed (94-0)
277,Motion to table Byrd Amendment No. 1244,"July 15, 2003,  05:45 PM",Motion to Table Agreed to (64-31)
278,Motion to Table Dorgan Amdt. No. 1264,"July 16, 2003,  12:51 PM",Motion to Table Agreed to (53-41)
279,Motion to table Bingaman Amdt.No. 1268,"July 16, 2003,  02:06 PM",Motion to Table Agreed to (52-42)
280,H.R. 2330,"July 16, 2003,  02:22 PM",Bill Passed (94-1)
281,Motion To Table Boxer Amdt. No. 1271,"July 16, 2003,  03:16 PM",Motion to Table Agreed to (50-45)
282,Daschle Amdt. No. 1269,"July 16, 2003,  03:46 PM",Amendment Agreed to (93-2)
283,Kennedy Amdt. No. 1273,"July 16, 2003,  05:54 PM",Motion to Table Agreed to (52-43)
284,Motion To Table Corzine Amdt. No. 1275,"July 16, 2003,  07:01 PM",Motion to Table Agreed to (51-45)
285,Motion To Table McCain Amdt. No. 1270,"July 16, 2003,  08:05 PM",Motion to Table Agreed to (79-16)
286,Byrd Amdt.No. 1281,"July 17, 2003,  03:03 PM",Amendment Agreed to (81-15)
287,Motion To Table Durbin Amdt. No. 1277,"July 17, 2003,  03:32 PM",Motion to Table Agreed to (62-34)
288,Motion To Table Byrd Amdt. No. 1383,"July 17, 2003,  06:30 PM",Motion to Table Agreed to (71-24)
289,Confirmation Allyson Duncan Of North  Carolina To Be U.S. Circuit Judge,"July 17, 2003,  07:17 PM",Nomination Confirmed (93-0)
290,H.R. 2658 As Amended,"July 17, 2003,  08:31 PM",Bill Passed (95-0)
291,Motion to Waive CBA re: Byrd Amdt. No. 1317,"July 22, 2003,  06:24 PM","Motion Rejected (43-50, 3/5 majority required)"
292,Boxer Amdt. No. 1331,"July 23, 2003,  12:04 PM",Amendment Agreed to (79-19)
293,Motion to Waive C.B.A. re: Murray Amdt. No. 1327,"July 23, 2003,  12:10 PM","Motion Rejected (45-53, 3/5 majority required)"
294,Motion To Table Hollings Amdt. No. 1341,"July 23, 2003,  02:33 PM",Motion to Table Agreed to (50-48)
295,Motion To Waive CBA Schumer Amdt. No. 1343,"July 23, 2003,  05:00 PM","Motion Rejected (45-51, 3/5 majority required)"
296,Motion To Waive CBA Mikulski Amdt. No. 1346,"July 23, 2003,  05:32 PM","Motion Rejected (48-49, 3/5 majority required)"
297,Motion to Waive CBA Corzine AMDT. No. 1350,"July 23, 2003,  07:18 PM","Motion Rejected (43-52, 3/5 majority required)"
298,Motion To Waive CBA Schumer Amdt Noy. 1351,"July 23, 2003,  07:49 PM","Motion Rejected (45-51, 3/5 majority required)"
299,Motion To Waive C.B.A. RE: Dodd AMDT No. 1363,"July 24, 2003,  12:44 PM","Motion Rejected (41-54, 3/5 majority required)"
300,Motion To Table Byrd Amdt. No. 1367,"July 24, 2003,  02:41 PM",Motion to Table Agreed to (51-45)
301,Motion To Waive: Specter Amdt. No. 1368,"July 24, 2003,  03:43 PM","Motion Rejected (50-46, 3/5 majority required)"
302,Schumer AMDT. No. 1370,"July 24, 2003,  05:03 PM",Amendment Rejected (48-48)
303,Byrd Amdt. No. 1373,"July 24, 2003,  05:46 PM",Amendment Rejected (46-50)
304,Motion To Waive CBA RE: Amdt. No. 1372,"July 24, 2003,  06:55 PM","Motion Rejected (44-50, 3/5 majority required)"
305,Byrd AMDT. No. 1383,"July 24, 2003,  07:26 PM",Amendment Rejected (46-46)
306,H.R. 2555 As Amended,"July 24, 2003,  08:25 PM",Bill Passed (93-1)
307,"Confirmation Earl Leroy Yeakel, of Texas, To Be U.S. District Judge","July 28, 2003,  05:40 PM",Nomination Confirmed (91-0)
308,"Motion to Invoke Cloture on the Nomination of Priscilla Richman Owen, of Texas, to be U.S. Circuit Judge","July 29, 2003,  12:20 PM","Cloture Motion Rejected (53-43, 3/5 majority required)"
309,Durbin AMDT. No. 1385,"July 29, 2003,  05:10 PM",Amendment Rejected (32-65)
310,Bond AMDT. No. 1386 As Modified And Amended.,"July 29, 2003,  05:35 PM",Amendment Agreed to (66-30)
311,Cantwell Amdt. No. 1419,"July 30, 2003,  11:58 AM",Amendment Rejected (48-50)
312,Motion to Invoke Cloture On The Nomination of Miguel A. Estrada Of Virginia To Be U.S. Circuit Judge.,"July 30, 2003,  02:15 PM","Cloture Motion Rejected (55-43, 3/5 majority required)"
313,Motion to Table Bingaman Amdt. No. 1413,"July 30, 2003,  04:43 PM",Motion to Table Agreed to (53-44)
314,Motion To Table Bingaman Amdt. No. 1418,"July 30, 2003,  04:37 PM",Motion to Table Agreed to (54-44)
315,Motion To Table Feingold Amdt. No. 1416,"July 30, 2003,  04:53 PM",Motion to Table Agreed to (50-48)
316,"Motion To Invoke Cloture On The Nomination Of William H. Pryor, Jr., Of Alabama, To Be U.S. Circuit Judge","July 31, 2003,  10:02 AM","Cloture Motion Rejected (53-44, 3/5 majority required)"
317,H. R. 6 As Amended,"July 31, 2003,  08:29 PM",Bill Passed (84-14)
318,H. R. 2739,"July 31, 2003,  09:04 PM",Bill Passed (66-32)
319,H. R. 2738,"July 31, 2003,  09:22 PM",Bill Passed (65-32)
320,"James I. Cohn, of Florida, To Be U.S. District Judge","July 31, 2003,  09:54 PM",Nomination Confirmed (96-0)
321,"Confirmation Frank Montalvo, of Texas, To Be U.S. District Judge","July 31, 2003,  10:10 PM",Nomination Confirmed (95-0)
322,Motion To Waive CBA Reid Amdt. No. 1547,"September 3, 2003,  12:01 PM","Motion Rejected (46-48, 3/5 majority required)"
323,Motion to Waive C.B.A. re: Dorgan Amdt. No. 1553,"September 3, 2003,  05:48 PM","Motion Rejected (54-42, 3/5 majority required)"
324,Motion to Waive C.B.A. re: Dayton Amdt. No. 1554,"September 3, 2003,  06:20 PM","Motion Rejected (42-54, 3/5 majority required)"
325,Motion to Waive C.B.A. re: Murray Amdt. No. 1559,"September 4, 2003,  01:50 PM","Motion Rejected (46-49, 3/5 majority required)"
326,Motion To Waive CBA Re: Daschle Amdt. No. 1568,"September 4, 2003,  05:41 PM","Motion Rejected (52-43, 3/5 majority required)"
327,"Confirmation Steven M. Colloton, of Iowa, to be U.S. Circuit Judge for the Eighth Circuit","September 4, 2003,  06:14 PM",Nomination Confirmed (94-1)
328,Motion to Waive C.B.A. re: Clinton Amdt. No. 1565,"September 5, 2003,  09:33 AM","Motion Rejected (41-47, 3/5 majority required)"
329,Motion to Waive C.B.A. re: Harkin Amdt. No. 1575,"September 5, 2003,  10:28 AM","Motion Rejected (43-46, 3/5 majority required)"
330,Motion to Waive C.B.A. re: Byrd Amdt. No. 1543,"September 9, 2003,  05:53 PM","Motion Rejected (44-51, 3/5 majority required)"
331,Motion to Waive C.B.A. er: Kennedy Amdt. No. 1566,"September 9, 2003,  06:22 PM","Motion Rejected (49-46, 3/5 majority required)"
332,"Motion To Waive CBA 
RE: Durbin Amdt. No. 1591","September 9, 2003,  06:41 PM","Motion Rejected (43-51, 3/5 majority required)"
333,"Motion To Waive CBA
Dodd Amdt. No. 1597","September 9, 2003,  07:05 PM","Motion Rejected (47-47, 3/5 majority required)"
334,Harkin Amdt. No. 1580,"September 10, 2003,  09:46 AM",Amendment Agreed to (54-45)
335,Motion To Waive CBA Schumer Amdt. No. 1598,"September 10, 2003,  10:16 AM","Motion Rejected (44-53, 3/5 majority required)"
336,Motion To Waive CBA Reed Amdt. No. 1595,"September 10, 2003,  10:38 AM","Motion Rejected (49-46, 3/5 majority required)"
337,Motion To Waive CBA Reed Amdt. No. 1592,"September 10, 2003,  10:58 AM","Motion Rejected (47-49, 3/5 majority required)"
338,Motion To Waive CBA Reed Amdt. No. 1596,"September 10, 2003,  11:17 AM","Motion Rejected (47-49, 3/5 majority required)"
339,Corzine Amdt. No. 1602,"September 10, 2003,  11:42 AM",Amendment Agreed to (51-44)
340,Motion to Waive CBA RE: Boxer Amdt. No. 1609,"September 10, 2003,  02:24 PM","Motion Rejected (46-49, 3/5 majority required)"
341,Motion To Waive CBA Landrieu Amdt. No. 1610,"September 10, 2003,  03:01 PM","Motion Rejected (49-46, 3/5 majority required)"
342,Durbin Amdt. No. 1611,"September 10, 2003,  03:22 PM",Amendment Rejected (28-67)
343,Motion To Waive CBA RE: Durbin amdt. No. 1613,"September 10, 2003,  05:23 PM","Motion Rejected (43-51, 3/5 majority required)"
344,Ensign Amdt. No. 1585n,"September 10, 2003,  05:59 PM",Amendment Rejected (7-87)
345,Motion To Waive CBA RE: Landrieu Amdt. No. 1614,"September 10, 2003,  06:25 PM","Motion Rejected (46-49, 3/5 majority required)"
346,Motion to Waive the CBA Specter Amdt. No. 1622,"September 10, 2003,  07:38 PM","Motion Rejected (52-43, 3/5 majority required)"
347,H.R. 2660 As Amended,"September 10, 2003,  08:23 PM",Bill Passed (94-0)
348,S. J. Res. 17,"September 16, 2003,  11:04 AM",Joint Resolution Passed (55-40)
349,Motion To Table Feinstein Amdt. No. 1655,"September 16, 2003,  03:19 PM","Motion Agreed to (53-41, 3/5 majority required)"
350,H.R. 2754 As Amended,"September 16, 2003,  06:18 PM",Bill Passed (92-0)
351,Motion to Disagree To The Amendment Of The House To S.3 ,"September 17, 2003,  02:41 PM",Motion Agreed to (93-0)
352,"Confirmation R. David Proctor Of Alabama, To be U.S. District Judge","September 17, 2003,  03:13 PM",Nomination Confirmed (92-0)
353,Confirmation Sandra J. Feuerstein Of New York To Be U.S. District Judge,"September 17, 2003,  03:10 PM",Nomination Confirmed (92-0)
354,"Confirmation Glen E. Conrad Of Virginia, To Be U.S. District Judge For The Western District.","September 22, 2003,  05:32 PM",Nomination Confirmed (89-0)
355,Confirmation Henry F. Floyd Of South Carolina To Be U.S. District Judge,"September 22, 2003,  06:03 PM",Nomination Confirmed (89-0)
356,Motion To Waive CBA Daschle Amdt. No. 1734 As Modified Further.,"September 23, 2003,  11:26 AM","Motion Rejected (49-45, 3/5 majority required)"
357,"Confirmation Kim Gibson, of Pennsylvania, to be U.S. District Judge","September 23, 2003,  12:27 PM",Nomination Confirmed (94-0)
358,Bingaman Amdt. No. 1740,"September 23, 2003,  04:47 PM",Amendment Agreed to (92-4)
359,Motion To Table Boxer Amdt. No. 1753,"September 23, 2003,  05:24 PM",Motion Agreed to (52-44)
360,"Voinovich Amdt. No. 1754, As Modified","September 23, 2003,  05:44 PM",Amendment Agreed to (53-43)
361,Reid Amdt. No. 1731,"September 23, 2003,  06:02 PM",Amendment Rejected (44-51)
362,"Daschle Amdt. No. 1739, As Modified","September 23, 2003,  06:50 PM",Amendment Rejected (43-52)
363,Confirmation Larry Alan Burns Of California To Be U.S. District Judge,"September 24, 2003,  05:30 PM",Nomination Confirmed (91-0)
364,H.R. 2658 Conference Report,"September 25, 2003,  01:16 PM",Bill Passed (95-0)
365,H.R. 3161,"September 25, 2003,  05:59 PM",Bill Passed (95-0)
366,"Confirmation Dana Makoto Sabraw, of California, To Be U.S. District Judge","September 25, 2003,  05:54 PM",Nomination Confirmed (95-0)
367,"Confirmation Michael W. Mosman, Of Oregon, To Be U.S. District Judge","September 25, 2003,  06:39 PM",Nomination Confirmed (93-0)
368,"Confirmation Carlos T.Bea, Of California To Be U.S. Circuit Judge For The Ninth Circuit.","September 29, 2003,  05:31 PM",Nomination Confirmed (86-0)
369,Confirmation Marcia Crone Of Texas To Be U.S. District Judge,"September 30, 2003,  09:23 AM",Nomination Confirmed (91-0)
370,"Confirmation Ronald A. White , Of Oklahoma, To Be U.S District Judge","September 30, 2003,  09:55 AM",Nomination Confirmed (93-0)
371,Byrd Amdt. No. 1794,"October 1, 2003,  04:27 PM",Amendment Rejected (38-59)
372,McConnell AMDT. No. 1795 As Modified,"October 2, 2003,  11:03 AM",Amendment Agreed to (98-1)
373,Motion to Table Biden Amdt. No. 1796,"October 2, 2003,  03:45 PM",Motion to Table Agreed to (57-42)
374,Motion To Table Leahy AMDT. No. 1803,"October 2, 2003,  06:04 PM",Motion to Table Agreed to (56-42)
375,"Confirmation William Q. Hayes, of California, To Be U.S. District Judge","October 2, 2003,  06:45 PM",Nomination Confirmed (98-0)
376,Motion To Table Dodd Amdt. No. 1817,"October 2, 2003,  07:36 PM",Motion to Table Agreed to (49-37)
377,S. 1053 as amended,"October 14, 2003,  02:32 PM",Bill Passed (95-0)
378,Bingaman Amdt. NO. 1830 DIV I,"October 14, 2003,  03:16 PM",Amendment Rejected (47-48)
379,Motion To Table Stabenow AMDT. No. 1823,"October 14, 2003,  04:14 PM",Motion to Table Agreed to (59-35)
380,Motion To Table Dorgan AMDT. NO. 1826,"October 14, 2003,  06:30 PM",Motion to Table Agreed to (57-39)
381,Motion To Waive CBA Corzine Amdt. No. 1811,"October 15, 2003,  10:44 AM","Motion Rejected (47-49, 3/5 majority required)"
382,Motion To Table Reed Amdt. No. 1834,"October 15, 2003,  11:33 AM",Motion to Table Failed (45-52)
383,Byrd Amdt. No. 1846,"October 15, 2003,  04:45 PM",Amendment Agreed to (97-0)
384,Graham (SC) Amdt. No. 1806 As Modified,"October 15, 2003,  06:03 PM",Amendment Agreed to (95-2)
385,Motion To Table Byrd Amdt. No. 1818,"October 16, 2003,  03:04 PM",Motion to Table Agreed to (57-42)
386,Motion To Table Lautenberg Amdt. No. 1868,"October 16, 2003,  03:39 PM",Motion to Table Agreed to (65-34)
387,McConnell Amdt. No. 1874,"October 16, 2003,  05:31 PM",Amendment Agreed to (97-1)
388,Nickles Amdt. No. 1876,"October 16, 2003,  09:33 PM",Amendment Agreed to (98-0)
389,Bayh Amdt. No. 1871,"October 16, 2003,  10:02 PM",Amendment Agreed to (51-47)
390,Durbin Amdt. No. 1837,"October 17, 2003,  09:08 AM",Amendment Agreed to (96-3)
391,Motion To Table Daschle Amdt. NO. 1854,"October 17, 2003,  09:44 AM",Motion to Table Agreed to (55-44)
392,"Motion To Table Landrieu Amdt. No. 1859

","October 17, 2003,  10:02 AM",Motion to Table Agreed to (52-47)
393,Boxer Amdt. No. 1843,"October 17, 2003,  10:19 AM",Amendment Agreed to (99-0)
394,Motion To Table Durbin Amdt. No. 1879,"October 17, 2003,  10:38 AM",Motion to Table Agreed to (56-43)
395,Motion to Table Corzine Amdt. No. 1882,"October 17, 2003,  11:43 AM",Motion to Table Agreed to (67-32)
396,Motion To Table Byrd Amdt. No. 1819,"October 17, 2003,  01:27 PM",Motion to Table Agreed to (51-47)
397,Motion To Table Byrd Amdt. No. 1886,"October 17, 2003,  02:19 PM",Motion to Table Agreed to (82-15)
398,Motion To Table Byrd Amdt. No. 1888,"October 17, 2003,  03:01 PM",Motion to Table Agreed to (49-46)
399,Motion To Table Brownback Amdt. No. 1885 As Modified,"October 17, 2003,  04:19 PM",Motion to Table Agreed to (55-43)
400,S. 1689 As Amended,"October 17, 2003,  04:49 PM",Bill Passed (87-12)
401,"Confirmation Margret Catherine Rodgers, Of Florida, To Be U.S. District Judge","October 20, 2003,  05:17 PM",Nomination Confirmed (82-0)
402,S. 3 Conference Report,"October 21, 2003,  05:09 PM",Conference Report Agreed to (64-34)
403,Motion To Invoke Cloture On The Motion To Proceed To Consider S. 1751,"October 22, 2003,  12:32 PM","Cloture on the Motion to Proceed Rejected (59-39, 3/5 majority required)"
404,"S. 877, As Amended","October 22, 2003,  06:30 PM",Bill Passed (97-0)
405,Motion To Table Dorgan Amdt. No. 1900,"October 23, 2003,  11:58 AM",Motion to Table Failed (36-59)
406,Motion To Table Feingold Amdt. No. 1904,"October 23, 2003,  12:39 PM",Motion to Table Agreed to (60-34)
407,Thomas Amdt. No. 1923,"October 23, 2003,  04:23 PM",Amendment Agreed to (95-1)
408,Mikulski Amdt. No. 1917,"October 23, 2003,  04:52 PM",Amendment Rejected (47-48)
409,Motion To Waive RE: Dodd Amdt. No. 1928,"October 23, 2003,  05:37 PM","Motion Agreed to (63-31, 3/5 majority required)"
410,H. R. 2989 As Amended,"October 23, 2003,  06:49 PM",Bill Passed (91-3)
411,"Confirmation Dale S. Fischer, of California, to be U.S. District Judge","October 27, 2003,  05:31 PM",Nomination Confirmed (86-0)
412,"Confirmation: Michael O. Leavitt, of Utah to be Administrator of the E.P.A.","October 28, 2003,  10:41 AM",Nomination Confirmed (88-8)
413,Motion to Suspend Rule XVI re: Lugar Amdt. No. 1974,"October 28, 2003,  03:37 PM","Motion Rejected (40-57, 2/3 majority required)"
414,Byrd Amdt. No. 1969,"October 28, 2003,  05:36 PM",Amendment Rejected (44-53)
415,Motion to Suspend Rule XVI re: Dorgan Amdt No. 2000,"October 29, 2003,  10:53 AM","Motion Rejected (43-54, 2/3 majority required)"
416,Cochran Amdt. No. 1828,"October 29, 2003,  03:49 PM",Amendment Agreed to (97-1)
417,Boxer Amdt. No. 2025,"October 29, 2003,  04:49 PM",Amendment Agreed to (94-3)
418,Boxer Amdt. No. 2026,"October 29, 2003,  05:29 PM",Amendment Agreed to (78-17)
419,"Motion to Invoke Cloture re: Charles W. Pickering, of Mississippi, to be U.S. Circuit Judge","October 30, 2003,  10:49 AM","Cloture Motion Rejected (54-43, 3/5 majority required)"
420,Lieberman Amdt. No. 2028,"October 30, 2003,  01:36 PM",Amendment Rejected (43-55)
421,Motion to Waive C.B.A. re: Bingaman Amdt. No. 2031,"October 30, 2003,  02:13 PM","Motion Rejected (36-60, 3/5 majority required)"
422,Motion to Table Bingaman Amdt. No. 2035,"October 30, 2003,  03:14 PM",Motion to Table Agreed to (58-36)
423,Motion to Table Leahy Amdt. No. 2039,"October 30, 2003,  04:00 PM",Motion to Table Agreed to (62-33)
424,Motion to Table Boxer Amdt. No. 2043,"October 30, 2003,  05:43 PM",Amendment Agreed to (61-34)
425,Motion to Table Murray Amdt. No. 2030,"October 30, 2003,  06:33 PM",Motion to Table Agreed to (62-32)
426,"Motion to Table Cantwell Amdt. No. 2038, as modified","October 30, 2003,  07:15 PM",Motion to Table Agreed to (57-34)
427,Motion to Table Harkin Amdt. No. 2045,"October 30, 2003,  08:09 PM",Motion to Table Agreed to (61-31)
428,"H.R. 1904, As Amended","October 30, 2003,  08:34 PM",Bill Passed (80-14)
429,DeWine Amdt. No. 1966,"October 30, 2003,  09:04 PM",Amendment Agreed to (89-1)
430,Feinstein Amdt. No. 1977,"October 30, 2003,  10:34 PM",Amendment Rejected (45-47)
431,Motion to Waive C.B.A. re: Durbin Amdt. NO. 2047,"October 30, 2003,  11:02 PM","Motion Rejected (42-50, 3/5 majority required)"
432,Bingaman Amdt. No. 2048,"October 30, 2003,  11:20 PM",Amendment Rejected (41-51)
433,H.R. 2691 Conference Report,"November 3, 2003,  05:54 PM",Conference Report Agreed to (87-2)
434,Motion To Table Feinstein Amdt. No. 2054,"November 4, 2003,  04:11 PM",Motion to Table Agreed to (70-24)
435,Motion To Table Feingold Amdt. No. 2065,"November 4, 2003,  06:18 PM",Motion to Table Agreed to (61-32)
436,Feinstein AMDT. No. 2083,"November 5, 2003,  02:33 PM",Amendment Rejected (41-56)
437,H.R. 2622 As Amended,"November 5, 2003,  03:00 PM",Bill Passed (95-2)
438,"Confirmation: Roger W. Titus, of Maryland, To Be U.S. District Judge","November 5, 2003,  03:19 PM",Nomination Confirmed (97-0)
439,Cantwell AMDT. 2087,"November 5, 2003,  04:09 PM",Amendment Agreed to (57-40)
440,Motion To Waive CBA Dayton AMDT. No. 2089 (RE: Emergency Designation),"November 5, 2003,  05:15 PM","Motion Rejected (40-55, 3/5 majority required)"
441,"Motion To Invoke Cloture On William H. Pryor of Alabama, To Be U.S. Circuit Judge","November 6, 2003,  12:02 PM","Cloture Motion Rejected (51-43, 3/5 majority required)"
442,Leahy Amdt. No. 2119,"November 6, 2003,  05:45 PM",Amendment Rejected (38-56)
443,Motion To Table Daschle Amdt. No. 2078,"November 6, 2003,  06:20 PM",Motion Rejected (36-58)
444,H. R. 2673 As Amended,"November 6, 2003,  06:57 PM",Bill Passed (93-1)
445,H.R. 1828 As Amended,"November 11, 2003,  03:25 PM",Bill Passed (89-4)
446,Motion to Proceed to the Consideration of the Conference Report to Accompany H.R. 1588,"November 11, 2003,  04:01 PM",Motion to Proceed Agreed to (87-1)
447,Conference Report on H.R. 1588,"November 12, 2003,  02:50 PM",Conference Report Agreed to (95-3)
448,Conference Report on H.R. 2559,"November 12, 2003,  03:22 PM",Conference Report Agreed to (98-0)
449,Motion to Waive CBA Mikulski Amdt. No. 2178 (Re: Emergency Designation),"November 12, 2003,  05:01 PM","Motion Rejected (44-49, 3/5 majority required)"
450,"Motion to Invoke Cloture on the Nomination of Priscilla Richman Owen, of Texas, to be U.S. Circuit Judge","November 14, 2003,  09:38 AM","Cloture Motion Rejected (53-42, 3/5 majority required)"
451,"Motion to Invoke Cloture on the Nomination of Carolyn B. Kuhl, of California, to be U.S. Circuit Judge","November 14, 2003,  10:05 AM",Cloture Motion Rejected (53-43)
452,"Motion to Invoke Cloture on the Nomination of Janice R. Brown, of California, to be U.S. Circuit Judge","November 14, 2003,  10:23 AM","Cloture Motion Rejected (53-43, 3/5 majority required)"
453,"Motion To Invoke Cloture On H.R. 2115, Conference Report.","November 17, 2003,  05:44 PM","Cloture Motion Rejected (45-43, 3/5 majority required)"
454,"Motion To Invoke Cloture On The Nomination Of Thomas C. Dorr, Of Iowa, To Be Under Secretary Of Agriculture.","November 18, 2003,  10:58 AM","Cloture Motion Rejected (57-39, 3/5 majority required)"
455,"Motion To Invoke Cloture On The Nomination Of Thomas C. Dorr, Of Iowa, To Be A Member Of The Board Of Directors, Commodity Credit Corporation.","November 18, 2003,  11:33 AM","Cloture Motion Rejected (57-39, 3/5 majority required)"
456,Motion To Invoke Cloture - H.R. 6 Conference Report,"November 21, 2003,  10:51 AM","Cloture Motion Rejected (57-40, 3/5 majority required)"
457,Motion to Invoke Cloture on the Conference Report to Accompany H.R. 1,"November 24, 2003,  12:36 PM","Cloture Motion Agreed to (70-29, 3/5 majority required)"
458,Motion To Waive CBA RE: H. R. 1 - Conference Report,"November 24, 2003,  03:21 PM","Motion Agreed to (61-39, 3/5 majority required)"
459,H.R. 1 Conference Report,"November 25, 2003,  09:23 AM",Conference Report Agreed to (54-44)
