,title,vote_date,vote_result
0,Shall Objection Submitted Be Sustained Re: Electoral Ballot Count,"January 6, 2005,  03:18 PM",Objection Not Sustained (1-74)
1,Shall Objection Submitted Be Sustained Re: Electoral Ballot Count,"January 6, 2005,  03:18 PM",Objection Not Sustained (1-74)
2,"Confirmation Condoleeza Rice, of California, to be Secretary of State","January 26, 2005,  11:40 AM",Nomination Confirmed (85-13)
3,Confirmation Alberto R. Gonzales to be Attorney General,"February 3, 2005,  04:29 PM",Nomination Confirmed (60-36)
4,S. Res. 38,"February 7, 2005,  05:30 PM",Resolution Agreed to (93-0)
5,Motion to Table Pryor Amdt. No. 5,"February 9, 2005,  12:15 PM",Motion to Table Agreed to (60-39)
6,Kennedy Amdt. No. 2,"February 9, 2005,  04:01 PM",Amendment Rejected (40-59)
7,Feinstein Amdt. No. 4,"February 9, 2005,  04:33 PM",Amendment Rejected (38-61)
8,Feingold Amdt. No. 12,"February 10, 2005,  12:45 PM",Amendment Rejected (37-61)
9,S. 5,"February 10, 2005,  03:03 PM",Bill Passed (72-26)
10,"Confirmation Michael Chertoff, of New Jersey, To Be Secretary of Homeland Security ","February 15, 2005,  04:00 PM",Nomination Confirmed (98-0)
11,S. 306 As Amended,"February 17, 2005,  03:00 PM",Bill Passed (98-0)
12,Sessions Amdt. No. 23,"March 1, 2005,  05:27 PM",Amendment Agreed to (63-32)
13,"Durbin Amdt. No. 16, As Modified.","March 1, 2005,  06:07 PM",Amendment Rejected (38-58)
14,Feingold Amdt. No. 17.,"March 2, 2005,  11:14 AM",Amendment Rejected (40-59)
15,Akaka Amdt. No. 15,"March 2, 2005,  11:48 AM",Amendment Rejected (40-59)
16,Kennedy Amdt. No. 28.,"March 2, 2005,  04:56 PM",Amendment Rejected (39-58)
17,Kennedy Amdt. No. 29,"March 2, 2005,  05:31 PM",Amendment Rejected (39-58)
18,Corzine Amdt. No. 32,"March 2, 2005,  05:55 PM",Amendment Rejected (37-60)
19,S.J.Res. 4,"March 3, 2005,  12:51 PM",Joint Resolution Passed (52-46)
20,Dayton Amdt. No. 31.,"March 3, 2005,  02:05 PM",Amendment Rejected (24-74)
21,Nelson (FL) Amdt. No. 37,"March 3, 2005,  02:37 PM",Amendment Rejected (37-61)
22,Durbin Amdt. No. 38,"March 3, 2005,  03:27 PM",Amendment Rejected (40-58)
23,Schumer Amdt. No. 42,"March 3, 2005,  05:33 PM",Amendment Rejected (39-56)
24,Rockefeller Amdt. No. 24,"March 3, 2005,  06:10 PM",Amendment Rejected (40-54)
25,Durbin Amdt. No. 49,"March 3, 2005,  06:28 PM",Amendment Rejected (40-54)
26,Kennedy Amdt. No. 44,"March 7, 2005,  05:37 PM",Amendment Rejected (46-49)
27,Santorum Amdt. No. 128,"March 7, 2005,  06:06 PM",Amendment Rejected (38-61)
28,Schumer Amdt. No. 47.,"March 8, 2005,  12:16 PM",Amendment Rejected (46-53)
29,Motion To Invoke Cloture On Bill S. 256,"March 8, 2005,  02:16 PM","Cloture Motion Agreed to (69-31, 3/5 majority required)"
30,Feingold Amdt No. 89 ,"March 8, 2005,  05:48 PM",Amendment Rejected (41-59)
31,Durbin Amdt. No. 110,"March 9, 2005,  11:29 AM",Amendment Rejected (42-58)
32,Harkin Amdt. No. 66,"March 9, 2005,  12:04 PM",Amendment Rejected (48-52)
33,Boxer Amdt. No. 62,"March 9, 2005,  12:24 PM",Amendment Rejected (40-60)
34,Dodd Amdt. No. 67,"March 9, 2005,  02:49 PM",Amendment Rejected (42-58)
35,Kennedy Amdt. No. 68,"March 9, 2005,  03:19 PM",Amendment Rejected (47-53)
36,Kennedy Amdt. No. 70,"March 10, 2005,  11:17 AM",Amendment Rejected (41-58)
37,Kennedy Amdt. No. 69,"March 10, 2005,  11:45 AM",Amendment Rejected (41-58)
38,Akaka Amdt. No. 105,"March 10, 2005,  12:07 PM",Amendment Rejected (38-61)
39,Leahy Amdt. No. 83,"March 10, 2005,  02:01 PM",Amendment Rejected (44-55)
40,Durbin Amdt. No. 112,"March 10, 2005,  02:33 PM",Amendment Agreed to (99-0)
41,Schumer Amdt. No. 129,"March 10, 2005,  02:57 PM",Amendment Rejected (43-56)
42,Talent Amdt. No. 121,"March 10, 2005,  03:18 PM",Amendment Agreed to (73-26)
43,S. 250 As Amended,"March 10, 2005,  04:31 PM",Bill Passed (99-0)
44,S. 256 As Amended,"March 10, 2005,  06:12 PM",Bill Passed (74-25)
45,Bingaman Amdt. No. 143,"March 14, 2005,  05:30 PM",Amendment Rejected (44-49)
46,Graham Amdt. No. 152 As Modified,"March 15, 2005,  03:00 PM",Amendment Agreed to (100-0)
47,Conrad Amdt. No. 144,"March 15, 2005,  03:29 PM",Amendment Rejected (45-55)
48,DeMint Amdt. No. 150,"March 15, 2005,  03:53 PM",Amendment Agreed to (56-43)
49,Nelson (FL) Amdt. No. 145,"March 15, 2005,  04:13 PM",Amendment Rejected (50-50)
50,Stabenow Amdt. No. 147,"March 15, 2005,  04:33 PM",Amendment Rejected (46-54)
51,Byrd Amdt. No. 158,"March 16, 2005,  01:13 PM",Amendment Rejected (46-52)
52,Cantwell Amdt. No. 168,"March 16, 2005,  01:45 PM",Amendment Rejected (49-51)
53,Feingold Amdt. No. 186,"March 16, 2005,  03:47 PM",Amendment Rejected (50-50)
54,Ensign Amdt. No. 170,"March 16, 2005,  04:20 PM",Amendment Agreed to (96-4)
55,Akaka Amdt. No. 149,"March 16, 2005,  04:38 PM",Amendment Rejected (47-53)
56,Specter Amdt. No. 173,"March 16, 2005,  04:59 PM",Amendment Agreed to (63-37)
57,Frist Amdt. No. 229,"March 17, 2005,  01:18 PM",Amendment Rejected (49-51)
58,Smith Amdt. No. 204,"March 17, 2005,  01:51 PM",Amendment Agreed to (52-48)
59,Carper Amdt. No. 207,"March 17, 2005,  02:16 PM",Amendment Rejected (49-51)
60,Snowe Amdt. No. 214,"March 17, 2005,  02:32 PM",Amendment Rejected (49-50)
61,Harkin Amdt. No. 172,"March 17, 2005,  02:50 PM",Amendment Rejected (44-56)
62,Landrieu Amdt. No. 219,"March 17, 2005,  03:05 PM",Amendment Agreed to (100-0)
63,Dorgan Amdt. No. 210,"March 17, 2005,  03:23 PM",Amendment Rejected (40-59)
64,Lieberman Amdt. No. 220,"March 17, 2005,  03:38 PM",Amendment Agreed to (63-37)
65,Sarbanes Amdt. No. 156,"March 17, 2005,  03:51 PM",Amendment Rejected (49-51)
66,Coleman Amdt. No. 230,"March 17, 2005,  04:21 PM",Amendment Agreed to (68-31)
67,Cochran Amdt. No. 208,"March 17, 2005,  04:15 PM",Amendment Agreed to (73-26)
68,Kennedy Amdt. No. 177 As Modified,"March 17, 2005,  04:29 PM",Amendment Agreed to (51-49)
69,Baucus Amdt. No. 234,"March 17, 2005,  04:44 PM",Amendment Rejected (46-54)
70,Biden Amdt. No. 239,"March 17, 2005,  04:58 PM",Amendment Rejected (45-55)
71,Byrd Amdt. No. 240,"March 17, 2005,  06:36 PM",Amendment Rejected (45-54)
72,Talent Amdt. No. 225,"March 17, 2005,  05:58 PM",Amendment Agreed to (81-19)
73,Conrad Amdt. No. 243,"March 17, 2005,  06:12 PM",Amendment Agreed to (94-6)
74,Bunning Amdt. No. 241,"March 17, 2005,  06:27 PM",Amendment Agreed to (55-45)
75,Clinton Amdt. No. 244 As Modified,"March 17, 2005,  06:45 PM",Amendment Rejected (47-53)
76,Lautenberg Amdt. No. 187,"March 17, 2005,  07:00 PM",Amendment Rejected (45-54)
77,Boxer Amdt. No. 257,"March 17, 2005,  07:48 PM",Amendment Rejected (44-54)
78,Dorgan Amdt. No. 211,"March 17, 2005,  08:08 PM",Amendment Rejected (45-55)
79,Dayton Amdt. No. 202,"March 17, 2005,  08:39 PM",Amendment Rejected (37-63)
80,Levin Amdt. No. 238,"March 17, 2005,  09:22 PM",Amendment Agreed to (53-46)
81,S. Con. Res. 18 As Amended,"March 17, 2005,  09:51 PM",Concurrent Resolution Agreed to (51-49)
82,S. Res. 95,"April 5, 2005,  04:46 PM",Resolution Agreed to (98-0)
83,Boxer Amdt. No. 278,"April 5, 2005,  05:16 PM",Amendment Agreed to (52-46)
84,Biden Amdt. No. 286,"April 6, 2005,  10:01 AM",Amendment Rejected (40-57)
85,Motion To Table Dorgan Amdt. No. 284,"April 6, 2005,  01:10 PM",Motion to Table Agreed to (65-35)
86,Motion To Table Schumer Amdt. No. 309,"April 6, 2005,  02:32 PM",Motion to Table Failed (33-67)
87,"Confirmation Paul A. Crotty, of New York, to be a U.S. District Judge","April 11, 2005,  05:29 PM",Nomination Confirmed (95-0)
88,S. Con. Res. 25,"April 11, 2005,  05:57 PM",Resolution Agreed to (96-0)
89,"Motion to Waive Sec. 402, S. Con. Res. 95 (108th) ""Emergency designation"" Re: Murray Amdt. No. 344, As Modified","April 12, 2005,  03:26 PM","Motion Rejected (46-54, 3/5 majority required)"
90,"Motion to Waive C.B.A. Re: Murray Amdt. No. 344, As Modified","April 12, 2005,  04:01 PM","Motion Rejected (46-54, 3/5 majority required)"
91,Motion to Table Durbin Amdt. No. 356,"April 13, 2005,  01:49 PM",Motion to Table Failed (39-61)
92,Motion to Table Kerry Amdt. No. 334,"April 13, 2005,  02:23 PM",Motion Rejected (25-75)
93,Byrd Amdt. No. 367,"April 13, 2005,  03:02 PM",Amendment Rejected (27-71)
94,Cornyn Amdt. No. 372,"April 13, 2005,  04:58 PM",Amendment Agreed to (61-38)
95,Byrd Amdt. No. 430 As Modified,"April 14, 2005,  04:45 PM",Amendment Agreed to (98-0)
96,Byrd Amdt. No. 464,"April 18, 2005,  05:31 PM",Amendment Agreed to (61-31)
97,Motion to Invoke Cloture on the Chambliss Amdt. No. 432,"April 19, 2005,  11:45 AM","Cloture Motion Rejected (21-77, 3/5 majority required)"
98,Motion to Invoke Cloture on the Craig Amdt. No. 375,"April 19, 2005,  12:21 PM","Cloture Motion Rejected (53-45, 3/5 majority required)"
99,Motion to Instruct the Sgt. At Arms,"April 19, 2005,  02:21 PM",Motion Agreed to (91-7)
100,"Motion to Recess, As Modified","April 19, 2005,  02:51 PM",Motion Agreed to (56-42)
101,Motion to Invoke Cloture on the Mikulski Amdt. No. 387,"April 19, 2005,  05:12 PM","Cloture Motion Agreed to (83-17, 3/5 majority required)"
102,"Mikulski Amdt. No. 387, As Amended","April 19, 2005,  05:41 PM",Amendment Agreed to (94-6)
103,"Motion to Invoke cloture on HR 1268, As Amended","April 19, 2005,  06:10 PM","Cloture Motion Agreed to (100-0, 3/5 majority required)"
104,Motion to Table Coburn Amdt. No. 471,"April 20, 2005,  01:44 PM",Motion to Table Agreed to (54-45)
105,Byrd Amdt. No. 516,"April 20, 2005,  03:18 PM",Amendment Agreed to (65-34)
106,Warner Amdt. No. 498,"April 20, 2005,  04:25 PM",Amendment Agreed to (58-38)
107,"Confirmation John D. Negroponte, of New York, to be Director of National Intelligence","April 21, 2005,  03:50 PM",Nomination Confirmed (98-2)
108,Bayh Amdt. No. 520,"April 21, 2005,  04:32 PM",Amendment Agreed to (61-39)
109,H.R. 1268 As Amended,"April 21, 2005,  04:55 PM",Bill Passed (99-0)
110,Motion to Invoke Cloture on the Motion to Proceed to Consider H.R. 3,"April 26, 2005,  11:44 AM","Cloture Motion Agreed to (94-6, 3/5 majority required)"
111,"Confirmation J. Michael Seabright, of Hawaii, to be U.S. District Judge","April 27, 2005,  01:56 PM",Nomination Confirmed (98-0)
112,Motion to Recess Until 2:00 p.m. Today,"April 28, 2005,  12:25 PM",Motion Agreed to (98-1)
113,Motion to Table Bond Amdt. No. 592,"April 28, 2005,  03:46 PM",Motion to Table Agreed to (51-49)
114,H. Con. Res. 95 Conference Report,"April 28, 2005,  11:29 PM",Conference Report Agreed to (52-47)
115,Motion to Invoke Cloture on the Nomination of Stephen L. Johnson to be Administrator of EPA,"April 29, 2005,  12:13 AM","Cloture Motion Agreed to (61-37, 3/5 majority required)"
116,Talent Amdt. No. 600,"May 9, 2005,  05:30 PM",Amendment Agreed to (89-0)
117,H. R. 1268 Conference Report,"May 10, 2005,  05:50 PM",Conference Report Agreed to (100-0)
118,Motion to Waive CBA Re: Amdt. No. 605 and H.R. 3,"May 11, 2005,  11:30 AM","Motion Agreed to (76-22, 3/5 majority required)"
119,Motion to Table Corzine Amdt. No. 606,"May 11, 2005,  02:26 PM",Motion to Table Agreed to (57-40)
120,Lautenberg Amdt. No. 625,"May 11, 2005,  05:31 PM",Amendment Rejected (28-69)
121,"Harkin Amdt. No 618, as Modified","May 11, 2005,  06:03 PM",Amendment Rejected (44-53)
122,Motion to Invoke Cloture on Amdt. No. 605 to H.R.3,"May 12, 2005,  11:41 AM","Cloture Motion Agreed to (92-7, 3/5 majority required)"
123,Allen Amdt. No. 611,"May 17, 2005,  12:04 PM",Amendment Rejected (14-86)
124,Sessions Amdt. No. 646 As Modified,"May 17, 2005,  02:30 PM",Amendment Rejected (16-84)
125,H.R. 3 As Amended,"May 17, 2005,  03:02 PM",Bill Passed (89-11)
126,Motion To Instruct Sgt. At Arms,"May 23, 2005,  05:38 PM",Motion Agreed to (90-1)
127,"Motion To Invoke Cloture on the Nomination of Priscilla Richman Owen, of Texas, to be U.S. Circuit Judge","May 24, 2005,  12:00 PM","Cloture Motion Agreed to (81-18, 3/5 majority required)"
128,"Confirmation Priscilla Richman Owen, to be U.S. Circuit Judge","May 25, 2005,  11:58 AM",Nomination Confirmed (55-43)
129,"Motion to Invoke Cloture on the Nomination of John R. Bolton, of Maryland, to be Representative of the U.S. to the United Nations","May 26, 2005,  06:17 PM","Cloture Motion Rejected (56-42, 3/5 majority required)"
130,"Motion To Invoke Cloture On The Nomination of Janice R. Brown, of California, To Be U.S. Circuit Judge","June 7, 2005,  12:01 PM","Cloture Motion Agreed to (65-32, 3/5 majority required)"
131,"Confirmation Janice R. Brown, of California, to be U.S. Circuit Judge","June 8, 2005,  05:00 PM",Nomination Confirmed (56-43)
132,"Motion to Invoke Cloture on the Nomination of William H. Pryor, Jr., of Alabama, to be U.S. Circuit Judge","June 8, 2005,  05:30 PM","Cloture Motion Agreed to (67-32, 3/5 majority required)"
133,"Confirmation William H. Pryor, Jr., of Alabama, to be U.S. Circuit Judge","June 9, 2005,  04:00 PM",Nomination Confirmed (53-45)
134,"Confirmation Richard A. Griffin, of Michigan, to be U.S. Circuit Judge","June 9, 2005,  04:58 PM",Nomination Confirmed (95-0)
135,"Confirmation David W. McKeague, of Michigan, to be U.S. Circuit Judge","June 9, 2005,  05:34 PM",Nomination Confirmed (96-0)
136,"Confirmation Thomas B. Griffith, of Utah, to be U.S. Circuit Judge","June 14, 2005,  10:07 AM",Nomination Confirmed (73-24)
137,Motion to Table Boxer Amdt. No. 781,"June 14, 2005,  05:18 PM",Motion to Table Agreed to (59-38)
138,Motion to Table Schumer Amdt. No. 782,"June 15, 2005,  10:43 AM",Motion to Table Agreed to (69-28)
139,"Domenici Amdt. No. 779, As Modified","June 15, 2005,  11:58 AM",Amendment Agreed to (70-26)
140,Cantwell Amdt. No. 784 As Modified,"June 16, 2005,  02:31 PM",Amendment Rejected (47-53)
141,Bingaman Amdt. No. 791,"June 16, 2005,  03:04 PM",Amendment Agreed to (52-48)
142,"Upon Reconsideration, Motion to Invoke Cloture on the Nomination of John R. Bolton, of Maryland, to be Representative of the United States to the United Nations","June 20, 2005,  06:04 PM","Cloture Motion Rejected (54-38, 3/5 majority required)"
143,Nelson (FL) Amdt. No. 783,"June 21, 2005,  11:45 AM",Amendment Rejected (44-52)
144,Hagel Amdt. No. 817,"June 21, 2005,  04:21 PM",Amendment Agreed to (66-29)
145,Voinovich Amdt. No. 799,"June 21, 2005,  06:30 PM",Amendment Agreed to (92-1)
146,Motion to Table Feinstein Amdt. No. 841,"June 22, 2005,  11:02 AM",Motion to Table Agreed to (52-45)
147,Motion to Table Schumer Amdt. No. 805 As Modified,"June 22, 2005,  12:15 PM",Motion to Table Agreed to (57-39)
148,"McCain Amdt. No. 826, As Modified","June 22, 2005,  04:03 PM",Amendment Rejected (38-60)
149,"Motion To Table Bingaman Amdt. No. 866, As Modified","June 22, 2005,  05:41 PM",Motion to Table Failed (44-53)
150,Alexander Amdt. No. 961,"June 22, 2005,  07:58 PM",Amendment Rejected (32-63)
151,Kerry Amdt. No. 844,"June 22, 2005,  08:35 PM",Amendment Rejected (46-49)
152,Motion to Invoke Cloture on H.R. 6 as amended,"June 23, 2005,  10:02 AM","Cloture Motion Agreed to (92-4, 3/5 majority required)"
153,Motion to Waive CBA Re: Domenici Amdt. No. 891,"June 23, 2005,  03:33 PM","Motion Agreed to (69-26, 3/5 majority required)"
154,Schumer Amdt. No. 810,"June 23, 2005,  06:19 PM",Amendment Agreed to (52-46)
155,Sununu Amdt. No. 873,"June 23, 2005,  06:49 PM",Amendment Rejected (21-76)
156,Bond Amdt. No. 925,"June 23, 2005,  08:31 PM",Amendment Agreed to (64-31)
157,Durbin Amdt. No. 902,"June 23, 2005,  09:04 PM",Amendment Rejected (28-67)
158,H.R. 6 As Amended,"June 28, 2005,  10:00 AM",Bill Passed (85-12)
159,Motion to Waive C.B.A. re: Coburn Amdt. No. 1019,"June 28, 2005,  05:06 PM","Motion Rejected (17-75, 3/5 majority required)"
160,Coburn Amdt. No. 1003,"June 28, 2005,  05:39 PM",Amendment Rejected (33-59)
161,Burns Amdt. No. 1068,"June 29, 2005,  12:15 PM",Amendment Agreed to (57-40)
162,Boxer Amdt. No. 1023,"June 29, 2005,  12:49 PM",Amendment Agreed to (60-37)
163,Motion to Waive C.B.A. Re: Dorgan Amdt. No. 1025,"June 29, 2005,  02:18 PM","Motion Rejected (47-51, 3/5 majority required)"
164,Sununu Amdt. No. 1026,"June 29, 2005,  02:47 PM",Amendment Rejected (39-59)
165,Santorum Amdt. No. 1071,"June 29, 2005,  05:30 PM",Amendment Agreed to (96-0)
166,Murray Amdt. No. 1052 As Amended,"June 29, 2005,  05:58 PM",Amendment Agreed to (96-0)
167,Motion to Suspend the Rules Relative to the Dorgan Amdt. No. 1059,"June 29, 2005,  07:35 PM","Motion Rejected (60-35, 2/3 majority required)"
168,H. R. 2361 As Amended,"June 29, 2005,  07:33 PM",Bill Passed (94-0)
169,Motion To Proceed To Consider S. 1307,"June 29, 2005,  07:54 PM",Motion to Proceed Agreed to (61-34)
170,S. 1307,"June 30, 2005,  09:34 PM",Bill Passed (54-45)
171,Feinstein Amdt. No. 1085,"July 1, 2005,  12:06 AM",Amendment Rejected (43-53)
172,H.R. 2419 As Amended,"July 1, 2005,  12:27 AM",Bill Passed (92-3)
173,S.Res. 193,"July 11, 2005,  05:33 PM",Resolution Agreed to (76-0)
174,Murray Amdt. No. 1129,"July 12, 2005,  12:00 PM",Amendment Agreed to (95-0)
175,Collins Amdt. No. 1142,"July 12, 2005,  05:03 PM",Amendment Agreed to (71-26)
176,"Feinstein Amdt. No. 1215, As Modified","July 12, 2005,  05:39 PM",Amendment Rejected (32-65)
177,"Motion To Waive CBA Re: Dodd Amdt. No. 1202, As Modified","July 13, 2005,  06:33 PM","Motion Rejected (36-60, 3/5 majority required)"
178,"Motion To Waive CBA RE: Akaka Amdt. No. 1112, As Modified","July 13, 2005,  07:06 PM","Motion Rejected (42-55, 3/5 majority required)"
179,Ensign Amdt. No. 1219,"July 14, 2005,  10:04 AM",Amendment Rejected (38-60)
180,Motion To Waive CBA RE: Schumer Amdt. No. 1189,"July 14, 2005,  10:39 AM","Motion Rejected (45-53, 3/5 majority required)"
181,Motion To Waive CBA RE: Schumer Amdt. No. 1190,"July 14, 2005,  11:00 AM","Motion Rejected (36-62, 3/5 majority required)"
182,McCain Amdt. No. 1171 As Modified And Amended,"July 14, 2005,  11:49 AM",Amendment Rejected (42-56)
183,Motion To Waive CBA RE: Stabenow Amdt. No. 1217,"July 14, 2005,  11:46 AM","Motion Rejected (35-63, 3/5 majority required)"
184,Motion To Waive CBA Byrd Amdt. No. 1218,"July 14, 2005,  03:10 PM","Motion Rejected (43-55, 3/5 majority required)"
185,"Gregg Amdt. No. 1220, As Modified Further","July 14, 2005,  03:41 PM",Amendment Rejected (46-52)
186,Motion To Waive CBA Shelby Amdt. No. 1205 As Modified,"July 14, 2005,  03:59 PM","Motion Rejected (53-45, 3/5 majority required)"
187,Frist Amdt. No. 1223,"July 14, 2005,  06:24 PM",Amendment Rejected (32-65)
188,Reid Amdt. No. 1222,"July 14, 2005,  06:53 PM",Amendment Rejected (44-53)
189,H.R. 2360 As Amended,"July 14, 2005,  07:29 PM",Bill Passed (96-1)
190,"Confirmation Lester M. Crawford, of Maryland, to be Commissioner of Food and Drugs","July 18, 2005,  05:45 PM",Nomination Confirmed (78-16)
191,H.J.Res 52,"July 19, 2005,  12:24 PM",Joint Resolution Passed (97-1)
192,Coburn Amdt. No 1242,"July 19, 2005,  06:41 PM",Amendment Rejected (37-62)
193,Coburn Amdt. No. 1241,"July 19, 2005,  07:13 PM",Amendment Agreed to (59-40)
194,Dorgan Amdt. No. 1294,"July 19, 2005,  07:37 PM",Amendment Rejected (33-66)
195,Landrieu Amdt. No. 1245,"July 20, 2005,  02:32 PM",Amendment Agreed to (98-0)
196,Chambliss Amdt. No. 1271,"July 20, 2005,  03:05 PM",Amendment Agreed to (86-12)
197,H.R. 3057 as Amended,"July 20, 2005,  03:36 PM",Bill Passed (98-1)
198,"Confirmation of the Nomination of Thomas C. Dorr, of Iowa, to be Under Secretary of Agriculture for Rural Development","July 21, 2005,  10:55 AM",Nomination Confirmed (62-38)
199,Warner Amdt. No. 1314 as Modified,"July 21, 2005,  12:32 PM",Amendment Agreed to (100-0)
200,Lugar Amdt. No. 1380,"July 21, 2005,  06:32 PM",Amendment Agreed to (78-19)
201,S. Res. 207,"July 25, 2005,  05:32 PM",Resolution Agreed to (87-0)
202,"Collins Amdt. No. 1377, As Modified","July 26, 2005,  10:49 AM",Amendment Agreed to (98-0)
203,Lautenberg Amdt. No. 1351,"July 26, 2005,  11:20 AM",Amendment Rejected (47-51)
204,"Frist Amdt. No. 1342, As Modified","July 26, 2005,  11:45 AM",Amendment Agreed to (98-0)
205,Motion To Invoke Cloture On S. 1042,"July 26, 2005,  12:19 PM","Cloture Motion Rejected (50-48, 3/5 majority required)"
206,Motion To Invoke Cloture On The Motion To Proceed To S. 397,"July 26, 2005,  12:53 PM","Cloture Motion Agreed to (66-32, 3/5 majority required)"
207,Kohl Amdt. No. 1626,"July 28, 2005,  12:13 PM",Amendment Agreed to (70-30)
208,Motion To Table Levin Amdt. No. 1623,"July 28, 2005,  03:02 PM",Motion to Table Agreed to (62-37)
209,H. R. 3045,"July 28, 2005,  07:52 PM",Bill Passed (55-45)
210,Conference Report H. R. 2361,"July 29, 2005,  11:34 AM",Conference Report Agreed to (99-1)
211,Conference Report H. R. 2985,"July 29, 2005,  12:10 PM",Conference Report Agreed to (96-4)
212,Motion To Waive CBA Re: Conference Report To Accompany H. R. 6,"July 29, 2005,  12:29 PM","Motion Agreed to (71-29, 3/5 majority required)"
213,Conference Report H. R. 6,"July 29, 2005,  12:50 PM",Conference Report Agreed to (74-26)
214,Craig Amdt. No. 1644,"July 29, 2005,  01:54 PM",Amendment Agreed to (72-26)
215,Lautenberg Amdt. No. 1620,"July 29, 2005,  02:24 PM",Amendment Rejected (35-64)
216,Craig Amendment No. 1645,"July 29, 2005,  03:17 PM",Amendment Agreed to (87-11)
217,Kennedy Amdt. No. 1615,"July 29, 2005,  03:46 PM",Amendment Rejected (31-64)
218,Reed Amdt. No. 1642,"July 29, 2005,  04:37 PM",Amendment Rejected (33-63)
219,"Passage of S. 397, As Amended","July 29, 2005,  05:11 PM",Bill Passed (65-31)
220,Conference Report H. R. 3,"July 29, 2005,  06:03 PM",Conference Report Agreed to (91-4)
221,S. Res. 233,"September 6, 2005,  05:28 PM",Resolution Agreed to (94-0)
222,S. Res. 234,"September 7, 2005,  12:10 PM",Resolution Agreed to (95-0)
223,H. R. 3673,"September 8, 2005,  07:04 PM",Bill Passed (97-0)
224,Motion To Proceed To Consider S. J. Res. 20,"September 12, 2005,  06:53 PM",Motion Agreed to (92-0)
225,S.J. Res. 20,"September 13, 2005,  12:40 PM",Joint Resolution Defeated (47-51)
226,Motion To Waive CBA RE: Biden Amdt. No. 1661,"September 13, 2005,  04:41 PM",Amendment Rejected (41-56)
227,"Motion To Waive CBA Stabenow Amdt. No. 1687, As Modified","September 14, 2005,  11:00 AM","Motion Rejected (40-58, 3/5 majority required)"
228,"Motion To Suspend Paragraph 4, Rule XVI RE: Dorgan Amdt. No. 1670","September 14, 2005,  12:31 PM","Motion Rejected (44-53, 3/5 majority required)"
229,"Motion To Suspend Paragraph 4, Rule XVI RE: Clinton Amdt. NO. 1660","September 14, 2005,  01:06 PM","Motion Rejected (44-54, 3/5 majority required)"
230,Motion To Table Coburn Amdt. No. 1648,"September 14, 2005,  04:43 PM",Motion Agreed to (68-29)
231,"Grassley Amdt. No. 1713, As Modified","September 15, 2005,  11:46 AM",Amendment Agreed to (99-0)
232,Dorgan Amdt. No. 1665,"September 15, 2005,  12:17 PM",Amendment Rejected (39-60)
233,Snowe Amdt. No. 1717,"September 15, 2005,  02:36 PM",Amendment Agreed to (96-0)
234,"Motion To Suspend Paragraph 4, Rule XVI RE: Lieberman Amdt. No. 1678","September 15, 2005,  03:24 PM","Motion Rejected (43-52, 3/5 majority required)"
235,H.R. 2862,"September 15, 2005,  04:03 PM",Bill Passed (91-4)
236,Nelson (NE) Amdt. No. 1732,"September 20, 2005,  11:23 AM",Amendment Agreed to (72-26)
237,"Ensign Amdt. No. 1753, As Modified","September 20, 2005,  04:45 PM",Amendment Agreed to (69-28)
238,Coburn Amdt. No. 1775,"September 21, 2005,  07:01 PM",Amendment Agreed to (55-39)
239,Bingaman Amdt. No. 1797,"September 21, 2005,  07:37 PM",Amendment Agreed to (66-29)
240,"Dayton Amdt. No. 1844, As Modified","September 22, 2005,  09:35 AM",Amendment Rejected (47-52)
241,"H.R. 2744, As Amended","September 22, 2005,  10:08 AM",Bill Passed (97-2)
242,Akaka Amdt. No. 1852,"September 22, 2005,  03:11 PM",Amendment Rejected (48-50)
243,"H.R. 2528, As Amended","September 22, 2005,  03:47 PM",Bill Passed (98-0)
244,Treaty Doc. 108-6 Resolution Of Advice And Consent To Ratification,"September 26, 2005,  05:31 PM","Resolution of Ratification Agreed to (87-0, 2/3 majority required)"
245,"Confirmation John G. Roberts, Jr., of Maryland, to be Chief Justice of the United States","September 29, 2005,  11:31 AM",Nomination Confirmed (78-22)
246,Harking Amdt. No. 1921,"September 30, 2005,  10:15 AM",Amendment Rejected (39-53)
247,"Is the Amendment No. 1955, as modified, germane to H.R.2863?","October 5, 2005,  07:57 PM",Amendment Not Germane (49-50)
248,Motion to Waive C.B.A. re: Bayh Amdt. No. 1933,"October 5, 2005,  08:30 PM","Motion Rejected (56-43, 3/5 majority required)"
249,McCain Amdt. No. 1977,"October 5, 2005,  08:53 PM",Amendment Agreed to (90-9)
250,Motion to Waive CBA re: Emergency Designation on Kerry Amdt. No. 2033,"October 5, 2005,  09:18 PM","Motion Rejected (50-49, 3/5 majority required)"
251,Motion to Waive CBA Stabenow Amdt. No. 1937,"October 5, 2005,  09:43 PM","Motion Rejected (48-51, 3/5 majority required)"
252,Motion to Invoke Cloture on H.R. 2863,"October 5, 2005,  10:00 PM","Motion Agreed to (95-4, 3/5 majority required)"
253,Motion to Table Coburn Amdt. No. 2005,"October 6, 2005,  12:15 PM",Motion to Table Agreed to (65-32)
254,H.R. 2863 As Amended,"October 7, 2005,  09:17 AM",Bill Passed (97-0)
255,Bond Amdt. No. 2061,"October 17, 2005,  05:30 PM",Amendment Agreed to (93-0)
256,Kyl Amdt. No. 2062,"October 18, 2005,  12:10 PM",Amendment Agreed to (92-6)
257,Motion to Waive CBA Kenedy Amdt. No. 2063 As Modified Further,"October 19, 2005,  04:37 PM","Motion Rejected (47-51, 3/5 majority required)"
258,Motion to Waive CBA Enzi Amdt. No. 2115,"October 19, 2005,  05:13 PM","Motion Rejected (42-57, 3/5 majority required)"
259,"Motion to Suspend Rule XVI, Paragraph 4 Re: Dorgan Amdt. No. 2078","October 19, 2005,  05:40 PM","Motion Rejected (44-54, 2/3 majority required)"
260,Motion To Table Coburn Amdt. No. 2093 As Modified,"October 20, 2005,  12:14 PM",Motion to Table Agreed to (86-13)
261,"Motion To Waive CBA Re: Reed Amdt. No. 2077 ""Emergency Designation""","October 20, 2005,  02:32 PM","Motion Rejected (53-46, 3/5 majority required)"
262,"Coburn Amdt. No. 2165, As Modified","October 20, 2005,  06:03 PM",Amendment Rejected (15-82)
263,Stevens Amdt. No. 2181,"October 20, 2005,  06:40 PM",Amendment Rejected (33-61)
264,"H.R. 3058, as amended","October 20, 2005,  07:37 PM",Bill Passed (93-1)
265,"Confirmation Brian Edward Sandoval, of Nevada, To Be United States District Judge","October 24, 2005,  05:30 PM",Nomination Confirmed (89-0)
266,"Confirmation Harry Sandlin Mattice, Jr., of Tennessee, To be United States District Judge","October 24, 2005,  06:00 PM",Nomination Confirmed (91-0)
267,Durbin Amdt. No. 2196,"October 25, 2005,  10:45 AM",Amendment Agreed to (98-0)
268,Motion to Waive CBA Re: Kennedy Amdt. No. 2213,"October 25, 2005,  02:19 PM","Motion Rejected (48-51, 3/5 majority required)"
269,Motion to Waive CBA Re: Byrd Amdt. No. 2275,"October 26, 2005,  11:44 AM","Motion Rejected (44-51, 3/5 majority required)"
270,"Motion to Waive CBA Reed Amdt. No. 2194, As Further Modified","October 26, 2005,  04:18 PM","Motion Rejected (54-43, 3/5 majority required)"
271,"Gregg Amdt. No. 2253, As Modified","October 26, 2005,  04:47 PM",Amendment Rejected (46-53)
272,Motion to Waive CBA Re: Dodd Amdt. No. 2254,"October 26, 2005,  05:03 PM","Motion Rejected (47-52, 3/5 majority required)"
273,Motion to Waive CBA Re: Clinton Amdt. No. 2292,"October 26, 2005,  05:37 PM","Motion Rejected (46-53, 3/5 majority required)"
274,Coburn Amdt. No. 2232,"October 26, 2005,  05:54 PM",Amendment Rejected (14-85)
275,Motion to Invoke Cloture on H.R. 3010,"October 27, 2005,  10:07 AM","Cloture Motion Agreed to (97-0, 3/5 majority required)"
276,"Confirmation John Richard Smoak, of Florida, to be U.S. District Judge for the Northern District","October 27, 2005,  03:02 PM",Nomination Confirmed (97-0)
277,"Confirmation Susan Bieke Neilson, of Michigan, to be U.S. Circuit Judge","October 27, 2005,  03:30 PM",Nomination Confirmed (97-0)
278,Motion to Waive CBA Re: Smith Amdt. No. 2259,"October 27, 2005,  04:01 PM","Motion Rejected (46-50, 3/5 majority required)"
279,"Motion to Waive CBA Re: Boxer Amdt. No. 2287, As Modified","October 27, 2005,  05:01 PM","Motion Rejected (41-56, 3/5 majority required)"
280,Ensign Amdt. No. 2300,"October 27, 2005,  05:28 PM",Amendment Rejected (41-56)
281,"H.R. 3010, As Amended","October 27, 2005,  05:54 PM",Bill Passed (94-3)
282,H.R. 2744 Conference Report,"November 3, 2005,  09:22 AM",Conference Report Agreed to (81-18)
283,Motion to Waive CBA Re: Conrad Amdt. No. 2351,"November 3, 2005,  09:52 AM","Motion Rejected (50-49, 3/5 majority required)"
284,Motion To Waive CBA Re: Ensign Amdt. No. 2404,"November 3, 2005,  10:21 AM","Motion Rejected (31-68, 3/5 majority required)"
285,Motion To Waive CBA Re: Lincoln Amdt. No. 2356,"November 3, 2005,  10:43 AM","Motion Rejected (48-51, 3/5 majority required)"
286,Motion To Waive CBA Re: Inhofe Amdt. No. 2355,"November 3, 2005,  11:02 AM","Motion Rejected (32-67, 3/5 majority required)"
287,Nelson Amdt. No. 2357,"November 3, 2005,  11:22 AM",Amendment Rejected (49-50)
288,Cantwell Amdt. No. 2358,"November 3, 2005,  11:42 AM",Amendment Rejected (48-51)
289,Wyden Amdt. No. 2362,"November 3, 2005,  12:01 PM",Amendment Agreed to (83-16)
290,Motion To Waive CBA Re: Grassley Amdt. No. 2359,"November 3, 2005,  12:20 PM","Motion Rejected (46-53, 3/5 majority required)"
291,"Bingaman Amdt. No. 2365, As Modified","November 3, 2005,  12:41 PM",Amendment Agreed to (54-45)
292,Lott Amdt. No. 2360,"November 3, 2005,  01:03 PM",Amendment Agreed to (93-6)
293,McCain Amdt. No. 2370,"November 3, 2005,  01:24 PM",Amendment Rejected (30-69)
294,Motion to Waive CBA Re: Murray Amdt. No. 2372,"November 3, 2005,  01:47 PM","Motion Rejected (43-56, 3/5 majority required)"
295,Byrd Amdt. No. 2367,"November 3, 2005,  02:16 PM",Amendment Rejected (14-85)
296,Motion to Waive CBA Re: Byrd Amdt. No. 2414,"November 3, 2005,  03:00 PM","Motion Rejected (44-55, 3/5 majority required)"
297,Motion To Waive CBA Re: Lautenberg Amdt. No. 2381,"November 3, 2005,  02:53 PM","Motion Rejected (43-56, 3/5 majority required)"
298,Cantwell Amdt. No. 2400,"November 3, 2005,  03:42 PM",Amendment Rejected (48-51)
299,Schumer Amdt. No. 2348,"November 3, 2005,  04:12 PM",Amendment Rejected (49-50)
300,Reed Amdt. No. 2409,"November 3, 2005,  04:40 PM",Amendment Rejected (46-52)
301,Reed Amdt. No. 2396,"November 3, 2005,  05:01 PM",Amendment Rejected (48-51)
302,Motion To Waive CBA Re: Snowe Amdt. No. 2371,"November 3, 2005,  05:25 PM","Motion Rejected (51-48, 3/5 majority required)"
303,S. 1932 As Amended,"November 3, 2005,  05:51 PM",Bill Passed (52-47)
304,Allard Amdt. No. 2423,"November 7, 2005,  05:30 PM",Amendment Rejected (38-53)
305,Inhofe Amdt. No. 2439,"November 8, 2005,  02:46 PM",Amendment Agreed to (55-43)
306,Harkin Amdt. No. 2438,"November 8, 2005,  03:13 PM",Amendment Rejected (44-54)
307,Nelson (FL) Amdt. No. 2424,"November 8, 2005,  04:35 PM",Amendment Agreed to (92-6)
308,Snowe Amdt. No. 2436 As Modified,"November 8, 2005,  05:06 PM",Amendment Rejected (36-62)
309,Levin Amdt. No. 2430,"November 8, 2005,  05:37 PM",Amendment Rejected (43-55)
310,Byrd Amdt. No. 2442 As modified,"November 8, 2005,  06:10 PM",Amendment Agreed to (97-0)
311,Levin Amdt. No. 2427,"November 8, 2005,  06:34 PM",Amendment Rejected (37-60)
312,Inhofe Amdt. No. 2440 As Modified,"November 9, 2005,  03:24 PM",Amendment Agreed to (99-0)
313,Ensign Amdt. No. 2443,"November 9, 2005,  03:51 PM",Amendment Agreed to (98-1)
314,Chambliss Amdt. No. 2433,"November 9, 2005,  05:35 PM",Amendment Agreed to (99-0)
315,"Durbin Amdt. No. 2473, as modified","November 9, 2005,  06:04 PM",Amendment Rejected (40-59)
316,Dorgan Amdt. No. 2476,"November 10, 2005,  11:35 AM",Amendment Rejected (44-53)
317,Talent Amdt. No. 2477,"November 10, 2005,  12:04 PM",Amendment Agreed to (89-8)
318,Kerry Amdt. No. 2507 As Amended,"November 10, 2005,  04:47 PM",Amendment Agreed to (82-9)
319,Graham Amdt. No. 2516,"November 10, 2005,  05:33 PM",Amendment Agreed to (49-42)
320,Conference Report To Accompany H.R. 3057,"November 10, 2005,  06:02 PM",Conference Report Agreed to (91-0)
321,H.R. 2419 Conference Report,"November 14, 2005,  05:25 PM",Conference Report Agreed to (84-4)
322,Levin Amdt. No. 2519,"November 15, 2005,  11:17 AM",Amendment Rejected (40-58)
323,Warner Amdt. No. 2518,"November 15, 2005,  11:47 AM",Amendment Agreed to (79-19)
324,Bingaman Amdt. No. 2523,"November 15, 2005,  12:06 PM",Amendment Rejected (44-54)
325,Graham Amdt. No. 2524,"November 15, 2005,  12:30 PM",Amendment Agreed to (84-14)
326,S. 1042 As Amended,"November 15, 2005,  12:50 PM",Bill Passed (98-0)
327,Akaka Amdt. No. 2583,"November 16, 2005,  02:31 PM",Amendment Agreed to (58-41)
328,S.1783 as Amended,"November 16, 2005,  03:01 PM",Bill Passed (97-2)
329,Conference Report to Accompany H.R. 2862,"November 16, 2005,  03:16 PM",Conference Report Agreed to (94-5)
330,Motion to Waive CBA Re: Conrad Amdt. No. 2602,"November 17, 2005,  11:47 AM","Motion Rejected (44-55, 3/5 majority required)"
331,Motion to Waive CBA Re: Dorgan Amdt. No. 2587,"November 17, 2005,  03:36 PM","Motion Rejected (35-64, 3/5 majority required)"
332,Motion to Waive CBA Re: Feinstein Amdt. No. 2609,"November 17, 2005,  04:09 PM","Motion Rejected (48-51, 3/5 majority required)"
333,Motion to Waive CBA Re: Feinstein Amdt. No. 2610,"November 17, 2005,  04:30 PM","Motion Rejected (40-59, 3/5 majority required)"
334,Motion to Waive CBA Re: Cantwell Amdt. No. 2612,"November 17, 2005,  04:57 PM","Motion Rejected (57-42, 3/5 majority required)"
335,Motion  to Waive CBA Lott Amdt. No. 2633,"November 17, 2005,  07:33 PM","Motion Rejected (51-47, 3/5 majority required)"
336,Motion to Waive CBA Grassley Amdt. No. 2654,"November 17, 2005,  08:01 PM","Motion Rejected (53-45, 3/5 majority required)"
337,Motion to Waive CBA Durbin Amdt. No. 2596,"November 17, 2005,  08:23 PM","Motion Rejected (43-55, 3/5 majority required)"
338,Motion to Waive CBA Kennedy Amdt. No. 2588,"November 17, 2005,  08:42 PM","Motion Rejected (36-62, 3/5 majority required)"
339,Motion to Waive CBA Re: Reed Amdt. No. 2626,"November 17, 2005,  09:03 PM","Motion Rejected (50-48, 3/5 majority required)"
340,Motion to Waive CBA Feingold Amdt. No. 2650,"November 17, 2005,  09:23 PM","Motion Rejected (50-48, 3/5 majority required)"
341,Motion to Waive CBA Re: Schumer Amdt. No. 2635,"November 17, 2005,  09:50 PM","Motion Rejected (33-65, 3/5 majority required)"
342,Motion to Waive CBA Nelson Amdt. No. 2601,"November 17, 2005,  10:12 PM","Motion Rejected (51-47, 3/5 majority required)"
343,Motion to Waive CBA Boxer Amdt. No. 2634,"November 17, 2005,  10:41 PM","Motion Rejected (43-55, 3/5 majority required)"
344,Motion to Waive CBA Kerry Amdt. No. 2616,"November 17, 2005,  11:00 PM","Motion Rejected (55-43, 3/5 majority required)"
345,Motion to Waive CBA Dayton Amdt. No. 2629,"November 17, 2005,  11:20 PM","Motion Rejected (47-51, 3/5 majority required)"
346,Motion to Waive CBA Harkin Amdt. No. 2665,"November 17, 2005,  11:38 PM","Motion Rejected (42-56, 3/5 majority required)"
347,"S. 2020, As Amended","November 18, 2005,  12:05 AM",Bill Passed (64-33)
348,Harkin Amdt. No. 2672,"November 18, 2005,  09:37 AM",Amendment Rejected (46-50)
349,Specter Motion to Instruct Conferees Re: H.R. 3010,"November 18, 2005,  11:27 AM",Motion Agreed to (66-28)
350,Durbin Motion to Instruct Conferees Re: H.R. 3010,"November 18, 2005,  11:55 AM",Motion Agreed to (58-36)
351,Carper Motion to Instruct Conferees on S. 1932,"December 14, 2005,  11:54 AM",Motion Agreed to (64-27)
352,Baucus Motion to Instruct Conferees on S. 1932,"December 14, 2005,  12:23 PM",Motion Agreed to (75-16)
353,Harkin Motion To Instruct Conferees on S. 1932,"December 14, 2005,  12:50 PM",Motion Agreed to (66-26)
354,Dewine Motion to Instruct Conferees on S. 1932,"December 15, 2005,  03:36 PM",Motion Agreed to (71-20)
355,Kohl Motion to Instruct Conferees on S. 1932,"December 15, 2005,  04:11 PM",Motion Agreed to (75-16)
356,Kennedy Motion to Instruct Conferees on S. 1932,"December 15, 2005,  04:29 PM",Motion Agreed to (83-8)
357,Reed Motion to Instruct Conferees on S. 1932,"December 15, 2005,  04:49 PM",Motion Agreed to (63-28)
358,Motion to Invoke Cloture on the Conference to Accompany H.R. 3199,"December 16, 2005,  11:54 AM","Cloture Motion Rejected (52-47, 3/5 majority required)"
359,Motion to Proceed to the Conference Report to Accompany H.R. 2863,"December 19, 2005,  05:23 PM",Motion to Proceed Agreed to (94-1)
360,Motion to Proceed to Conference Report to Accompany H.R. 1815,"December 19, 2005,  05:53 PM",Motion to Proceed Agreed to (95-0)
361,Motion to Proceed to Conference Report to Accompany S. 1932,"December 19, 2005,  06:15 PM",Motion to Proceed Agreed to (86-9)
362,Motion to Waive CBA (Sects. 313(b)(1)(A) and 313(b)(1)(D)) Re: Conference Report to Accompany S. 1932,"December 21, 2005,  09:49 AM","Motion Rejected (52-48, 3/5 majority required)"
363,"Motion to Concur in House Amdt. To S. 1932, With an Amdt.","December 21, 2005,  10:14 AM","Motion Agreed to (50-50, Vice President voted Yea)"
364,Motion to Invoke Cloture on the Conference Report to Accompany H.R. 2863,"December 21, 2005,  12:08 PM","Cloture Motion Rejected (56-44, 3/5 majority required)"
365,S. Con. Res. 74,"December 21, 2005,  09:31 PM",Concurrent Resolution Agreed to (48-45)
366,H.R. 2863 Conference Report,"December 21, 2005,  09:57 PM",Conference Report Agreed to (93-0)
