,title,vote_date,vote_result
0,Motion To Table Amdt. No. 4,"February 3, 1993,  10:01 AM",Motion to Table Agreed to (67-33)
1,Motion To Table Amdt. No. 4,"February 3, 1993,  10:01 AM",Motion to Table Agreed to (67-33)
2,Motion To Table Amdt. No. 10,"February 3, 1993,  10:27 AM",Motion to Table Agreed to (60-40)
3,Motion To Table Grassley Amdt. No. 3,"February 3, 1993,  12:22 PM",Motion to Table Agreed to (54-46)
4,Motion To Table Kassebaum Amendment  No. 11,"February 3, 1993,  02:01 PM",Motion to Table Agreed to (63-36)
5,Motion To Table Wallop Amdt. No. 12,"February 3, 1993,  03:13 PM",Motion to Table Agreed to (64-35)
6,Motion To Table Danforth Amdt.  No. 14,"February 3, 1993,  06:31 PM",Motion to Table Agreed to (56-42)
7,Motion To Table Amdt. No. 16,"February 4, 1993,  01:30 PM",Motion to Table Agreed to (67-31)
8,Motion To Table Mitchell Amdt. No. 18,"February 4, 1993,  06:46 PM",Motion to Table Failed (1-98)
9,Motion To Table Dole Amdt. No. 19,"February 4, 1993,  07:07 PM",Motion to Table Agreed to (62-37)
10,Motion To Table Brown Amdt. No. 22,"February 4, 1993,  07:27 PM",Motion to Table Agreed to (59-39)
11,"H.R. 1, As Amended","February 4, 1993,  07:46 PM",Bill Passed (71-27)
12,Kennedy Amdt. No. 40,"February 18, 1993,  09:04 AM",Amendment Rejected (42-56)
13,Nickles Amdt. No. 13,"February 18, 1993,  09:25 AM",Amendment Agreed to (76-23)
14,Helms Amdt. No. 48,"February 18, 1993,  02:01 PM",Amendment Agreed to (23-74)
15,"S.1, As Amended","February 18, 1993,  02:32 PM",Bill Passed (93-4)
16,Mitchell Second Degree Amdt. No. 51,"February 24, 1993,  02:47 PM",Amendment Agreed to (98-0)
17,Cochran Second Degree Amdt. No. 59,"February 24, 1993,  05:17 PM",Amendment Rejected (30-68)
18,Reid Amdt. No. 58,"February 24, 1993,  05:43 PM",Amendment Rejected (43-56)
19,Chafee Amdt. No. 61,"February 24, 1993,  06:47 PM",Amendment Rejected (29-69)
20,S. Res. 71 As Amended,"February 25, 1993,  02:05 PM",Bill Passed (94-2)
21,Motion To Table Packwood Amdt. No. 66,"March 3, 1993,  10:39 AM",Motion to Table Agreed to (57-43)
22,Motion To Waive CBA,"March 3, 1993,  04:17 PM","Motion Rejected (44-55, 3/5 majority required)"
23,Motion To Table,"March 3, 1993,  05:07 PM",Motion to Table Agreed to (58-41)
24,"H.R. 920, As Amended","March 3, 1993,  05:53 PM",Bill Passed (66-33)
25,Cloture Motion On Motion To Proceed To S.460,"March 5, 1993,  09:40 AM","Cloture on the Motion to Proceed Rejected (52-36, 3/5 majority required)"
26,cloture motion on motion to proceed to s.460,"March 9, 1993,  12:00 PM","Cloture on the Motion to Proceed Agreed to (62-38, 3/5 majority required)"
27,motion to waive CBA with respect to McCain amdt 73,"March 10, 1993,  03:25 PM","Motion Rejected (45-52, 3/5 majority required)"
28,motion to table kempthorne amndt. no. 78,"March 10, 1993,  05:34 PM",Motion to Table Agreed to (56-41)
29,Janet Reno - Attorney General,"March 11, 1993,  02:20 PM",Nomination Confirmed (98-0)
30,motion to table mccain amdt no.79,"March 11, 1993,  04:49 PM",Motion to Table Agreed to (55-42)
31,motion to table nickles amnd no. 80,"March 11, 1993,  06:37 PM",Motion to Table Agreed to (53-43)
32,ford amnd no. 123,"March 16, 1993,  03:18 PM",Amendment Agreed to (99-0)
33,cloture motion - S. 460,"March 16, 1993,  06:04 PM","Cloture Motion Rejected (59-41, 3/5 majority required)"
34,mkotion to table simpson amdt no. 128,"March 17, 1993,  02:03 PM",Motion to Table Agreed to (58-40)
35,motion to table simpson amdt no. 129,"March 17, 1993,  02:24 PM",Motion to Table Agreed to (58-40)
36,motion to table mccain amdt no. 112,"March 17, 1993,  02:55 PM",Motion to Table Agreed to (58-40)
37,motion to table,"March 17, 1993,  03:35 PM",Motion to Table Agreed to (59-39)
38,final passage,"March 17, 1993,  03:59 PM",Bill Passed (62-37)
39,harkin amdt no. 181 as modified,"March 18, 1993,  05:15 PM",Amendment Agreed to (88-12)
40,nickles amdt no. 182,"March 18, 1993,  09:21 PM",Amendment Rejected (46-53)
41,kennedy amdt no. 183,"March 19, 1993,  09:17 AM",Amendment Agreed to (84-12)
42,motion to table grassley amdt no. 184,"March 19, 1993,  11:36 AM",Motion to Table Agreed to (54-42)
43,deconcini amdt no. 185,"March 23, 1993,  02:25 PM",Amendment Agreed to (56-44)
44,wellstone amdt no.186,"March 23, 1993,  02:59 PM",Amendment Rejected (48-52)
45,bingaman amdt no.188,"March 23, 1993,  03:36 PM",Amendment Agreed to (54-45)
46,nunn amdt no.189,"March 23, 1993,  04:03 PM",Amendment Agreed to (69-30)
47,nunn amdt no.192,"March 23, 1993,  04:35 PM",Amendment Agreed to (56-43)
48,wallop amdt no.194,"March 23, 1993,  05:06 PM",Motion to Table Agreed to (59-40)
49,brown amdt no.196,"March 23, 1993,  05:38 PM",Motion to Table Agreed to (51-48)
50,motion to table domenici amdt no.198,"March 23, 1993,  06:10 PM",Motion to Table Agreed to (58-41)
51,leahy amdt no.202,"March 23, 1993,  06:35 PM",Amendment Agreed to (82-15)
52,motion to table gorton amdt no.209,"March 23, 1993,  07:18 PM",Motion to Table Agreed to (55-44)
53,motion to table murkowski amdt no.203,"March 23, 1993,  07:51 PM",Motion to Table Agreed to (55-44)
54,bingaman amdt no.215,"March 23, 1993,  08:11 PM",Amendment Agreed to (70-29)
55,motion to table pressler amdt no.210,"March 23, 1993,  08:41 PM",Motion to Table Agreed to (52-47)
56,simon amdt no.217,"March 23, 1993,  09:11 PM",Amendment Agreed to (56-43)
57,motion to table lott amdt no.240,"March 24, 1993,  09:38 AM",Motion to Table Agreed to (52-47)
58,lautenberg amdt no.242,"March 24, 1993,  11:03 AM",Amendment Agreed to (67-32)
59,motion to table gramm amdt no.249,"March 24, 1993,  01:00 PM",Motion to Table Agreed to (55-44)
60,dole amdt no.258,"March 24, 1993,  04:47 PM",Amendment Rejected (42-57)
61,kennedy amdt no.254,"March 24, 1993,  05:08 PM",Amendment Agreed to (62-37)
62,krueger amdt no.256,"March 24, 1993,  05:25 PM",Amendment Agreed to (96-3)
63,Baucus amdt. no. 257,"March 24, 1993,  05:40 PM",Amendment Agreed to (93-6)
64,sasser amdt no.262,"March 24, 1993,  08:04 PM",Amendment Agreed to (95-4)
65,motion to table nunn amdt no. 263,"March 24, 1993,  08:23 PM",Motion to Table Agreed to (51-47)
66,motion to table burns amdt no.190,"March 24, 1993,  09:26 PM",Motion to Table Agreed to (54-44)
67,motion to table craig amdt no.197,"March 24, 1993,  09:48 PM",Motion to Table Agreed to (69-29)
68,motion to table durenberger amdt no.222,"March 24, 1993,  10:05 PM",Motion to Table Agreed to (55-43)
69,motion to table stevens amdt no.234,"March 24, 1993,  10:22 PM",Motion to Table Agreed to (54-44)
70,motion to table murkowski amdt no.204,"March 24, 1993,  10:40 PM",Motion to Table Agreed to (52-46)
71,motion to table warner amdt no.193,"March 24, 1993,  10:57 PM",Motion to Table Agreed to (50-48)
72,motion to table mccain amdt no.233,"March 24, 1993,  11:17 PM",Motion to Table Agreed to (54-44)
73,motion to table thurmond amdt no.243,"March 24, 1993,  11:34 PM",Motion to Table Agreed to (55-42)
74,motion to table Kassebaum amdt. no. 227,"March 24, 1993,  11:59 PM",Motion to Table Agreed to (51-47)
75,bradley amdt no.264,"March 25, 1993,  09:31 AM",Amendment Agreed to (73-24)
76,motion to table brown amdt no.208,"March 25, 1993,  09:55 AM",Motion to Table Agreed to (53-46)
77,motion to table,"March 25, 1993,  10:13 AM",Motion to Table Agreed to (56-43)
78,motion to table cohen amdt no.200,"March 25, 1993,  10:31 AM",Motion to Table Failed (34-65)
79,motion to table gramm amdt no.246,"March 25, 1993,  10:51 AM",Motion to Table Agreed to (54-45)
80,motion to table bond amdt no.253,"March 25, 1993,  11:09 AM",Motion to Table Agreed to (57-42)
81,motion to table murkowski amdt no.205,"March 25, 1993,  11:29 AM",Motion to Table Agreed to (61-38)
82,motion to table craig amdt no.223,"March 25, 1993,  11:48 AM",Motion to Table Agreed to (57-41)
83,h.con.res.64,"March 25, 1993,  12:05 PM",Bill Passed (54-45)
84,motion to table brown amdt no.279,"March 29, 1993,  09:05 PM",Motion to Table Failed (44-48)
85,motion to reconsider vote on motion to table brown amdt no.279,"March 30, 1993,  11:00 AM",Motion to Reconsider Agreed to (52-48)
86,motion to table brown amdt no.279 upon reconsideration,"March 30, 1993,  11:46 AM",Motion to Table Agreed to (52-48)
87,motion to table nickles amdt no.284,"March 30, 1993,  06:59 PM",Motion to Table Agreed to (54-43)
88,motion to table burns amdt no. 285,"March 31, 1993,  11:40 AM",Motion to Table Agreed to (57-43)
89,motion to table gramm andt no.286,"March 31, 1993,  02:15 PM",Motion to Table Agreed to (56-44)
90,motion to waive,"March 31, 1993,  04:09 PM","Motion Rejected (52-48, 3/5 majority required)"
91,motion to table amdt. no 288,"March 31, 1993,  05:46 PM",Motion to Table Agreed to (70-30)
92,motion to table graham amdt no.289,"March 31, 1993,  07:13 PM",Motion to Table Agreed to (68-32)
93,motion to table danforth amdt no.290,"March 31, 1993,  08:45 PM",Motion to Table Agreed to (61-38)
94,conference report on h.con.res.64,"April 1, 1993,  09:45 AM",Conference Report Agreed to (55-45)
95,motion to table bond amdt no.291,"April 1, 1993,  12:00 PM",Motion to Table Agreed to (55-44)
96,motion to table nickles amdt no.292,"April 1, 1993,  03:15 PM",Motion to Table Agreed to (54-45)
97,motion to table murkowski amdt no.293,"April 1, 1993,  05:36 PM",Motion to Table Agreed to (57-43)
98,motion to table domenici amdt no.294,"April 1, 1993,  07:07 PM",Motion to Table Agreed to (51-49)
99,nomination of strobe talbott,"April 2, 1993,  04:52 PM",Nomination Confirmed (89-9)
100,motion to invoke cloture on the comm sub to h.r.1335,"April 2, 1993,  05:15 PM","Cloture Motion Rejected (55-43, 3/5 majority required)"
101,motion to invoke cloture on the comm subt to h.r.1335,"April 3, 1993,  11:44 AM","Cloture Motion Rejected (52-37, 3/5 majority required)"
102,motion to invoke cloture on comm subst to h.r.1335,"April 5, 1993,  10:31 AM","Cloture Motion Rejected (49-29, 3/5 majority required)"
103,motion to table hatfield amdt no.301,"April 20, 1993,  05:05 PM",Motion to Table Agreed to (53-45)
104,byrd amdt no.300,"April 20, 1993,  05:27 PM",Amendment Agreed to (52-46)
105,motion to invoke cloture on the committee substitute,"April 21, 1993,  10:46 AM","Cloture Motion Rejected (56-43, 3/5 majority required)"
106,motion to table roth substitute amdt no.324,"April 27, 1993,  03:31 PM",Motion to Table Agreed to (54-42)
107,motion to table specter amdt no.325,"April 28, 1993,  11:59 AM",Motion to Table Agreed to (65-33)
108,motion to table mccain amdt no.327,"April 28, 1993,  01:24 PM",Motion to Table Failed (16-79)
109,motion to table nickles amdt. no. 329,"April 29, 1993,  12:28 PM",Motion to Table Agreed to (50-48)
110,lieberman amdt no.331,"April 29, 1993,  02:04 PM",Amendment Agreed to (97-0)
111,johnston amdt no.334,"April 29, 1993,  03:26 PM",Amendment Agreed to (95-3)
112,motion to table hatch amdt no.337,"April 29, 1993,  08:06 PM",Motion to Table Agreed to (70-26)
113,motion to table baucus amdt no. 341,"May 4, 1993,  03:13 PM",Motion to Table Failed (40-54)
114,final passage s.171 as amended,"May 4, 1993,  03:36 PM",Bill Passed (79-15)
115,lautenberg amdt. no 347,"May 6, 1993,  02:17 PM",Amendment Agreed to (98-1)
116,final passage s.349 as amended,"May 6, 1993,  04:16 PM",Bill Passed (95-2)
117,Cloture motion on conference report on H.R.2,"May 11, 1993,  03:02 PM","Cloture Motion Agreed to (63-37, 3/5 majority required)"
118,conference report on H.R.2,"May 11, 1993,  04:30 PM",Conference Report Agreed to (62-36)
119,metzenbaum amdt no.356,"May 13, 1993,  12:23 PM",Amendment Agreed to (63-32)
120,motion to waive CBA,"May 13, 1993,  04:22 PM","Motion Rejected (43-53, 3/5 majority required)"
121,S.714 as amended,"May 13, 1993,  04:48 PM",Bill Passed (61-35)
122,roberta achtenberg to be an asst secretary of hud,"May 24, 1993,  04:29 PM",Nomination Confirmed (58-31)
123,wellstone andt no.370,"May 25, 1993,  03:00 PM",Amendment Rejected (13-84)
124,wellstone amdt no.373,"May 25, 1993,  06:16 PM",Amendment Agreed to (88-9)
125,"pressler amdt no.372, as modified","May 26, 1993,  02:46 PM",Amendment Agreed to (86-11)
126,motion to table boren amdt no.377,"May 26, 1993,  03:10 PM",Motion to Table Failed (48-50)
127,kerry amdt no.378,"May 26, 1993,  05:19 PM",Amendment Rejected (39-59)
128,motion to table faircloth amdt no.379,"May 26, 1993,  06:29 PM",Motion to Table Agreed to (57-39)
129,hollings amdt no.380,"May 27, 1993,  11:50 AM",Amendment Agreed to (52-43)
130,kerry amdt no.381,"May 27, 1993,  06:38 PM",Amendment Rejected (35-60)
131,graham amdt no.385,"May 27, 1993,  09:42 AM",Amendment Agreed to (47-45)
132,graham amdt no. 386,"May 27, 1993,  10:04 AM",Amendment Rejected (42-50)
133,deconcini amdt no.388,"May 28, 1993,  10:44 AM",Amendment Rejected (26-53)
134,graham amdt no. 389,"June 8, 1993,  11:30 AM",Amendment Rejected (32-60)
135,graham amdt no.390,"June 8, 1993,  11:55 AM",Amendment Rejected (16-76)
136,motion to table mcconnell amdt no.391,"June 8, 1993,  03:18 PM",Motion to Table Agreed to (46-44)
137,mccain amdt no.392,"June 8, 1993,  04:42 PM",Amendment Agreed to (85-7)
138,motion to table boren amdt no.394,"June 8, 1993,  05:56 PM",Motion to Table Failed (43-47)
139,motion to table bennett amdt no.398,"June 9, 1993,  01:44 PM",Motion to Table Agreed to (47-43)
140,motion to table mcconnell amdt no.397,"June 9, 1993,  02:06 PM",Motion to Table Agreed to (47-45)
141,motion to table bennett amdt no.399,"June 9, 1993,  03:48 PM",Motion to Table Agreed to (53-40)
142,motion to table mcconnell amdt no.400,"June 9, 1993,  05:00 PM",Motion to Table Agreed to (47-44)
143,kempthorne amdt no.402,"June 10, 1993,  10:54 AM",Amendment Agreed to (92-0)
144,mccain amdt no.401,"June 10, 1993,  11:25 AM",Amendment Rejected (44-49)
145,motion to table nickles amdt no.403,"June 10, 1993,  01:40 PM",Motion to Table Agreed to (51-42)
146,motion to invoke cloture on amdt no.366 to s.3,"June 10, 1993,  06:45 PM","Cloture Motion Rejected (53-41, 3/5 majority required)"
147,cloture motion on amdt no.366 to S.3,"June 15, 1993,  02:31 PM","Cloture Motion Rejected (52-45, 3/5 majority required)"
148,motion to table shelby amdt no.445 (as modified further),"June 16, 1993,  11:07 AM",Motion to Table Agreed to (53-44)
149,motion to table domenici-cohen amdt no.454,"June 16, 1993,  11:54 AM",Motion to Table Agreed to (53-45)
150,motion to table roth amdt no.461,"June 16, 1993,  01:07 PM",Motion to Table Agreed to (91-7)
151,motion to table gramm amdt no.462,"June 16, 1993,  01:58 PM",Motion to Table Agreed to (53-45)
152,Wellstone amdt. no. 444,"June 16, 1993,  03:51 PM",Amendment Rejected (32-67)
153,durenberger amdt no.472,"June 16, 1993,  04:48 PM",Amendment Agreed to (52-47)
154,cloture motion on amdt no.366 to s.3,"June 16, 1993,  05:15 PM","Cloture Motion Agreed to (62-37, 3/5 majority required)"
155,pell amdt no.463,"June 17, 1993,  09:28 AM",Amendment Rejected (32-66)
156,is the point of order well taken,"June 17, 1993,  01:13 PM",Point of Order Not Sustained (39-59)
157,motion to table nickles amdt no.465,"June 17, 1993,  01:35 PM",Motion to Table Agreed to (53-44)
158,"S. 3, as amended","June 17, 1993,  02:11 PM",Bill Passed (60-38)
159,Byrd amdt. 477,"June 17, 1993,  06:12 PM",Amendment Agreed to (95-0)
160,motion to waive cba re:roth amdt no.487,"June 22, 1993,  02:59 PM","Motion Rejected (39-59, 3/5 majority required)"
161,motion to table pressler amdt no.489,"June 22, 1993,  03:40 PM",Motion to Table Agreed to (73-24)
162,motion to table brown amdt no.497,"June 22, 1993,  05:44 PM",Motion to Table Failed (47-51)
163,motion to table d'amato amdt no.489,"June 22, 1993,  06:19 PM",Motion to Table Failed (34-64)
164,motion to waive,"June 23, 1993,  04:34 PM","Motion Rejected (54-44, 3/5 majority required)"
165,motion to waive C.B.A.,"June 23, 1993,  07:58 PM","Motion Rejected (43-55, 3/5 majority required)"
166,mitchell amdt no.507,"June 24, 1993,  09:34 AM",Amendment Agreed to (93-5)
167,motion to table nickles amdt no.508,"June 24, 1993,  09:54 AM",Motion to Table Agreed to (50-48)
168,motion to waive re:sasser amdt no.510,"June 24, 1993,  11:54 AM","Motion Rejected (54-43, 3/5 majority required)"
169,motion to table lott amdt no.516,"June 24, 1993,  01:23 PM",Motion to Table Agreed to (51-46)
170,kerrey amdt no.518,"June 24, 1993,  03:03 PM",Amendment Rejected (19-79)
171,motion to waive cba re:roth amdt no.525,"June 24, 1993,  04:57 PM","Motion Rejected (56-42, 3/5 majority required)"
172,deconcini amdt no.531,"June 24, 1993,  06:36 PM",Amendment Rejected (46-51)
173,motion to waive cba re:dole amdt no.536,"June 24, 1993,  07:36 PM","Motion Rejected (48-50, 3/5 majority required)"
174,motion to waive cba re:bryan amdt no.543,"June 24, 1993,  10:12 PM","Motion Rejected (52-45, 3/5 majority required)"
175,motion to waive cba re:domenici amdt no.544,"June 24, 1993,  10:37 PM","Motion Rejected (53-45, 3/5 majority required)"
176,motion to waive cba re:bradley amdt no.542,"June 24, 1993,  10:50 PM","Motion Rejected (53-45, 3/5 majority required)"
177,motion to table mcconnell amdt no.547,"June 24, 1993,  11:05 PM",Motion to Table Agreed to (55-43)
178,motion to waive cba re:graham amdt no.548,"June 24, 1993,  11:16 PM","Motion Rejected (15-83, 3/5 majority required)"
179,motion to waive Re: Danforth point of order,"June 24, 1993,  11:30 PM","Motion Rejected (38-60, 3/5 majority required)"
180,motion to waive,"June 24, 1993,  11:43 PM","Motion Rejected (20-78, 3/5 majority required)"
181,brown amdt. 549,"June 24, 1993,  11:58 PM",Amendment Agreed to (66-32)
182,motion to waive cba re:bumpers amdt no.545,"June 25, 1993,  12:13 AM","Motion Agreed to (69-29, 3/5 majority required)"
183,motion to waive cba re:deconcini amdt no.555,"June 25, 1993,  12:29 AM","Motion Rejected (55-43, 3/5 majority required)"
184,motion to table mccain amdt no.519,"June 25, 1993,  12:42 AM",Motion to Table Agreed to (57-41)
185,motion to waive cba re:gramm amdt no.557,"June 25, 1993,  01:03 AM","Motion Rejected (43-55, 3/5 majority required)"
186,motion to waive cba re:burns amdt no.558,"June 25, 1993,  01:22 AM","Motion Rejected (46-52, 3/5 majority required)"
187,motion to table pressler amdt no.526,"June 25, 1993,  01:49 AM",Motion to Table Failed (0-98)
188,motion to waive cba re:hutchison smdt no.513,"June 25, 1993,  02:17 AM","Motion Rejected (58-40, 3/5 majority required)"
189,bumpers amdt no.561,"June 25, 1993,  02:36 AM",Amendment Agreed to (59-39)
190,h.r.2264 as amended,"June 25, 1993,  02:58 AM","Bill Passed (49-49, Vice President voted Yea)"
191,ashton b. carter to be assistant secretary of defense,"June 29, 1993,  05:58 PM",Nomination Confirmed (76-18)
192,final passage h.r.1876,"June 30, 1993,  06:36 PM",Bill Passed (76-16)
193,roth amdt no.563,"July 14, 1993,  10:31 AM",Amendment Agreed to (88-7)
194,Roth amdt. no. 565,"July 14, 1993,  02:00 PM",Amendment Agreed to (92-4)
195,motion to table roth amdt no.566,"July 14, 1993,  02:21 PM",Motion to Table Agreed to (62-34)
196,motion to table mccain amdt no. 567,"July 14, 1993,  03:30 PM",Motion to Table Agreed to (62-33)
197,Motion to table Dominici Amdt. No.597,"July 20, 1993,  02:18 PM",Motion to Table Agreed to (56-43)
198,motion to table roth amdt no.600,"July 20, 1993,  02:39 PM",Motion to Table Agreed to (51-48)
199,motion to table roth amdt no.602,"July 20, 1993,  02:51 PM",Motion to Table Failed (43-56)
200,motion to table kassebaum amdt no.601,"July 20, 1993,  03:07 PM",Motion to Table Agreed to (58-41)
201,h.r.20 as amended,"July 20, 1993,  03:20 PM",Bill Passed (68-31)
202,Kassebaum Amdt. No. 603,"July 21, 1993,  03:14 PM",Amendment Rejected (38-59)
203,motion to table amdt no.607,"July 21, 1993,  06:12 PM",Motion to Table Agreed to (56-42)
204,coverdell amdt no.604,"July 21, 1993,  06:37 PM",Amendment Rejected (46-53)
205,Motion to table Dominici amdt. no. 608,"July 22, 1993,  11:25 AM",Motion to Table Agreed to (55-44)
206,motion to table Helms amdt. no. 610,"July 22, 1993,  01:56 PM",Motion to Table Failed (48-52)
207,motion to reconsider roll call vote no.206,"July 22, 1993,  04:20 PM",Motion to Reconsider Agreed to (76-24)
208,Upon reconsideration motion to table Helms amdt. no. 610,"July 22, 1993,  04:42 PM",Motion to Table Agreed to (75-25)
209,Motion to table Craig amdt. no. 611.,"July 22, 1993,  05:59 PM",Motion to Table Agreed to (64-35)
210,Kassebaum Amdt. No. 612,"July 22, 1993,  07:39 PM",Amendment Rejected (42-57)
211,Motion to table Mack amdt. no. 629.,"July 23, 1993,  10:02 AM",Motion to Table Agreed to (48-47)
212,H.R. 2348,"July 23, 1993,  11:14 AM",Bill Passed (85-7)
213,motion to table reid amdt. no. 636,"July 27, 1993,  10:03 AM",Motion to Table Failed (43-57)
214,motion to table bryan amdt. no. 662,"July 27, 1993,  10:28 AM",Motion to Table Agreed to (70-30)
215,motion to table motion to recommit H.R. 2493,"July 27, 1993,  10:45 AM",Motion to Table Motion to Recommit Agreed to (63-36)
216,"H.R. 2493, as amended","July 27, 1993,  10:59 AM",Bill Passed (90-10)
217,"committee amdt. on page 36, lines 8-19.","July 27, 1993,  03:08 PM",Amendment Rejected (43-55)
218,Motion to table Gregg amdt. no. 693,"July 27, 1993,  03:50 PM",Motion to Table Failed (38-61)
219,Passage H.R. 2492,"July 27, 1993,  04:29 PM",Bill Passed (70-29)
220,Motion to table Kerrey amdt. no. 697.,"July 27, 1993,  05:52 PM",Motion to Table Agreed to (92-7)
221,"Is the D'Amato amdt. no. 698, as mod., germane","July 28, 1993,  01:30 PM",Amendment Germane (75-25)
222,Helms amdt. no. 703,"July 28, 1993,  02:32 PM",Amendment Agreed to (77-23)
223,"motion to table Committee Amdt., page 83, lines 12-16","July 28, 1993,  08:02 PM",Motion to Table Failed (23-74)
224,Cloture motion on Kennedy amdt. no. 709 to S.919.,"July 29, 1993,  12:17 PM","Cloture Motion Rejected (59-41, 3/5 majority required)"
225,"h.r.2519, as amended","July 29, 1993,  03:30 PM",Bill Passed (87-13)
226,Motion to table McCain amdt. no. 738.,"July 29, 1993,  07:06 PM",Motion to Table Agreed to (65-34)
227,Is the Simon amdt. no. 739 germaine,"July 30, 1993,  11:07 AM",Amendment Not Germane (30-68)
228,Specter amdt. no. 740,"July 30, 1993,  02:02 PM",Amendment Rejected (41-52)
229,Motion to table Biden amdt. no. 743,"July 30, 1993,  04:19 PM",Motion to Table Failed (35-53)
230,Motion to table Brown amdt. no. 722,"July 30, 1993,  04:44 PM",Motion to Table Agreed to (55-31)
231,"Passage H.R. 2010, as amended","August 3, 1993,  10:01 AM",Bill Passed (58-41)
232,ruth bader ginsburg to be an associate justice,"August 3, 1993,  10:25 AM",Nomination Confirmed (96-3)
233,Nomination - Thomas W. Payzant,"August 3, 1993,  10:36 AM",Nomination Confirmed (72-27)
234,nomination - sheldon hackney,"August 3, 1993,  10:49 AM",Nomination Confirmed (76-23)
235,is the nickles amdt no.749 germane?,"August 3, 1993,  02:46 PM",Amendment Not Germane (48-51)
236,"passage h.r.2403, as amended","August 3, 1993,  05:10 PM",Bill Passed (73-27)
237,"motion to table: is harkin amdt. no. 756, germane","August 4, 1993,  11:29 AM",Motion to Table Failed (50-50)
238,is the harkin amdt no. 756 germane?,"August 4, 1993,  12:04 PM",Amendment Not Germane (46-54)
239,Byrd amdt. no. 759,"August 4, 1993,  02:42 PM",Amendment Agreed to (86-14)
240,Harkin amdt. no. 758,"August 4, 1993,  03:47 PM",Amendment Agreed to (68-32)
241,motion to table,"August 4, 1993,  05:47 PM",Motion to Table Agreed to (54-45)
242,motion to table quest. of germaneness re:durenberger amdt no.763,"August 4, 1993,  07:03 PM",Motion to Table Agreed to (68-31)
243,Motion to waive budget act re: sp764,"August 4, 1993,  07:54 PM","Motion Rejected (35-64, 3/5 majority required)"
244,"Is the constitutional point of order, well taken","August 6, 1993,  02:00 PM",Point of Order Not Sustained (44-56)
245,Is the appeal well taken,"August 6, 1993,  03:30 PM","Decision of Chair Sustained (43-57, 3/5 majority required)"
246,is the appeal well-taken?,"August 6, 1993,  05:16 PM","Decision of Chair Sustained (43-57, 3/5 majority required)"
247,conference report to accompany h.r.2264,"August 6, 1993,  09:47 PM","Conference Report Agreed to (50-50, Vice President voted Yea)"
248,Joycelyn Elders to be Surgeon General,"September 7, 1993,  06:47 PM",Nomination Confirmed (65-34)
249,Conference Report: H.R. 2010,"September 8, 1993,  04:32 PM",Conference Report Agreed to (57-40)
250,Boxer amdt no. 783,"September 9, 1993,  12:45 PM",Amendment Rejected (33-63)
251,Sasser Amdt. No. 785,"September 9, 1993,  05:52 PM",Amendment Agreed to (50-48)
252,byrd amdt no.790,"September 9, 1993,  08:43 PM",Amendment Agreed to (90-7)
253,motion to table,"September 9, 1993,  10:35 PM",Motion to Table Agreed to (61-32)
254,Feinstein Amdt. No. 816,"September 10, 1993,  01:17 PM",Amendment Rejected (18-79)
255,Motion to table Reid Amdt. No. 815,"September 10, 1993,  01:38 PM",Motion to Table Agreed to (67-28)
256,motion to table exon amdt no. 818,"September 10, 1993,  02:55 PM",Motion to Table Failed (31-62)
257,nunn amdt no.820,"September 10, 1993,  04:48 PM",Amendment Agreed to (74-15)
258,leahy amdt no.821,"September 14, 1993,  02:30 PM",Amendment Agreed to (100-0)
259,grassley amdt no.840,"September 14, 1993,  02:51 PM",Motion to Table Agreed to (57-43)
260,Shelby Amdt. No. 851,"September 14, 1993,  03:06 PM",Amendment Agreed to (90-10)
261,harkin amdt no. 829,"September 14, 1993,  03:19 PM",Amendment Rejected (40-60)
262,Motion to Table Bingaman Amdt. No. 850,"September 14, 1993,  03:31 PM",Motion to Table Agreed to (63-37)
263,Motion to Table Domenici Amdt. No. 853,"September 14, 1993,  03:48 PM",Motion to Table Agreed to (66-33)
264,motion to table Simon amdt. no. 856,"September 14, 1993,  04:05 PM",Motion to Table Agreed to (63-34)
265,Final passage,"September 14, 1993,  04:21 PM",Bill Passed (92-7)
266,domenici amdt no.891,"September 14, 1993,  06:39 PM",Amendment Agreed to (59-40)
267,Motion to Table Bradley Amdt. No. 892,"September 14, 1993,  09:53 PM",Motion to Table Agreed to (81-17)
268,Helms Amdt. No. 893,"September 14, 1993,  10:27 PM",Amendment Rejected (15-83)
269,Motion to Table the Helms Amdt. No. 900,"September 15, 1993,  12:41 PM",Motion to Table Agreed to (57-39)
270,Motion to Table Helms Amdt. No. 899,"September 15, 1993,  01:04 PM",Motion to Table Agreed to (65-30)
271,s.j.res.114 final passage,"September 20, 1993,  06:09 PM",Joint Resolution Defeated (12-83)
272,motion to table bumpers amdt no. 905,"September 21, 1993,  05:01 PM",Motion to Table Agreed to (59-40)
273,motion to table bradley amdt no.907,"September 21, 1993,  06:33 PM",Motion to Table Agreed to (58-41)
274,motion to table warner amdt no.908,"September 21, 1993,  07:59 PM",Motion to Table Agreed to (55-39)
275,motion to table bumpers amdt no. 910,"September 22, 1993,  12:14 PM",Motion to Table Agreed to (53-47)
276,Motion to Table Bryan Amdt. No. 911,"September 22, 1993,  12:36 PM",Motion to Table Failed (23-77)
277,motion to table nickles amdt no. 913,"September 22, 1993,  12:50 PM",Motion to Table Failed (45-55)
278,Motion to Table Simon Amdt. No. 914,"September 22, 1993,  01:03 PM",Motion to Table Failed (31-68)
279,Brown Amdt. No. 915,"September 22, 1993,  01:43 PM",Amendment Rejected (48-51)
280,motion to table murkowski amdt no.916,"September 22, 1993,  03:13 PM",Motion to Table Agreed to (73-27)
281,H.R.2491,"September 22, 1993,  03:51 PM",Bill Passed (91-9)
282,helms amdt no.931 as modified,"September 23, 1993,  10:34 AM",Amendment Agreed to (92-4)
283,byrd amdt no.945,"September 23, 1993,  11:18 AM",Amendment Agreed to (97-1)
284,Motion to Table Brown Amdt. No. 949,"September 23, 1993,  03:23 PM",Motion to Table Agreed to (55-44)
285,Motion to Table Smith Amdt. No. 950,"September 23, 1993,  03:46 PM",Motion to Table Agreed to (64-35)
286,Kerrey Amdt. No. 954,"September 23, 1993,  04:00 PM",Amendment Agreed to (99-0)
287,H.R.2295 as Amended,"September 23, 1993,  04:32 PM",Bill Passed (88-10)
288,Motion to Table Bryan Amdt. No. 961,"September 23, 1993,  06:24 PM",Motion to Table Failed (41-56)
289,"Committee amdt. on page 19, lines 12-15","September 28, 1993,  02:38 PM",Amendment Agreed to (60-39)
290,"Committee amdt. on page 74, lines 20-25","September 28, 1993,  02:59 PM",Amendment Rejected (40-59)
291,Lautenberg amdt. no. 971,"September 28, 1993,  04:37 PM",Amendment Agreed to (95-3)
292,McCain amdt. no. 974,"September 28, 1993,  06:51 PM",Amendment Rejected (25-72)
293,d'amato amdt no.975,"September 29, 1993,  12:50 PM",Amendment Agreed to (97-0)
294,helms amdt no. 976,"September 29, 1993,  01:12 PM",Amendment Agreed to (94-4)
295,H.R.2518 as amended,"September 29, 1993,  01:24 PM",Bill Passed (82-17)
296,motion to table bumpers amdt no.983,"September 30, 1993,  10:46 AM",Motion to Table Agreed to (57-42)
297,Conference Report on H.R.2295,"September 30, 1993,  11:08 AM",Conference Report Agreed to (88-11)
298,Motion to Table Kerry Amdt. No. 987,"September 30, 1993,  03:01 PM",Motion to Table Agreed to (53-45)
299,motion to table,"September 30, 1993,  06:03 PM",Motion to Table Failed (41-58)
300,Motion to Table Bradley Amdt. No. 990,"September 30, 1993,  06:25 PM",Motion to Table Agreed to (81-18)
301,"Passage H.R.2445, as amended","September 30, 1993,  06:55 PM",Bill Passed (89-10)
302,Motion to Table Danforth Amdt. No. 1010 (as modified),"October 4, 1993,  05:14 PM",Motion to Table Agreed to (52-39)
303,Motion to Waive C.B.A. re: Warner Amdt. No. 1015,"October 5, 1993,  11:15 AM","Motion Rejected (35-63, 3/5 majority required)"
304,Motion to Table Brown Amdt. No. 1019,"October 5, 1993,  03:27 PM",Motion to Table Agreed to (50-49)
305,motion to table burns amdt no. 1018,"October 5, 1993,  03:50 PM",Motion to Table Agreed to (69-30)
306,final passage,"October 6, 1993,  12:21 PM",Bill Passed (90-9)
307,Motion to Invoke Cloture re: Nomination of Walter Dellinger,"October 7, 1993,  03:00 PM","Cloture Motion Rejected (59-39, 3/5 majority required)"
308,nomination - walter dellinger,"October 13, 1993,  02:15 PM",Nomination Confirmed (65-34)
309,Inouye Amdt. No. 1028,"October 14, 1993,  11:02 AM",Amendment Agreed to (63-34)
310,Motion to Table McCain Amdt. No. 1031,"October 14, 1993,  02:42 PM",Motion to Table Agreed to (52-47)
311,Motion to Table Sasser Amdt. No. 1036,"October 14, 1993,  05:03 PM",Motion to Table Agreed to (54-42)
312,motion to table bumpers amdt no.1041,"October 14, 1993,  07:00 PM",Motion to Table Agreed to (64-35)
313,Motion To Table McCain Amdt. No. 1043,"October 15, 1993,  12:29 AM",Motion to Table Agreed to (61-38)
314,Byrd Amdt. No. 1042,"October 15, 1993,  12:47 AM",Amendment Agreed to (76-23)
315,Conference Report on H.R.2518,"October 18, 1993,  07:34 PM",Conference Report Agreed to (80-15)
316,Conference Report on H.R.2446,"October 19, 1993,  09:45 AM",Conference Report Agreed to (94-5)
317,Nickles Amdt. No.1051,"October 19, 1993,  07:47 PM",Amendment Rejected (33-65)
318,nunn amdt no.1069,"October 19, 1993,  08:08 PM",Amendment Agreed to (96-2)
319,motion to table,"October 20, 1993,  10:36 AM",Motion to Table Agreed to (80-20)
320,mitchell amdt no.1073,"October 20, 1993,  07:07 PM",Amendment Agreed to (99-1)
321,Helms Amdt. No. 1072 (as modified),"October 21, 1993,  11:41 AM",Amendment Rejected (19-81)
322,Dole Amdt. No. 1074,"October 21, 1993,  12:02 PM",Amendment Agreed to (98-2)
323,Conference Report on H.R.2519,"October 21, 1993,  12:20 PM",Conference Report Agreed to (90-10)
324,Motin to Table Grassley Amdt. No. 1076,"October 21, 1993,  04:17 PM",Motion to Table Agreed to (67-30)
325,motino to table lautenberg amdt no. 1079,"October 21, 1993,  06:57 PM",Motion to Table Agreed to (67-30)
326,Cloture Motion on Conference Report on H.R.2520,"October 21, 1993,  10:34 PM","Cloture Motion Rejected (53-41, 3/5 majority required)"
327,motion to waive CBA re: Hutchison amdt no. 1081,"October 26, 1993,  11:54 AM","Motion Rejected (50-44, 3/5 majority required)"
328,motion to waive CBA re: h.r.3167,"October 26, 1993,  02:30 PM","Motion Rejected (59-38, 3/5 majority required)"
329,motion to invoke cloture re: conference report to H.R.2520,"October 26, 1993,  03:49 PM","Cloture Motion Rejected (51-45, 3/5 majority required)"
330,reid amdt no. 1083,"October 27, 1993,  10:01 AM",Amendment Rejected (41-58)
331,final passage,"October 27, 1993,  10:25 AM",Bill Passed (97-3)
332,s.j.res.19 passage,"October 27, 1993,  02:34 PM",Joint Resolution Passed (65-34)
333,conference report to H.R. 2445,"October 27, 1993,  02:56 PM",Conference Report Agreed to (89-11)
334,upon reconsideration motion to waive c.b.a.,"October 27, 1993,  03:50 PM","Motion Agreed to (61-39, 3/5 majority required)"
335,"Motion to Waive C.B.A., etc. RE: Amdt. No. 1084","October 27, 1993,  05:45 PM","Motion Rejected (36-61, 3/5 majority required)"
336,brown amdt no. 1086,"October 27, 1993,  09:02 PM",Amendment Agreed to (52-43)
337,motion to table C.B.A. gramm amdt no. 1087,"October 27, 1993,  09:24 PM","Motion Rejected (58-39, 3/5 majority required)"
338,motion to waive C.B.A. mccain amdt no. 1088,"October 27, 1993,  09:46 PM","Motion Rejected (46-51, 3/5 majority required)"
339,Nickles Amdt. No. 1089,"October 28, 1993,  12:01 PM",Amendment Rejected (40-56)
340,Motion to Invoke Cloture on Conference Report on H.R.2520,"October 28, 1993,  12:56 PM","Cloture Motion Rejected (54-44, 3/5 majority required)"
341,Gramm Amdt. No. 1090,"October 28, 1993,  03:03 PM",Amendment Agreed to (82-14)
342,Final Passage H.R.3167,"October 28, 1993,  03:28 PM",Bill Passed (76-20)
343,motion to instruct sgt-at-arms to request attendance,"November 1, 1993,  12:01 PM",Motion for Attendance Agreed to (90-0)
344,motion to instruct sgt-at-arms to request attendance,"November 1, 1993,  03:12 PM",Motion for Attendance Agreed to (93-0)
345,Motion to Instruct Sgt-At-Arms to Request Attendance,"November 2, 1993,  10:05 AM",Motion for Attendance Agreed to (97-1)
346,Motion to Instruct Sgt-At-Arms to Request Attendance,"November 2, 1993,  02:17 PM",Motion for Attendance Agreed to (99-0)
347,Simpson Amdt. No. 1094,"November 2, 1993,  09:32 PM",Amendment Rejected (23-77)
348,s.res.153,"November 2, 1993,  09:53 PM",Resolution Agreed to (94-6)
349,"Motions to Invoke Cloture on Exec. Nos. 411, 413, 414, 415, and 420","November 3, 1993,  11:10 AM","Cloture Motion Rejected (58-42, 3/5 majority required)"
350,roth amdt no. 1098,"November 4, 1993,  05:14 PM",Amendment Agreed to (100-0)
351,Feinstein Amdt. No. 1097 (As Amended),"November 4, 1993,  06:15 PM",Amendment Agreed to (95-4)
352,Byrd Amdt. No. 1103 (as modified),"November 4, 1993,  11:01 PM",Amendment Agreed to (94-4)
353,Dole amendment no. 1105,"November 5, 1993,  09:00 AM",Amendment Agreed to (75-19)
354,motion to table graham amdt no. 1114,"November 5, 1993,  12:50 PM",Motion to Table Agreed to (64-29)
355,"Exon Amdt. No. 1109, as modified","November 5, 1993,  03:13 PM",Amendment Agreed to (85-2)
356,moseley-braun amendment no. 1117,"November 5, 1993,  03:57 PM",Amendment Agreed to (64-23)
357,lott amdt no. 1126,"November 8, 1993,  02:32 PM",Amendment Agreed to (91-1)
358,motion to table,"November 8, 1993,  06:09 PM",Motion to Table Agreed to (52-41)
359,conference report H.R. 2520,"November 9, 1993,  02:15 PM",Conference Report Agreed to (91-9)
360,dole amdt no. 1140,"November 9, 1993,  02:34 PM",Amendment Agreed to (60-38)
361,lieberman amdt no. 1141,"November 9, 1993,  02:48 PM",Amendment Agreed to (65-34)
362,d'amato amdt no. 1147,"November 9, 1993,  03:04 PM",Amendment Agreed to (58-42)
363,Kohl Amdt. No. 1148 (as modified),"November 9, 1993,  04:43 PM",Amendment Agreed to (100-0)
364,roth amdt no. 1150,"November 9, 1993,  05:41 PM",Amendment Agreed to (93-6)
365,Motion to Table Levin Amdt. No. 1151,"November 9, 1993,  09:57 PM",Motion to Table Failed (49-51)
366,motion to table metzenbaum amdt no. 1157,"November 10, 1993,  05:16 PM",Motion to Table Failed (49-51)
367,Metzenbaum Amdt. No. 1157,"November 10, 1993,  05:48 PM",Amendment Agreed to (52-48)
368,Conference Report H.R.3116,"November 10, 1993,  07:09 PM",Conference Report Agreed to (88-9)
369,kennedy amdt no.1192 (as modified),"November 16, 1993,  11:39 AM",Amendment Agreed to (56-40)
370,motion to table Kennedy amdt. no. 1195,"November 16, 1993,  03:40 PM",Motion to Table Failed (36-63)
371,motion to table kennedy amdt no. 1197,"November 16, 1993,  05:15 PM",Motion to Table Failed (35-64)
372,hatch amdt no. 1198,"November 16, 1993,  05:57 PM",Amendment Rejected (38-61)
373,s.636final passage,"November 16, 1993,  06:18 PM",Bill Passed (69-30)
374,Motion to Table S.1657,"November 17, 1993,  09:49 AM",Motion to Table Agreed to (65-34)
375,Feinstein Amdt. No. 1152,"November 17, 1993,  10:10 AM",Amendment Agreed to (56-43)
376,Motion to Table Helms Amdt. No. 1159,"November 17, 1993,  10:27 AM",Motion to Table Failed (31-68)
377,D'Amato Amdt. No. 1199,"November 17, 1993,  10:43 AM",Amendment Agreed to (74-25)
378,Smith Amdt. No. 1160,"November 17, 1993,  10:57 AM",Amendment Rejected (26-73)
379,Levin Amdt. No. 1204,"November 17, 1993,  11:12 AM",Amendment Rejected (25-74)
380,Conference Report on H.R.2401,"November 17, 1993,  02:13 PM",Conference Report Agreed to (77-22)
381,Motion to Table McCain Amdt. No. 1205,"November 17, 1993,  04:22 PM",Motion to Table Agreed to (67-31)
382,Motion to Table Cochran Amdt. No. 1206,"November 17, 1993,  06:00 PM",Motion to Table Agreed to (68-29)
383,S.24 Passage,"November 18, 1993,  09:32 AM",Bill Passed (76-21)
384,"h.r.3355 as amended, passage","November 19, 1993,  09:47 AM",Bill Passed (95-4)
385,mitchell amdt no. 1219,"November 19, 1993,  12:45 PM",Amendment Agreed to (54-45)
386,metzenbaum amdt no. 1220,"November 19, 1993,  01:56 PM",Amendment Rejected (43-56)
387,Motion to Invoke Cloture re: Mitchell Amdt. No. 1218,"November 19, 1993,  03:12 PM","Cloture Motion Rejected (57-42, 3/5 majority required)"
388,Cloture Motion Janet Ann Napolitano - U.S. Attorney of Arizona,"November 19, 1993,  04:34 PM","Cloture Motion Agreed to (72-26, 3/5 majority required)"
389,shall the decision of the chair stand (re: stevens amdt no.1221),"November 19, 1993,  06:43 PM",Decision of Chair Sustained (73-26)
390,motion to invoke cloture on Mitchell-dole amdt no.1218,"November 19, 1993,  11:00 PM","Cloture Motion Rejected (57-41, 3/5 majority required)"
391,MOTION TO RECOMMIT H.R. 3167 TO CONFERENCE,"November 20, 1993,  04:19 PM",Motion to Recommit Rejected (36-63)
392,conference report h.r. 3167,"November 20, 1993,  04:42 PM",Conference Report Agreed to (79-20)
393,conference report s.714,"November 20, 1993,  06:14 PM",Conference Report Agreed to (54-45)
394,"H.R. 1025, as amended, passage","November 20, 1993,  07:09 PM",Bill Passed (63-36)
395,H.R.3450,"November 20, 1993,  07:28 PM",Bill Passed (61-38)
