,"Confirmation Hillary Rodham Clinton, of New York, to be Secretary of State","Confirmation Timothy F. Geithner, of New York, to be Secretary of the Treasury",Motion to Invoke Cloture on S.22.,Motion to Invoke Cloture on the Motion to Proceed to S. 22,Motion to Invoke Cloture on the Motion to Proceed to S.181,"Motion to Invoke Cloture on the Nomination of Cass R. Sunstein, to be Administrator of the Office of Regulatory Affairs, Office of Management and Budget",Motion to Table DeMint Amdt. No. 31,Motion to Table Isakson Amdt. No. 37,Motion to Table Vitter Amdt. No. 34,S. 181,S.22 as Amended.,name,party
0,1,1,1,1,1,1,1,1,1,1,1,Daniel Akaka,D
1,1,0,0,2,1,0,1,0,0,0,1,Lamar Alexander,R
2,1,0,1,1,0,0,0,0,0,0,1,John Barrasso,R
3,1,1,1,1,1,1,1,1,1,1,1,Max Baucus,D
4,1,1,1,1,1,1,1,1,1,1,1,Evan Bayh,D
5,1,1,1,1,1,1,1,1,1,1,1,Mark Begich,D
6,1,1,1,1,1,1,1,1,1,1,1,Robert Bennett,R
7,1,0,2,2,1,1,0,0,0,0,2,Joseph Biden,D
8,1,1,1,1,1,1,1,1,1,1,1,Jeff Bingaman,D
9,1,2,1,2,1,0,1,0,0,0,1,Christopher Bond,R
10,1,1,1,1,1,1,1,1,1,1,1,Barbara Boxer,D
11,1,2,2,2,2,1,1,1,1,1,2,Sherrod Brown,D
12,1,0,0,0,0,0,0,0,0,0,0,Samuel Brownback,R
13,1,0,2,2,2,0,0,0,0,0,2,Jim Bunning,R
14,1,0,0,2,1,0,0,0,0,0,0,Richard Burr,R
15,1,1,1,1,1,1,1,1,1,1,1,Robert Byrd,D
16,1,0,1,1,1,1,1,1,1,1,1,Maria Cantwell,D
17,1,1,1,1,1,1,1,1,1,1,1,Benjamin Cardin,D
18,1,1,1,1,1,1,1,1,1,1,1,Thomas Carper,D
19,1,1,1,1,1,1,1,1,1,1,1,Bob Casey,D
20,1,1,0,2,0,1,1,1,1,1,0,Saxby Chambliss,R
21,2,0,1,1,1,0,0,0,0,0,1,Hillary Clinton,D
22,1,0,0,0,0,0,0,0,0,0,0,Tom Coburn,R
23,1,0,1,1,0,0,0,0,0,0,1,Thad Cochran,R
24,1,0,1,1,1,1,1,1,0,1,1,Susan Collins,R
25,1,1,2,1,1,1,1,1,1,1,1,Kent Conrad,D
26,1,1,0,0,1,0,0,0,0,0,1,Bob Corker,R
27,1,1,0,2,0,0,0,0,0,0,0,John Cornyn,R
28,1,1,1,1,0,0,0,0,0,0,1,Mike Crapo,R
29,0,0,0,0,0,0,0,0,0,0,0,James DeMint,R
30,1,1,1,1,1,1,1,1,1,1,1,Christopher Dodd,D
31,1,1,1,1,1,1,1,1,1,1,1,Byron Dorgan,D
32,1,1,1,1,1,1,1,1,1,1,1,Richard Durbin,D
33,1,1,0,2,0,0,0,0,0,0,0,John Ensign,R
34,1,0,0,1,0,0,0,0,0,0,1,Michael Enzi,R
35,1,0,0,1,1,1,1,1,1,1,1,Russ Feingold,D
36,1,1,1,1,1,1,1,1,1,1,1,Dianne Feinstein,D
37,1,1,1,2,0,1,0,0,0,0,0,Lindsey Graham,R
38,1,0,0,0,1,1,0,0,0,0,0,Charles Grassley,R
39,1,1,1,2,1,0,1,0,0,0,1,Judd Gregg,R
40,1,1,1,1,1,0,1,1,1,1,1,Kay Hagan,D
41,1,0,1,1,1,1,1,1,1,1,1,Tom Harkin,D
42,1,1,1,1,0,1,0,0,0,0,1,Orrin Hatch,R
43,1,0,0,2,1,1,0,0,0,1,0,Kay Hutchison,R
44,1,0,0,0,0,1,0,0,0,0,0,Jim Inhofe,R
45,1,1,1,1,1,0,1,1,1,1,1,Daniel Inouye,D
46,1,0,0,0,0,0,0,0,0,0,0,Johnny Isakson,R
47,1,0,0,0,0,1,1,0,0,0,0,Mike Johanns,R
48,1,1,1,1,1,0,1,1,1,1,1,Tim Johnson,D
49,1,1,2,2,2,0,1,1,1,1,2,Edward Kennedy,D
50,2,2,1,1,1,1,2,2,2,2,1,John Kerry,D
51,1,1,1,1,1,1,1,1,1,1,1,Amy Klobuchar,D
52,1,1,1,1,1,1,1,1,1,1,1,Herb Kohl,D
53,1,1,0,2,0,1,1,1,1,1,0,Jon Kyl,R
54,1,0,1,1,1,1,0,0,0,0,1,Mary Landrieu,D
55,1,1,1,1,1,0,1,1,1,1,1,Frank Lautenberg,D
56,1,1,1,1,1,1,1,1,1,1,1,Patrick Leahy,D
57,1,1,1,1,1,1,1,1,1,1,1,Carl Levin,D
58,1,1,1,1,1,1,1,1,1,1,1,Joe Lieberman,ID
59,1,1,1,1,1,1,1,1,1,1,1,Blanche Lincoln,D
60,1,1,1,1,0,1,1,1,1,1,1,Richard Lugar,R
61,1,0,1,2,1,0,0,0,0,0,1,Mel Martinez,R
62,1,0,0,0,1,1,1,0,0,0,0,John McCain,R
63,1,0,1,1,1,0,0,0,0,0,1,Claire McCaskill,D
64,1,1,0,2,1,1,1,1,1,1,0,Mitch McConnell,R
65,1,0,1,1,1,0,0,0,0,0,1,Robert Menendez,D
66,1,1,1,1,1,1,1,1,1,1,1,Jeff Merkley,D
67,1,1,1,1,1,1,1,1,1,1,1,Barbara Mikulski,D
68,1,1,1,1,1,1,1,1,1,1,1,Lisa Murkowski,R
69,1,0,1,1,1,0,1,0,1,1,1,Patty Murray,D
70,1,1,1,1,1,1,1,1,1,1,1,Bill Nelson,D
71,1,1,1,1,1,1,1,1,1,1,1,E. Nelson,D
72,1,1,1,1,1,1,1,1,1,1,1,Mark Pryor,D
73,1,1,1,1,1,0,1,1,1,1,1,John Reed,D
74,1,1,1,1,1,1,1,1,1,1,1,Harry Reid,D
75,1,1,1,1,0,1,1,1,1,1,1,James Risch,R
76,1,0,1,2,0,0,0,0,0,0,0,Pat Roberts,R
77,1,0,1,1,1,0,0,0,0,0,1,Jay Rockefeller,D
78,1,1,1,1,1,1,1,1,1,1,1,Ken Salazar,D
79,1,0,1,1,1,1,1,1,1,1,1,Bernard Sanders,I
80,1,1,1,1,1,1,1,1,1,1,1,Charles Schumer,D
81,1,0,0,0,0,0,0,0,0,0,0,Jeff Sessions,R
82,1,1,1,1,1,1,1,1,1,1,1,Jeanne Shaheen,D
83,1,1,0,0,0,0,0,0,0,0,0,Richard Shelby,R
84,1,1,1,1,1,1,1,1,0,1,1,Olympia Snowe,R
85,1,0,0,2,1,1,1,1,1,1,1,Arlen Specter,R
86,1,1,2,1,1,1,1,1,1,1,1,Debbie Stabenow,D
87,1,1,1,1,1,1,1,1,1,1,1,Jon Tester,D
88,1,0,0,0,0,0,0,0,0,0,0,John Thune,R
89,1,1,1,1,1,1,1,1,1,1,1,Mark Udall,D
90,1,1,1,1,1,1,1,1,1,1,1,Tom Udall,D
91,0,0,0,2,0,0,0,0,0,0,0,David Vitter,R
92,1,1,1,2,1,1,1,0,1,0,1,George Voinovich,R
93,1,1,1,1,1,1,1,1,1,1,1,Mark Warner,D
94,1,1,1,1,1,0,1,1,1,1,1,James Webb,D
95,1,1,1,1,1,1,1,1,1,1,1,Sheldon Whitehouse,D
96,1,0,1,1,1,0,0,0,0,0,1,Roger Wicker,R
97,1,2,1,1,1,1,1,1,1,1,1,Ron Wyden,D
